sensor,metric,granularity,old_period,new_period,old_n,new_n,old_n_eff,new_n_eff,old_mean,new_mean,mean_delta,old_std,new_std,old_min,old_max,new_min,new_max,cohens_d,std_ratio,p_welch,p_levene,mean_shift,variance_shift
IPS7100_MHC_001,pm1_0,day_to_day,2024-08-04,2024-08-05,71,288,18.0,11.1,6.1973,10.6569,4.4596,0.8321,2.4546,4.1702,8.6108,4.7086,17.077,1.9947,2.9498,9.38e-05,1.54e-03,True,True
IPS7100_MHC_001,pm1_0,day_to_day,2024-08-05,2024-08-06,288,288,11.1,30.1,10.6569,11.3802,0.7233,2.4546,1.6919,4.7086,17.077,8.1497,16.9593,0.3425,0.6893,3.82e-01,2.00e-02,False,False
IPS7100_MHC_001,pm1_0,day_to_day,2024-08-06,2024-08-07,288,288,30.1,48.0,11.3802,11.3772,-0.003,1.6919,1.4819,8.1497,16.9593,8.5522,16.3772,-0.0019,0.8759,9.94e-01,9.51e-01,False,False
IPS7100_MHC_001,pm1_0,day_to_day,2024-08-07,2024-08-08,288,288,48.0,29.4,11.3772,11.6975,0.3203,1.4819,1.7871,8.5522,16.3772,7.2776,15.8963,0.1948,1.206,4.20e-01,2.31e-01,False,False
IPS7100_MHC_001,pm1_0,day_to_day,2024-08-08,2024-08-09,288,288,29.4,4.7,11.6975,9.4586,-2.2389,1.7871,3.7439,7.2776,15.8963,2.8045,16.5138,-0.7619,2.0949,2.71e-01,1.81e-01,False,False
IPS7100_MHC_001,pm1_0,day_to_day,2024-08-09,2024-08-10,288,288,4.7,57.1,9.4586,7.6109,-1.8477,3.7439,1.1005,2.8045,16.5138,5.0479,10.3585,-0.6684,0.294,3.48e-01,7.93e-03,False,True
IPS7100_MHC_001,pm1_0,day_to_day,2024-08-10,2024-08-11,288,288,57.1,57.2,7.6109,8.4308,0.8198,1.1005,1.0935,5.0479,10.3585,5.5131,11.8202,0.746,0.9936,1.19e-04,8.98e-01,True,False
IPS7100_MHC_001,pm1_0,day_to_day,2024-08-11,2024-08-12,288,288,57.2,22.7,8.4308,7.9851,-0.4457,1.0935,1.7355,5.5131,11.8202,4.5878,13.5879,-0.3067,1.587,2.66e-01,5.67e-02,False,False
IPS7100_MHC_001,pm1_0,day_to_day,2024-08-12,2024-08-13,288,287,22.7,14.5,7.9851,6.8856,-1.0994,1.7355,1.8383,4.5878,13.5879,3.0889,11.7136,-0.614,1.0592,8.02e-02,6.04e-01,False,False
IPS7100_MHC_001,pm1_0,day_to_day,2024-08-13,2024-08-14,287,288,14.5,16.1,6.8856,4.1606,-2.7251,1.8383,1.3016,3.0889,11.7136,1.7896,7.3704,-1.7085,0.7081,9.18e-05,1.58e-01,True,False
IPS7100_MHC_001,pm1_0,day_to_day,2024-08-14,2024-08-15,288,288,16.1,90.5,4.1606,2.4637,-1.6968,1.3016,0.737,1.7896,7.3704,1.1758,9.0851,-1.6015,0.5662,9.44e-05,1.25e-06,True,True
IPS7100_MHC_001,pm1_0,day_to_day,2024-08-15,2024-08-16,288,282,90.5,38.6,2.4637,2.9705,0.5067,0.737,0.7511,1.1758,9.0851,1.3249,5.9755,0.6799,1.0192,7.53e-04,5.01e-02,True,False
IPS7100_MHC_001,pm1_0,day_to_day,2024-08-16,2024-08-17,282,288,38.6,37.2,2.9705,2.6869,-0.2835,0.7511,0.5895,1.3249,5.9755,1.4641,4.3319,-0.4197,0.7848,7.15e-02,4.67e-01,False,False
IPS7100_MHC_001,pm1_0,day_to_day,2024-08-17,2024-08-18,288,288,37.2,21.4,2.6869,2.8821,0.1952,0.5895,0.9155,1.4641,4.3319,1.475,5.552,0.253,1.5531,3.84e-01,3.29e-01,False,False
IPS7100_MHC_001,pm1_0,day_to_day,2024-08-18,2024-08-19,288,288,21.4,25.3,2.8821,4.2498,1.3677,0.9155,1.1149,1.475,5.552,1.6414,7.0474,1.3384,1.2177,3.54e-05,2.71e-01,True,False
IPS7100_MHC_001,pm1_0,day_to_day,2024-08-19,2024-08-20,288,288,25.3,5.8,4.2498,7.435,3.1853,1.1149,2.9972,1.6414,7.0474,2.9711,14.4399,1.4062,2.6883,5.16e-02,6.49e-04,False,True
IPS7100_MHC_001,pm1_0,day_to_day,2024-08-20,2024-08-21,288,288,5.8,9.3,7.435,16.0509,8.6158,2.9972,4.1582,2.9711,14.4399,6.5505,26.2898,2.373,1.3873,4.68e-04,1.85e-01,True,False
IPS7100_MHC_001,pm1_0,day_to_day,2024-08-21,2024-08-22,288,288,9.3,58.8,16.0509,15.1068,-0.9441,4.1582,1.6023,6.5505,26.2898,11.0894,19.5386,-0.2991,0.3853,5.13e-01,6.08e-07,False,True
IPS7100_MHC_001,pm1_0,day_to_day,2024-08-22,2024-08-23,288,288,58.8,4.7,15.1068,13.8181,-1.2887,1.6023,5.1891,11.0894,19.5386,5.7032,23.0906,-0.335,3.2385,6.22e-01,1.69e-03,False,True
IPS7100_MHC_001,pm1_0,day_to_day,2024-08-23,2024-08-24,288,288,4.7,14.5,13.8181,7.5291,-6.2891,5.1891,2.0267,5.7032,23.0906,3.4423,13.8565,-1.5937,0.3906,6.12e-02,1.11e-01,False,False
IPS7100_MHC_001,pm1_0,day_to_day,2024-08-24,2024-08-25,288,288,14.5,5.1,7.5291,10.4453,2.9162,2.0267,4.1235,3.4423,13.8565,4.4036,21.0606,0.896,2.0345,1.90e-01,4.75e-03,False,True
IPS7100_MHC_001,pm1_0,day_to_day,2024-08-25,2024-08-26,288,288,5.1,7.3,10.4453,10.4906,0.0454,4.1235,3.5408,4.4036,21.0606,2.9351,17.853,0.0118,0.8587,9.84e-01,3.74e-01,False,False
IPS7100_MHC_001,pm1_0,day_to_day,2024-08-26,2024-08-27,288,288,7.3,15.9,10.4906,1.6982,-8.7925,3.5408,0.6707,2.9351,17.853,0.6981,4.5714,-3.4444,0.1894,4.16e-04,2.37e-04,True,True
IPS7100_MHC_001,pm1_0,day_to_day,2024-08-27,2024-08-28,288,288,15.9,12.4,1.6982,1.5369,-0.1612,0.6707,0.6849,0.6981,4.5714,0.292,3.283,-0.2374,1.0211,5.38e-01,9.55e-01,False,False
IPS7100_MHC_001,pm1_0,day_to_day,2024-08-28,2024-08-29,288,288,12.4,21.9,1.5369,2.9366,1.3996,0.6849,1.4059,0.292,3.283,0.5325,9.5141,1.2635,2.0527,4.64e-04,1.12e-01,True,False
IPS7100_MHC_001,pm1_0,day_to_day,2024-08-29,2024-08-30,288,288,21.9,4.7,2.9366,4.4947,1.5581,1.4059,3.0596,0.5325,9.5141,0.8019,14.9258,0.6533,2.1762,3.41e-01,1.62e-01,False,False
IPS7100_MHC_001,pm1_0,day_to_day,2024-08-30,2024-08-31,288,288,4.7,20.8,4.4947,2.2678,-2.2269,3.0596,0.7022,0.8019,14.9258,0.8817,4.3458,-1.0015,0.2295,1.96e-01,2.26e-02,False,False
IPS7100_MHC_001,pm1_0,day_to_day,2024-08-31,2024-09-01,288,288,20.8,5.2,2.2678,2.1358,-0.132,0.7022,1.7122,0.8817,4.3458,0.3718,10.3709,-0.1007,2.4383,8.70e-01,4.63e-02,False,False
IPS7100_MHC_001,pm1_0,day_to_day,2024-09-01,2024-09-02,288,288,5.2,14.9,2.1358,1.0325,-1.1033,1.7122,0.4485,0.3718,10.3709,0.2878,2.1847,-0.8801,0.2619,2.12e-01,1.82e-03,False,True
IPS7100_MHC_001,pm1_0,day_to_day,2024-09-02,2024-09-03,288,288,14.9,6.1,1.0325,6.2405,5.208,0.4485,2.5661,0.2878,2.1847,1.2189,11.3485,2.8225,5.7217,3.60e-03,3.84e-02,True,False
IPS7100_MHC_001,pm1_0,day_to_day,2024-09-03,2024-09-04,288,288,6.1,19.5,6.2405,7.1145,0.874,2.5661,1.7744,1.2189,11.3485,3.8212,12.895,0.3955,0.6915,4.59e-01,8.08e-01,False,False
IPS7100_MHC_001,pm1_0,day_to_day,2024-09-04,2024-09-05,288,288,19.5,4.9,7.1145,8.1651,1.0506,1.7744,3.5751,3.8212,12.895,3.6624,18.5186,0.3716,2.0149,5.59e-01,6.92e-02,False,False
IPS7100_MHC_001,pm1_0,day_to_day,2024-09-05,2024-09-06,288,288,4.9,13.4,8.1651,4.6722,-3.4929,3.5751,1.7105,3.6624,18.5186,1.4146,8.6188,-1.2442,0.4784,9.74e-02,4.36e-02,False,False
IPS7100_MHC_001,pm1_0,day_to_day,2024-09-06,2024-09-07,288,288,13.4,11.0,4.6722,4.1801,-0.4922,1.7105,1.7417,1.4146,8.6188,1.6021,8.7189,-0.2846,1.0182,4.92e-01,8.15e-01,False,False
IPS7100_MHC_001,pm1_0,day_to_day,2024-09-07,2024-09-08,288,288,11.0,5.9,4.1801,1.6688,-2.5113,1.7417,1.071,1.6021,8.7189,0.3631,4.6763,-1.7339,0.6149,2.49e-03,2.48e-01,True,False
IPS7100_MHC_001,pm1_0,day_to_day,2024-09-08,2024-09-09,288,288,5.9,2.9,1.6688,3.7611,2.0923,1.071,3.3797,0.3631,4.6763,0.2836,15.1344,0.8331,3.1556,1.00e+00,1.00e+00,False,False
IPS7100_MHC_001,pm1_0,day_to_day,2024-09-09,2024-09-10,288,288,2.9,26.9,3.7611,3.6614,-0.0997,3.3797,0.9736,0.2836,15.1344,1.8152,7.7701,-0.04,0.2881,1.00e+00,1.00e+00,False,False
IPS7100_MHC_001,pm1_0,day_to_day,2024-09-10,2024-09-11,288,288,26.9,10.1,3.6614,2.8931,-0.7683,0.9736,1.4324,1.8152,7.7701,0.2105,6.3342,-0.6263,1.4713,1.42e-01,6.78e-01,False,False
IPS7100_MHC_001,pm1_0,day_to_day,2024-09-11,2024-09-12,288,288,10.1,4.0,2.8931,1.8212,-1.0719,1.4324,1.5148,0.2105,6.3342,0.1223,5.9822,-0.7259,1.0575,2.79e-01,8.23e-01,False,False
IPS7100_MHC_001,pm1_0,day_to_day,2024-09-12,2024-09-13,288,288,4.0,4.8,1.8212,3.3959,1.5747,1.5148,2.0215,0.1223,5.9822,0.9721,8.4074,0.8801,1.3345,2.31e-01,7.46e-01,False,False
IPS7100_MHC_001,pm1_0,day_to_day,2024-09-13,2024-09-14,288,223,4.8,6.3,3.3959,5.5536,2.1577,2.0215,2.3939,0.9721,8.4074,1.7211,11.6363,0.9825,1.1842,1.38e-01,8.78e-01,False,False
IPS7100_MHC_001,pm1_0,day_to_day,2024-09-14,2024-09-15,223,288,6.3,3.3,5.5536,3.2472,-2.3064,2.3939,2.2504,1.7211,11.6363,0.4026,9.5785,-0.9947,0.94,1.99e-01,9.99e-01,False,False
IPS7100_MHC_001,pm1_0,day_to_day,2024-09-15,2024-09-16,288,227,3.3,10.7,3.2472,0.8712,-2.376,2.2504,0.9244,0.4026,9.5785,0.2531,8.4597,-1.3239,0.4108,1.73e-01,2.01e-01,False,False
IPS7100_MHC_001,pm1_0,day_to_day,2024-09-16,2024-09-18,227,103,10.7,4.5,0.8712,4.1727,3.3016,0.9244,1.4001,0.2531,8.4597,2.2883,9.0806,3.0053,1.5146,6.55e-03,3.18e-01,True,False
IPS7100_MHC_001,pm1_0,day_to_day,2024-09-18,2024-09-19,103,288,4.5,13.3,4.1727,3.6884,-0.4844,1.4001,1.5502,2.2883,9.0806,0.9777,6.8939,-0.3195,1.1073,5.59e-01,6.84e-01,False,False
IPS7100_MHC_001,pm1_0,day_to_day,2024-09-19,2024-09-20,288,288,13.3,21.6,3.6884,3.1554,-0.5329,1.5502,0.9611,0.9777,6.8939,1.4091,5.3542,-0.4125,0.62,2.74e-01,3.32e-04,False,True
IPS7100_MHC_001,pm1_0,day_to_day,2024-09-20,2024-09-21,288,288,21.6,22.1,3.1554,4.0318,0.8763,0.9611,0.9945,1.4091,5.3542,2.0456,6.304,0.8946,1.0348,5.10e-03,9.21e-01,True,False
IPS7100_MHC_001,pm1_0,day_to_day,2024-09-21,2024-09-22,288,288,22.1,7.0,4.0318,3.8978,-0.134,0.9945,1.7923,2.0456,6.304,1.2416,7.503,-0.0923,1.8022,8.56e-01,2.33e-01,False,False
IPS7100_MHC_001,pm1_0,day_to_day,2024-09-22,2024-09-23,288,287,7.0,6.6,3.8978,2.375,-1.5228,1.7923,1.5394,1.2416,7.503,0.279,6.8018,-0.9098,0.8589,1.20e-01,6.53e-01,False,False
IPS7100_MHC_001,pm1_0,day_to_day,2024-09-23,2024-09-24,287,259,6.6,26.5,2.375,3.1591,0.7841,1.5394,1.7844,0.279,6.8018,1.1547,14.5159,0.4715,1.1591,2.84e-01,6.41e-01,False,False
IPS7100_MHC_001,pm1_0,day_to_day,2024-09-24,2024-09-25,259,288,26.5,3.2,3.1591,2.5178,-0.6413,1.7844,1.9671,1.1547,14.5159,0.324,7.4532,-0.34,1.1024,6.23e-01,7.98e-01,False,False
IPS7100_MHC_001,pm1_0,day_to_day,2024-09-25,2024-09-26,288,288,3.2,17.7,2.5178,1.1253,-1.3924,1.9671,0.4952,0.324,7.4532,0.4318,3.004,-0.9691,0.2517,3.26e-01,4.18e-02,False,False
IPS7100_MHC_001,pm1_0,day_to_day,2024-09-26,2024-09-27,288,288,17.7,41.3,1.1253,1.1113,-0.014,0.4952,0.3173,0.4318,3.004,0.5905,2.0722,-0.0337,0.6408,9.14e-01,4.81e-02,False,False
IPS7100_MHC_001,pm1_0,day_to_day,2024-09-27,2024-09-28,288,288,41.3,102.1,1.1113,1.1707,0.0594,0.3173,0.2358,0.5905,2.0722,0.6771,1.9641,0.2123,0.7432,2.82e-01,5.90e-02,False,False
IPS7100_MHC_001,pm1_0,day_to_day,2024-09-28,2024-09-29,288,288,102.1,31.6,1.1707,1.0768,-0.094,0.2358,0.3426,0.6771,1.9641,0.412,2.0525,-0.3189,1.4529,1.58e-01,7.35e-03,False,False
IPS7100_MHC_001,pm1_0,day_to_day,2024-09-29,2024-09-30,288,288,31.6,20.8,1.0768,1.4669,0.3902,0.3426,0.5166,0.412,2.0525,0.6051,3.4734,0.8886,1.5076,4.91e-03,1.74e-02,True,False
IPS7100_MHC_001,pm1_0,day_to_day,2024-09-30,2024-10-01,288,288,20.8,8.7,1.4669,2.7771,1.3101,0.5166,1.674,0.6051,3.4734,0.5697,8.1899,1.0558,3.2406,5.28e-02,1.14e-03,False,True
IPS7100_MHC_001,pm1_0,day_to_day,2024-10-01,2024-10-02,288,288,8.7,30.8,2.7771,2.1383,-0.6388,1.674,0.6244,0.5697,8.1899,1.0341,3.9503,-0.5047,0.373,3.02e-01,3.62e-04,False,True
IPS7100_MHC_001,pm1_0,day_to_day,2024-10-02,2024-10-03,288,288,30.8,13.1,2.1383,3.5743,1.436,0.6244,1.1444,1.0341,3.9503,1.9515,7.1252,1.5551,1.8329,6.45e-04,9.63e-02,True,False
IPS7100_MHC_001,pm1_0,day_to_day,2024-10-03,2024-10-04,288,288,13.1,19.2,3.5743,4.2095,0.6352,1.1444,1.1891,1.9515,7.1252,2.34,7.5006,0.5434,1.0391,1.40e-01,7.80e-01,False,False
IPS7100_MHC_001,pm1_0,day_to_day,2024-10-04,2024-10-05,288,288,19.2,15.0,4.2095,4.4749,0.2653,1.1891,1.4468,2.34,7.5006,1.6416,8.2551,0.2,1.2167,5.70e-01,2.13e-01,False,False
IPS7100_MHC_001,pm1_0,day_to_day,2024-10-05,2024-10-06,288,288,15.0,8.6,4.4749,2.7702,-1.7047,1.4468,1.2733,1.6416,8.2551,0.7434,5.7817,-1.2487,0.8801,8.34e-03,6.94e-01,True,False
IPS7100_MHC_001,pm1_0,day_to_day,2024-10-06,2024-10-07,288,288,8.6,18.1,2.7702,4.3981,1.628,1.2733,1.152,0.7434,5.7817,1.2929,6.8975,1.3385,0.9047,6.97e-03,7.84e-01,True,False
IPS7100_MHC_001,pm1_0,day_to_day,2024-10-07,2024-10-08,288,288,18.1,6.5,4.3981,4.0802,-0.3179,1.152,1.8407,1.2929,6.8975,1.83,8.827,-0.2067,1.5978,6.94e-01,2.29e-01,False,False
IPS7100_MHC_001,pm1_0,day_to_day,2024-10-08,2024-10-09,288,288,6.5,11.7,4.0802,3.339,-0.7412,1.8407,1.3721,1.83,8.827,1.7871,11.3681,-0.4558,0.7454,3.95e-01,4.49e-01,False,False
IPS7100_MHC_001,pm1_0,day_to_day,2024-10-09,2024-10-10,288,288,11.7,51.9,3.339,3.0808,-0.2582,1.3721,0.5759,1.7871,11.3681,1.6268,5.5079,-0.245,0.4197,5.40e-01,2.60e-03,False,True
IPS7100_MHC_001,pm1_0,day_to_day,2024-10-10,2024-10-11,288,288,51.9,31.4,3.0808,3.1873,0.1065,0.5759,1.452,1.6268,5.5079,1.5488,17.4649,0.0962,2.5212,6.97e-01,1.20e-03,False,True
IPS7100_MHC_001,pm1_0,day_to_day,2024-10-11,2024-10-12,288,288,31.4,36.3,3.1873,4.6279,1.4407,1.452,0.9508,1.5488,17.4649,2.8416,8.3627,1.1718,0.6548,1.73e-05,8.83e-01,True,False
IPS7100_MHC_001,pm1_0,day_to_day,2024-10-12,2024-10-13,288,288,36.3,46.7,4.6279,5.8018,1.1738,0.9508,0.924,2.8416,8.3627,3.7298,8.5197,1.2499,0.9717,2.88e-07,9.77e-01,True,False
IPS7100_MHC_001,pm1_0,day_to_day,2024-10-13,2024-10-14,288,288,46.7,9.4,5.8018,3.1988,-2.603,0.924,1.7659,3.7298,8.5197,1.1252,10.9046,-1.8439,1.9112,1.58e-03,4.92e-02,True,False
IPS7100_MHC_001,pm1_0,day_to_day,2024-10-14,2024-10-15,288,288,9.4,4.4,3.1988,5.8419,2.6431,1.7659,2.7757,1.1252,10.9046,2.3493,12.9521,1.1342,1.5718,1.32e-01,1.86e-01,False,False
IPS7100_MHC_001,pm1_0,day_to_day,2024-10-15,2024-10-16,288,288,4.4,5.5,5.8419,1.3912,-4.4507,2.7757,1.1147,2.3493,12.9521,0.283,6.3372,-2.1006,0.4016,3.20e-02,1.82e-01,False,False
IPS7100_MHC_001,pm1_0,day_to_day,2024-10-16,2024-10-17,288,288,5.5,25.8,1.3912,1.1751,-0.2161,1.1147,0.4927,0.283,6.3372,0.3795,3.1018,-0.2503,0.4421,6.75e-01,7.11e-02,False,False
IPS7100_MHC_001,pm1_0,day_to_day,2024-10-17,2024-10-18,288,288,25.8,13.9,1.1751,1.7092,0.5341,0.4927,0.7399,0.3795,3.1018,0.6296,4.0003,0.8482,1.5016,2.60e-02,3.05e-02,False,False
IPS7100_MHC_001,pm1_0,day_to_day,2024-10-18,2024-10-19,288,288,13.9,54.8,1.7092,2.3477,0.6385,0.7399,1.8272,0.6296,4.0003,1.1244,26.4314,0.4573,2.4695,4.93e-02,8.56e-01,False,False
IPS7100_MHC_001,pm1_0,day_to_day,2024-10-19,2024-10-20,288,287,54.8,14.2,2.3477,3.2533,0.9056,1.8272,1.0986,1.1244,26.4314,1.108,5.9672,0.5994,0.6013,2.37e-02,6.12e-01,False,False
IPS7100_MHC_001,pm1_0,day_to_day,2024-10-20,2024-10-21,287,288,14.2,17.6,3.2533,3.8364,0.5832,1.0986,1.1399,1.108,5.9672,1.915,7.1981,0.52,1.0376,1.55e-01,4.64e-01,False,False
IPS7100_MHC_001,pm1_0,day_to_day,2024-10-21,2024-10-22,288,288,17.6,42.5,3.8364,3.2464,-0.5901,1.1399,0.8492,1.915,7.1981,1.6022,7.1883,-0.586,0.745,6.24e-02,4.16e-01,False,False
IPS7100_MHC_001,pm1_0,day_to_day,2024-10-22,2024-10-23,288,288,42.5,47.9,3.2464,2.2772,-0.9692,0.8492,0.5561,1.6022,7.1883,1.2781,3.9832,-1.3479,0.6548,2.11e-08,5.52e-03,True,True
IPS7100_MHC_001,pm1_0,day_to_day,2024-10-23,2024-10-24,288,288,47.9,30.8,2.2772,2.1745,-0.1027,0.5561,0.6529,1.2781,3.9832,0.9564,4.1083,-0.169,1.1742,4.75e-01,3.51e-01,False,False
IPS7100_MHC_001,pm1_0,day_to_day,2024-10-24,2024-10-25,288,288,30.8,44.5,2.1745,1.6384,-0.5361,0.6529,0.4373,0.9564,4.1083,0.7707,3.1153,-0.9631,0.6698,2.37e-04,1.24e-02,True,False
IPS7100_MHC_001,pm1_0,day_to_day,2024-10-25,2024-10-26,288,288,44.5,29.3,1.6384,3.651,2.0126,0.4373,0.8803,0.7707,3.1153,1.3169,5.6762,2.8905,2.013,7.94e-14,1.31e-05,True,True
IPS7100_MHC_001,pm1_0,day_to_day,2024-10-26,2024-10-27,288,288,29.3,2.9,3.651,8.8392,5.1882,0.8803,6.4638,1.3169,5.6762,2.9302,35.926,1.1228,7.3425,1.00e+00,1.00e+00,False,False
IPS7100_MHC_001,pm1_0,day_to_day,2024-10-27,2024-10-28,288,288,2.9,4.7,8.8392,4.1944,-4.6448,6.4638,2.2121,2.9302,35.926,1.0157,9.4854,-0.9598,0.3422,1.00e+00,1.00e+00,False,False
IPS7100_MHC_001,pm1_0,day_to_day,2024-10-28,2024-10-29,288,288,4.7,11.0,4.1944,4.257,0.0626,2.2121,1.56,1.0157,9.4854,1.2568,7.7474,0.0327,0.7052,9.58e-01,2.78e-01,False,False
IPS7100_MHC_001,pm1_0,day_to_day,2024-10-29,2024-10-30,288,288,11.0,16.1,4.257,3.9057,-0.3513,1.56,1.2925,1.2568,7.7474,1.9095,7.2943,-0.2448,0.8285,5.46e-01,6.46e-01,False,False
IPS7100_MHC_001,pm1_0,day_to_day,2024-10-30,2024-10-31,288,288,16.1,10.6,3.9057,4.1285,0.2228,1.2925,2.0218,1.9095,7.2943,1.0774,8.9356,0.1311,1.5642,7.55e-01,2.35e-01,False,False
IPS7100_MHC_001,pm1_0,day_to_day,2024-10-31,2024-11-01,288,288,10.6,2.9,4.1285,5.1596,1.0311,2.0218,3.7607,1.0774,8.9356,0.7518,13.3289,0.3409,1.8601,1.00e+00,1.00e+00,False,False
IPS7100_MHC_001,pm1_0,day_to_day,2024-11-01,2024-11-02,288,288,2.9,5.1,5.1596,8.9446,3.785,3.7607,3.0653,0.7518,13.3289,2.0721,15.6545,1.1014,0.8151,1.00e+00,1.00e+00,False,False
IPS7100_MHC_001,pm1_0,day_to_day,2024-11-02,2024-11-03,288,288,5.1,13.6,8.9446,3.0135,-5.9311,3.0653,1.1717,2.0721,15.6545,1.0421,7.466,-2.5516,0.3823,9.68e-03,4.48e-01,True,False
IPS7100_MHC_001,pm1_0,day_to_day,2024-11-03,2024-11-04,288,288,13.6,9.6,3.0135,5.1778,2.1644,1.1717,2.4232,1.0421,7.466,1.5016,14.5079,1.1352,2.068,2.62e-02,2.73e-01,False,False
IPS7100_MHC_001,pm1_0,day_to_day,2024-11-04,2024-11-05,288,288,9.6,7.8,5.1778,1.4604,-3.7175,2.4232,0.9447,1.5016,14.5079,0.2082,3.9744,-2.0178,0.3899,1.04e-03,1.84e-01,True,False
IPS7100_MHC_001,pm1_0,day_to_day,2024-11-05,2024-11-06,288,288,7.8,7.9,1.4604,2.0395,0.5791,0.9447,1.5832,0.2082,3.9744,0.2188,7.6026,0.4434,1.6758,3.97e-01,5.69e-02,False,False
IPS7100_MHC_001,pm1_0,day_to_day,2024-11-06,2024-11-07,288,288,7.9,2.9,2.0395,6.5759,4.5364,1.5832,6.2258,0.2188,7.6026,0.7247,24.1165,0.9969,3.9324,1.00e+00,1.00e+00,False,False
IPS7100_MHC_001,pm1_0,day_to_day,2024-11-07,2024-11-08,288,288,2.9,2.9,6.5759,11.5658,4.9899,6.2258,9.9193,0.7247,24.1165,0.9701,38.1476,0.6015,1.5933,1.00e+00,1.00e+00,False,False
IPS7100_MHC_001,pm1_0,day_to_day,2024-11-08,2024-11-09,288,288,2.9,62.0,11.5658,0.4574,-11.1084,9.9193,1.4145,0.9701,38.1476,0.0386,22.3334,-1.5652,0.1426,1.00e+00,1.00e+00,False,False
IPS7100_MHC_001,pm1_0,day_to_day,2024-11-09,2024-11-10,288,288,62.0,13.1,0.4574,2.9185,2.4611,1.4145,1.69,0.0386,22.3334,0.4132,8.2856,1.5766,1.1947,1.64e-04,3.41e-01,True,False
IPS7100_MHC_001,pm1_0,day_to_day,2024-11-10,2024-11-11,288,186,13.1,8.3,2.9185,1.1964,-1.7221,1.69,0.6418,0.4132,8.2856,0.3752,3.3131,-1.2477,0.3798,4.13e-03,5.73e-03,True,True
IPS7100_MHC_001,pm1_0,day_to_day,2024-11-11,2024-11-12,186,47,8.3,23.4,1.1964,0.5833,-0.613,0.6418,0.1419,0.3752,3.3131,0.3814,1.0713,-1.0579,0.221,2.77e-02,2.44e-02,False,False
IPS7100_MHC_001,pm1_0,day_to_day,2024-11-12,2024-11-13,47,288,23.4,5.0,0.5833,2.6521,2.0688,0.1419,1.8306,0.3814,1.0713,0.2382,7.7832,1.2146,12.9023,6.46e-02,4.59e-05,False,True
IPS7100_MHC_001,pm1_0,day_to_day,2024-11-13,2024-11-14,288,288,5.0,30.9,2.6521,0.5731,-2.079,1.8306,0.2634,0.2382,7.7832,0.1524,1.7379,-1.587,0.1439,6.37e-02,8.12e-07,False,True
IPS7100_MHC_001,pm1_0,day_to_day,2024-11-14,2024-11-15,288,288,30.9,6.2,0.5731,2.5905,2.0174,0.2634,1.5681,0.1524,1.7379,0.5072,7.1008,1.7911,5.9523,2.24e-02,1.09e-05,False,True
IPS7100_MHC_001,pm1_0,day_to_day,2024-11-15,2024-11-16,288,288,6.2,16.3,2.5905,2.3865,-0.204,1.5681,0.8659,0.5072,7.1008,0.8099,4.4683,-0.1608,0.5522,7.69e-01,3.53e-02,False,False
IPS7100_MHC_001,pm1_0,day_to_day,2024-11-16,2024-11-17,288,288,16.3,2.9,2.3865,11.1222,8.7358,0.8659,7.9441,0.8099,4.4683,1.3514,28.681,1.5433,9.1744,1.00e+00,1.00e+00,False,False
IPS7100_MHC_001,pm1_0,day_to_day,2024-11-17,2024-11-18,288,288,2.9,2.9,11.1222,5.6854,-5.4368,7.9441,6.6526,1.3514,28.681,0.2259,26.0868,-0.7407,0.8374,1.00e+00,1.00e+00,False,False
IPS7100_MHC_001,pm1_0,day_to_day,2024-11-18,2024-11-19,288,288,2.9,15.7,5.6854,1.4441,-4.2413,6.6526,0.6747,0.2259,26.0868,0.4105,4.5828,-0.8955,0.1014,1.00e+00,1.00e+00,False,False
IPS7100_MHC_001,pm1_0,day_to_day,2024-11-19,2024-11-20,288,261,15.7,8.2,1.4441,0.3214,-1.1227,0.6747,0.4821,0.4105,4.5828,0.0149,2.8475,-1.8962,0.7145,1.52e-04,6.76e-02,True,False
IPS7100_MHC_001,pm1_0,day_to_day,2024-11-20,2024-11-21,261,288,8.2,10.6,0.3214,1.709,1.3876,0.4821,1.006,0.0149,2.8475,0.3363,4.9631,1.7295,2.0867,1.44e-03,3.50e-02,True,False
IPS7100_MHC_001,pm1_0,day_to_day,2024-11-21,2024-11-22,288,288,10.6,16.0,1.709,0.8246,-0.8845,1.006,0.4295,0.3363,4.9631,0.2363,2.2389,-1.1416,0.427,1.97e-02,3.92e-02,False,False
IPS7100_MHC_001,pm1_0,day_to_day,2024-11-22,2024-11-23,288,288,16.0,7.6,0.8246,3.7496,2.9251,0.4295,2.4971,0.2363,2.2389,0.5098,11.4776,1.6298,5.8139,1.59e-02,1.63e-05,False,True
IPS7100_MHC_001,pm1_0,day_to_day,2024-11-23,2024-11-24,288,288,7.6,25.1,3.7496,2.449,-1.3007,2.4971,0.694,0.5098,11.4776,0.9814,4.4675,-0.7085,0.2779,2.01e-01,1.08e-05,False,True
IPS7100_MHC_001,pm1_0,day_to_day,2024-11-24,2024-11-25,288,288,25.1,5.2,2.449,5.7643,3.3153,0.694,4.9,0.9814,4.4675,0.9535,21.4475,0.9457,7.0603,1.96e-01,4.18e-03,False,True
IPS7100_MHC_001,pm1_0,day_to_day,2024-11-25,2024-11-26,288,288,5.2,2.9,5.7643,3.8209,-1.9434,4.9,3.1359,0.9535,21.4475,0.6039,11.2575,-0.4716,0.64,1.00e+00,1.00e+00,False,False
IPS7100_MHC_001,pm1_0,day_to_day,2024-11-26,2024-11-27,288,288,2.9,3.0,3.8209,8.1753,4.3545,3.1359,4.9788,0.6039,11.2575,0.8054,20.7108,1.0448,1.5877,1.00e+00,1.00e+00,False,False
IPS7100_MHC_001,pm1_0,day_to_day,2024-11-27,2024-11-28,288,288,3.0,5.3,8.1753,3.1673,-5.008,4.9788,2.0596,0.8054,20.7108,0.2103,9.2395,-1.3122,0.4137,1.00e+00,1.00e+00,False,False
IPS7100_MHC_001,pm1_0,day_to_day,2024-11-28,2024-11-29,288,288,5.3,25.3,3.1673,2.3624,-0.8048,2.0596,0.6478,0.2103,9.2395,0.9628,3.6535,-0.5263,0.3145,4.18e-01,8.96e-05,False,True
IPS7100_MHC_001,pm1_0,day_to_day,2024-11-29,2024-11-30,288,288,25.3,3.4,2.3624,5.3216,2.9592,0.6478,3.6892,0.9628,3.6535,1.1502,16.9933,1.1153,5.6953,2.60e-01,2.89e-05,False,True
IPS7100_MHC_001,pm1_0,day_to_day,2024-11-30,2024-12-01,288,288,3.4,3.4,5.3216,7.5319,2.2103,3.6892,6.396,1.1502,16.9933,0.557,23.1,0.4226,1.7337,6.14e-01,5.16e-01,False,False
IPS7100_MHC_001,pm1_0,day_to_day,2024-12-01,2024-12-02,288,288,3.4,21.7,7.5319,4.5039,-3.028,6.396,1.3248,0.557,23.1,1.1372,8.9201,-0.6545,0.2071,4.66e-01,6.51e-02,False,False
IPS7100_MHC_001,pm1_0,day_to_day,2024-12-02,2024-12-03,288,288,21.7,18.4,4.5039,6.5233,2.0193,1.3248,1.9407,1.1372,8.9201,2.0828,15.625,1.2132,1.4649,7.06e-04,1.26e-01,True,False
IPS7100_MHC_001,pm1_0,day_to_day,2024-12-03,2024-12-04,288,288,18.4,11.3,6.5233,12.4462,5.9229,1.9407,3.1353,2.0828,15.625,5.6031,20.4371,2.2677,1.6156,3.85e-05,1.90e-01,True,False
IPS7100_MHC_001,pm1_0,day_to_day,2024-12-04,2024-12-05,288,288,11.3,2.9,12.4462,18.653,6.2068,3.1353,17.2786,5.6031,20.4371,0.2201,69.0083,0.499,5.5109,1.00e+00,1.00e+00,False,False
IPS7100_MHC_001,pm1_0,day_to_day,2024-12-05,2024-12-06,288,288,2.9,15.1,18.653,1.6936,-16.9595,17.2786,0.7288,0.2201,69.0083,0.4483,4.3267,-1.3845,0.0422,1.00e+00,1.00e+00,False,False
IPS7100_MHC_001,pm1_0,day_to_day,2024-12-06,2024-12-07,288,288,15.1,59.7,1.6936,6.4782,4.7846,0.7288,3.7735,0.4483,4.3267,2.9269,48.4538,1.7575,5.178,1.35e-13,3.09e-01,True,False
IPS7100_MHC_001,pm1_0,day_to_day,2024-12-07,2024-12-08,288,288,59.7,5.5,6.4782,10.4934,4.0152,3.7735,5.177,2.9269,48.4538,2.0818,22.3057,0.8848,1.3719,1.37e-01,4.50e-01,False,False
IPS7100_MHC_001,pm1_0,day_to_day,2024-12-08,2024-12-09,288,288,5.5,2.9,10.4934,14.5172,4.0238,5.177,7.5917,2.0818,22.3057,1.7121,25.2503,0.6182,1.4664,1.00e+00,1.00e+00,False,False
IPS7100_MHC_001,pm1_0,day_to_day,2024-12-09,2024-12-10,288,288,2.9,2.9,14.5172,4.7843,-9.7328,7.5917,4.6481,1.7121,25.2503,0.1648,16.9693,-1.5436,0.6123,1.00e+00,1.00e+00,False,False
IPS7100_MHC_001,pm1_0,day_to_day,2024-12-10,2024-12-11,288,288,2.9,17.0,4.7843,0.8618,-3.9225,4.6481,0.5683,0.1648,16.9693,0.1224,3.2603,-1.1826,0.1223,1.00e+00,1.00e+00,False,False
IPS7100_MHC_001,pm1_0,day_to_day,2024-12-11,2024-12-12,288,288,17.0,5.6,0.8618,1.7928,0.931,0.5683,1.9217,0.1224,3.2603,0.1177,9.2169,0.6559,3.3813,3.11e-01,2.98e-01,False,False
IPS7100_MHC_001,pm1_0,day_to_day,2024-12-12,2024-12-13,288,288,5.6,7.8,1.7928,1.7042,-0.0887,1.9217,1.1297,0.1177,9.2169,0.6164,6.704,-0.0562,0.5879,9.25e-01,9.67e-01,False,False
IPS7100_MHC_001,pm1_0,day_to_day,2024-12-13,2024-12-14,288,288,7.8,4.7,1.7042,2.8782,1.1741,1.1297,2.5122,0.6164,6.704,0.3197,11.7611,0.6017,2.2237,3.89e-01,1.21e-01,False,False
IPS7100_MHC_001,pm1_0,day_to_day,2024-12-14,2024-12-15,288,288,4.7,2.9,2.8782,12.1649,9.2867,2.5122,10.5765,0.3197,11.7611,1.0465,38.1008,1.206,4.2101,1.00e+00,1.00e+00,False,False
IPS7100_MHC_001,pm1_0,day_to_day,2024-12-15,2024-12-16,288,288,2.9,16.6,12.1649,4.2157,-7.9491,10.5765,1.4444,1.0465,38.1008,2.3648,11.1625,-1.0513,0.1366,1.00e+00,1.00e+00,False,False
IPS7100_MHC_001,pm1_0,day_to_day,2024-12-16,2024-12-17,288,288,16.6,9.1,4.2157,2.6347,-1.581,1.4444,1.9401,2.3648,11.1625,0.4713,9.7433,-0.9228,1.3432,5.09e-02,1.57e-01,False,False
IPS7100_MHC_001,pm1_0,day_to_day,2024-12-17,2024-12-18,288,288,9.1,6.0,2.6347,2.6843,0.0496,1.9401,1.5665,0.4713,9.7433,0.3268,7.1036,0.0281,0.8075,9.57e-01,4.23e-01,False,False
IPS7100_MHC_001,pm1_0,day_to_day,2024-12-18,2024-12-19,288,288,6.0,6.3,2.6843,6.3864,3.7021,1.5665,2.6269,0.3268,7.1036,2.3789,13.4697,1.7088,1.6769,1.50e-02,2.87e-01,False,False
IPS7100_MHC_001,pm1_0,day_to_day,2024-12-19,2024-12-20,288,288,6.3,2.9,6.3864,4.4063,-1.9801,2.6269,3.9772,2.3789,13.4697,0.3069,13.2708,-0.5865,1.5141,1.00e+00,1.00e+00,False,False
IPS7100_MHC_001,pm1_0,day_to_day,2024-12-20,2024-12-21,288,287,2.9,16.1,4.4063,3.4775,-0.9288,3.9772,1.1011,0.3069,13.2708,0.6127,6.582,-0.3175,0.2768,1.00e+00,1.00e+00,False,False
IPS7100_MHC_001,pm1_0,day_to_day,2024-12-21,2024-12-22,287,288,16.1,8.8,3.4775,8.4289,4.9514,1.1011,2.9203,0.6127,6.582,3.7824,16.3412,2.2383,2.6522,9.19e-04,3.76e-02,True,False
IPS7100_MHC_001,pm1_0,day_to_day,2024-12-22,2024-12-23,288,288,8.8,19.4,8.4289,3.5517,-4.8772,2.9203,1.0642,3.7824,16.3412,1.638,6.3204,-2.2153,0.3644,1.05e-03,1.21e-02,True,False
IPS7100_MHC_001,pm1_0,day_to_day,2024-12-23,2024-12-24,288,110,19.4,18.9,3.5517,2.6823,-0.8693,1.0642,0.539,1.638,6.3204,1.8006,4.4899,-0.9141,0.5065,3.48e-03,2.41e-02,True,False
IPS7100_MHC_001,pm1_0,day_to_day,2024-12-24,2024-12-25,110,179,18.9,11.7,2.6823,5.8622,3.1798,0.539,1.9659,1.8006,4.4899,1.8397,10.9102,2.0024,3.6472,1.81e-04,1.91e-03,True,True
IPS7100_MHC_001,pm1_0,day_to_day,2024-12-25,2024-12-26,179,288,11.7,2.9,5.8622,13.0686,7.2065,1.9659,10.1757,1.8397,10.9102,0.0918,36.1295,0.8896,5.1762,1.00e+00,1.00e+00,False,False
IPS7100_MHC_001,pm1_0,day_to_day,2024-12-26,2024-12-27,288,288,2.9,2.9,13.0686,7.8557,-5.2129,10.1757,7.1642,0.0918,36.1295,0.2721,27.2863,-0.5914,0.7041,1.00e+00,1.00e+00,False,False
IPS7100_MHC_001,pm1_0,day_to_day,2024-12-27,2024-12-28,288,288,2.9,8.7,7.8557,6.0571,-1.7986,7.1642,3.0505,0.2721,27.2863,2.0907,24.1909,-0.3261,0.4258,1.00e+00,1.00e+00,False,False
IPS7100_MHC_001,pm1_0,day_to_day,2024-12-28,2024-12-29,288,288,8.7,6.9,6.0571,13.4823,7.4252,3.0505,5.1929,2.0907,24.1909,3.4329,30.0844,1.7405,1.7023,8.86e-03,4.73e-02,True,False
IPS7100_MHC_001,pm1_0,day_to_day,2024-12-29,2024-12-30,288,288,6.9,2.9,13.4823,13.1536,-0.3286,5.1929,11.0137,3.4329,30.0844,0.143,37.3653,-0.0381,2.1209,1.00e+00,1.00e+00,False,False
IPS7100_MHC_001,pm1_0,day_to_day,2024-12-30,2024-12-31,288,288,2.9,18.8,13.1536,0.2557,-12.8979,11.0137,0.2008,0.143,37.3653,0.0188,1.1264,-1.653,0.0182,1.00e+00,1.00e+00,False,False
IPS7100_MHC_001,pm1_0,day_to_day,2024-12-31,2025-01-01,288,288,18.8,17.8,0.2557,1.8652,1.6095,0.2008,0.7058,0.0188,1.1264,0.2932,3.78,3.0964,3.5158,1.53e-08,3.92e-04,True,True
IPS7100_MHC_001,pm1_0,day_to_day,2025-01-01,2025-01-02,288,288,17.8,5.1,1.8652,9.7142,7.849,0.7058,5.5251,0.2932,3.78,1.4941,23.9429,1.9894,7.8279,3.09e-02,2.25e-11,False,True
IPS7100_MHC_001,pm1_0,day_to_day,2025-01-02,2025-01-03,288,288,5.1,9.9,9.7142,7.6057,-2.1085,5.5251,3.0907,1.4941,23.9429,2.5811,16.7853,-0.4702,0.5594,4.57e-01,2.70e-03,False,True
IPS7100_MHC_001,pm1_0,day_to_day,2025-01-03,2025-01-04,288,288,9.9,22.8,7.6057,5.9086,-1.6971,3.0907,1.333,2.5811,16.7853,3.55,10.6407,-0.7118,0.4313,1.27e-01,3.39e-04,False,True
IPS7100_MHC_001,pm1_0,day_to_day,2025-01-04,2025-01-05,288,288,22.8,2.9,5.9086,6.9658,1.0571,1.333,7.7877,3.55,10.6407,0.0605,23.6701,0.1889,5.8423,1.00e+00,1.00e+00,False,False
IPS7100_MHC_001,pm1_0,day_to_day,2025-01-05,2025-01-06,288,288,2.9,37.9,6.9658,0.751,-6.2147,7.7877,0.2878,0.0605,23.6701,0.2007,1.7265,-1.1258,0.0369,1.00e+00,1.00e+00,False,False
IPS7100_MHC_001,pm1_0,day_to_day,2025-01-06,2025-01-07,288,288,37.9,10.2,0.751,1.5079,0.7568,0.2878,0.8084,0.2007,1.7265,0.3964,3.8161,1.2452,2.8094,1.50e-02,3.14e-05,False,True
IPS7100_MHC_001,pm1_0,day_to_day,2025-01-07,2025-01-08,288,288,10.2,18.5,1.5079,3.5585,2.0507,0.8084,1.0868,0.3964,3.8161,1.6917,6.6765,2.1374,1.3443,6.43e-06,7.54e-01,True,False
IPS7100_MHC_001,pm1_0,day_to_day,2025-01-08,2025-01-09,288,288,18.5,4.0,3.5585,13.8426,10.2841,1.0868,6.1875,1.6917,6.6765,4.887,32.1271,2.311,5.6935,4.34e-02,4.07e-04,False,True
IPS7100_MHC_001,pm1_0,day_to_day,2025-01-09,2025-01-10,288,288,4.0,2.9,13.8426,6.519,-7.3235,6.1875,5.2783,4.887,32.1271,0.7423,24.1268,-1.2712,0.8531,1.00e+00,1.00e+00,False,False
IPS7100_MHC_001,pm1_0,day_to_day,2025-01-10,2025-01-11,288,288,2.9,2.9,6.519,6.2363,-0.2827,5.2783,5.7043,0.7423,24.1268,0.0674,21.0565,-0.0514,1.0807,1.00e+00,1.00e+00,False,False
IPS7100_MHC_001,pm1_0,day_to_day,2025-01-11,2025-01-12,288,288,2.9,13.0,6.2363,1.0605,-5.1758,5.7043,0.5645,0.0674,21.0565,0.2969,2.9862,-1.2747,0.099,1.00e+00,1.00e+00,False,False
IPS7100_MHC_001,pm1_0,day_to_day,2025-01-12,2025-01-13,288,288,13.0,3.0,1.0605,0.9403,-0.1202,0.5645,1.3243,0.2969,2.9862,0.0819,7.1317,-0.1179,2.346,1.00e+00,1.00e+00,False,False
IPS7100_MHC_001,pm1_0,day_to_day,2025-01-13,2025-01-14,288,288,3.0,20.9,0.9403,1.7816,0.8413,1.3243,0.6841,0.0819,7.1317,0.3648,3.9601,0.7968,0.5166,1.00e+00,1.00e+00,False,False
IPS7100_MHC_001,pm1_0,day_to_day,2025-01-14,2025-01-15,288,288,20.9,11.6,1.7816,5.3819,3.6003,0.6841,2.169,0.3648,3.9601,1.3813,12.0178,2.2348,3.1708,1.48e-04,1.08e-03,True,True
IPS7100_MHC_001,pm1_0,day_to_day,2025-01-15,2025-01-16,288,288,11.6,7.4,5.3819,11.2451,5.8632,2.169,4.2116,1.3813,12.0178,3.0002,19.5033,1.7473,1.9417,7.17e-03,4.96e-02,True,False
IPS7100_MHC_001,pm1_0,day_to_day,2025-01-16,2025-01-17,288,288,7.4,7.8,11.2451,2.8172,-8.4279,4.2116,1.6212,3.0002,19.5033,0.5798,7.5476,-2.6365,0.3849,8.66e-04,1.77e-02,True,False
IPS7100_MHC_001,pm1_0,day_to_day,2025-01-17,2025-01-18,288,288,7.8,2.9,2.8172,2.7969,-0.0202,1.6212,4.0982,0.5798,7.5476,0.2921,18.619,-0.0065,2.5279,1.00e+00,1.00e+00,False,False
IPS7100_MHC_001,pm1_0,day_to_day,2025-01-18,2025-01-19,288,288,2.9,21.0,2.7969,0.7618,-2.0351,4.0982,0.3762,0.2921,18.619,0.1588,1.8505,-0.6981,0.0918,1.00e+00,1.00e+00,False,False
IPS7100_MHC_001,pm1_0,day_to_day,2025-01-19,2025-01-20,288,288,21.0,47.0,0.7618,1.5701,0.8083,0.3762,0.4164,0.1588,1.8505,0.7453,3.0625,2.0336,1.1068,6.95e-10,5.36e-01,True,False
IPS7100_MHC_001,pm1_0,day_to_day,2025-01-20,2025-01-21,288,288,47.0,12.4,1.5701,1.3359,-0.2343,0.4164,0.739,0.7453,3.0625,0.5281,4.3471,-0.3899,1.7749,3.03e-01,4.92e-01,False,False
IPS7100_MHC_001,pm1_0,day_to_day,2025-01-21,2025-01-22,288,288,12.4,6.6,1.3359,4.9657,3.6299,0.739,3.8153,0.5281,4.3471,0.9597,22.1893,1.3186,5.1627,5.36e-02,1.15e-02,False,False
IPS7100_MHC_001,pm1_0,day_to_day,2025-01-22,2025-01-23,288,288,6.6,3.6,4.9657,4.1262,-0.8396,3.8153,3.9233,0.9597,22.1893,0.2403,19.7247,-0.2166,1.0283,7.53e-01,4.61e-01,False,False
IPS7100_MHC_001,pm1_0,day_to_day,2025-01-23,2025-01-24,288,288,3.6,2.9,4.1262,2.8857,-1.2405,3.9233,3.0186,0.2403,19.7247,0.1654,11.6949,-0.3538,0.7694,1.00e+00,1.00e+00,False,False
IPS7100_MHC_001,pm1_0,day_to_day,2025-01-24,2025-01-25,288,288,2.9,5.4,2.8857,1.1813,-1.7044,3.0186,0.992,0.1654,11.6949,0.2165,5.4445,-0.7573,0.3286,1.00e+00,1.00e+00,False,False
IPS7100_MHC_001,pm1_0,day_to_day,2025-01-25,2025-01-26,288,288,5.4,2.9,1.1813,15.1152,13.9339,0.992,10.6681,0.2165,5.4445,1.809,41.9851,1.836,10.7543,1.00e+00,1.00e+00,False,False
IPS7100_MHC_001,pm1_0,day_to_day,2025-01-26,2025-01-27,288,288,2.9,4.2,15.1152,5.8593,-9.2559,10.6681,3.4599,1.809,41.9851,1.6012,15.1263,-1.1651,0.3243,1.00e+00,1.00e+00,False,False
IPS7100_MHC_001,pm1_0,day_to_day,2025-01-27,2025-01-28,288,288,4.2,9.7,5.8593,14.5968,8.7375,3.4599,3.9015,1.6012,15.1263,5.9932,23.1179,2.3655,1.1276,4.34e-03,9.57e-01,True,False
IPS7100_MHC_001,pm1_0,day_to_day,2025-01-28,2025-01-29,288,288,9.7,5.2,14.5968,17.6538,3.057,3.9015,5.9408,5.9932,23.1179,4.7809,35.3515,0.6072,1.5227,3.31e-01,6.07e-01,False,False
IPS7100_MHC_001,pm1_0,day_to_day,2025-01-29,2025-01-30,288,288,5.2,2.9,17.6538,2.8532,-14.8007,5.9408,4.5398,4.7809,35.3515,0.0748,23.7829,-2.7946,0.7642,1.00e+00,1.00e+00,False,False
IPS7100_MHC_001,pm1_0,day_to_day,2025-01-30,2025-01-31,288,288,2.9,3.2,2.8532,5.2892,2.436,4.5398,3.7033,0.0748,23.7829,0.5182,14.8759,0.587,0.8157,1.00e+00,1.00e+00,False,False
IPS7100_MHC_001,pm1_0,day_to_day,2025-01-31,2025-02-01,288,288,3.2,11.6,5.2892,1.7622,-3.527,3.7033,1.2978,0.5182,14.8759,0.4264,10.2048,-1.2689,0.3504,2.19e-01,1.60e-02,False,False
IPS7100_MHC_001,pm1_0,day_to_day,2025-02-01,2025-02-02,288,288,11.6,71.8,1.7622,1.6109,-0.1513,1.2978,0.3144,0.4264,10.2048,0.7938,2.6448,-0.16,0.2423,7.01e-01,3.48e-04,False,True
IPS7100_MHC_001,pm1_0,day_to_day,2025-02-02,2025-02-03,288,288,71.8,8.4,1.6109,2.8098,1.1989,0.3144,1.3873,0.7938,2.6448,0.9685,7.522,1.1898,4.4125,3.93e-02,3.14e-04,False,True
IPS7100_MHC_001,pm1_0,day_to_day,2025-02-03,2025-02-04,288,288,8.4,2.9,2.8098,13.5265,10.7167,1.3873,9.6866,0.9685,7.522,2.8121,36.1172,1.5461,6.9823,1.00e+00,1.00e+00,False,False
IPS7100_MHC_001,pm1_0,day_to_day,2025-02-04,2025-02-05,288,288,2.9,2.9,13.5265,24.1515,10.625,9.6866,10.649,2.8121,36.1172,6.0737,44.5766,1.042,1.0994,1.00e+00,1.00e+00,False,False
IPS7100_MHC_001,pm1_0,day_to_day,2025-02-05,2025-02-06,288,288,2.9,11.6,24.1515,10.9634,-13.1881,10.649,2.9777,6.0737,44.5766,5.2757,17.488,-1.6838,0.2796,1.00e+00,1.00e+00,False,False
IPS7100_MHC_001,pm1_0,day_to_day,2025-02-06,2025-02-07,288,288,11.6,3.0,10.9634,19.4448,8.4814,2.9777,8.6989,5.2757,17.488,4.1799,38.5828,1.3023,2.9213,2.30e-01,1.16e-02,False,False
IPS7100_MHC_001,pm1_0,day_to_day,2025-02-07,2025-02-08,288,288,3.0,2.9,19.4448,11.9582,-7.4866,8.6989,5.9674,4.1799,38.5828,1.1308,23.1148,-1.0019,0.686,1.00e+00,1.00e+00,False,False
IPS7100_MHC_001,pm1_0,day_to_day,2025-02-08,2025-02-09,288,288,2.9,11.5,11.9582,4.2281,-7.7301,5.9674,1.6594,1.1308,23.1148,1.7698,9.7049,-1.7619,0.2781,1.00e+00,1.00e+00,False,False
IPS7100_MHC_001,pm1_0,day_to_day,2025-02-09,2025-02-10,288,288,11.5,2.9,4.2281,5.0846,0.8565,1.6594,3.7123,1.7698,9.7049,0.4341,16.2487,0.2974,2.2372,1.00e+00,1.00e+00,False,False
IPS7100_MHC_001,pm1_0,day_to_day,2025-02-10,2025-02-11,288,288,2.9,2.9,5.0846,5.4888,0.4042,3.7123,6.9029,0.4341,16.2487,0.1891,23.443,0.0728,1.8594,1.00e+00,1.00e+00,False,False
IPS7100_MHC_001,pm1_0,day_to_day,2025-02-11,2025-02-12,288,288,2.9,2.9,5.4888,2.5992,-2.8896,6.9029,2.6273,0.1891,23.443,0.1385,11.3589,-0.5523,0.3806,1.00e+00,1.00e+00,False,False
IPS7100_MHC_001,pm1_0,day_to_day,2025-02-12,2025-02-13,288,288,2.9,10.7,2.5992,6.3169,3.7177,2.6273,2.3175,0.1385,11.3589,2.8258,15.0016,1.4981,0.8821,1.00e+00,1.00e+00,False,False
IPS7100_MHC_001,pm1_0,day_to_day,2025-02-13,2025-02-14,288,288,10.7,14.3,6.3169,6.0427,-0.2742,2.3175,1.838,2.8258,15.0016,2.581,10.2821,-0.1309,0.7931,7.53e-01,9.57e-01,False,False
IPS7100_MHC_001,pm1_0,day_to_day,2025-02-14,2025-02-15,288,288,14.3,3.8,6.0427,13.0721,7.0294,1.838,6.3936,2.581,10.2821,2.7531,27.8244,1.4917,3.4786,1.25e-01,7.73e-02,False,False
IPS7100_MHC_001,pm1_0,day_to_day,2025-02-15,2025-02-16,288,288,3.8,4.3,13.0721,16.2138,3.1417,6.3936,6.5442,2.7531,27.8244,4.7587,29.6478,0.4848,1.0236,5.16e-01,9.73e-01,False,False
IPS7100_MHC_001,pm1_0,day_to_day,2025-02-16,2025-02-17,288,288,4.3,31.6,16.2138,5.2579,-10.9559,6.5442,1.1324,4.7587,29.6478,2.4898,10.2296,-2.3289,0.173,3.46e-02,1.81e-04,False,True
IPS7100_MHC_001,pm1_0,day_to_day,2025-02-17,2025-02-18,288,288,31.6,3.8,5.2579,6.2942,1.0363,1.1324,3.8342,2.4898,10.2296,0.1033,13.6079,0.366,3.386,6.41e-01,7.08e-07,False,True
IPS7100_MHC_001,pm1_0,day_to_day,2025-02-18,2025-02-19,288,288,3.8,12.2,6.2942,2.4899,-3.8043,3.8342,1.0953,0.1033,13.6079,0.3678,6.2746,-1.3469,0.2857,1.58e-01,1.46e-05,False,True
IPS7100_MHC_001,pm1_0,day_to_day,2025-02-19,2025-02-20,288,288,12.2,121.7,2.4899,1.2233,-1.2666,1.0953,0.2473,0.3678,6.2746,0.5966,2.1316,-1.5925,0.2258,1.90e-03,1.00e-15,True,True
IPS7100_MHC_001,pm1_0,day_to_day,2025-02-20,2025-02-21,288,288,121.7,19.2,1.2233,2.1795,0.9563,0.2473,0.7478,0.5966,2.1316,0.7947,4.0482,1.714,3.0233,2.42e-05,1.00e-15,True,True
IPS7100_MHC_001,pm1_0,day_to_day,2025-02-21,2025-02-22,288,288,19.2,3.4,2.1795,3.5586,1.3791,0.7478,2.1912,0.7947,4.0482,0.9352,8.7994,0.8409,2.9302,3.52e-01,8.84e-02,False,False
IPS7100_MHC_001,pm1_0,day_to_day,2025-02-22,2025-02-23,288,288,3.4,3.1,3.5586,11.0388,7.4803,2.1912,5.6324,0.9352,8.7994,3.2297,22.9956,1.7474,2.5705,1.23e-01,2.61e-01,False,False
IPS7100_MHC_001,pm1_0,day_to_day,2025-02-23,2025-02-24,288,288,3.1,2.9,11.0388,12.1025,1.0637,5.6324,8.8047,3.2297,22.9956,0.5516,30.7356,0.1437,1.5632,1.00e+00,1.00e+00,False,False
IPS7100_MHC_001,pm1_0,day_to_day,2025-02-24,2025-02-25,288,288,2.9,11.1,12.1025,2.9866,-9.1159,8.8047,1.6742,0.5516,30.7356,0.5746,8.1623,-1.4359,0.1901,1.00e+00,1.00e+00,False,False
IPS7100_MHC_001,pm1_0,day_to_day,2025-02-25,2025-02-26,288,288,11.1,3.7,2.9866,3.9686,0.982,1.6742,2.3082,0.5746,8.1623,0.8421,10.5811,0.4862,1.3787,4.95e-01,6.37e-02,False,False
IPS7100_MHC_001,pm1_0,day_to_day,2025-02-26,2025-02-27,288,288,3.7,2.9,3.9686,1.5425,-2.4261,2.3082,2.3583,0.8421,10.5811,0.1248,11.1028,-1.0379,1.0217,1.00e+00,1.00e+00,False,False
IPS7100_MHC_001,pm1_0,day_to_day,2025-02-27,2025-02-28,288,156,2.9,4.0,1.5425,2.5455,1.003,2.3583,3.3344,0.1248,11.1028,0.1841,16.3092,0.3651,1.4139,1.00e+00,1.00e+00,False,False
IPS7100_MHC_001,pm1_0,day_to_day,2025-02-28,2025-03-01,156,288,4.0,2.9,2.5455,5.3901,2.8446,3.3344,4.4035,0.1841,16.3092,0.5773,19.9302,0.699,1.3206,1.00e+00,1.00e+00,False,False
IPS7100_MHC_001,pm1_0,day_to_day,2025-03-01,2025-03-02,288,288,2.9,11.4,5.3901,2.6646,-2.7255,4.4035,1.1989,0.5773,19.9302,1.0885,7.6905,-0.8431,0.2723,1.00e+00,1.00e+00,False,False
IPS7100_MHC_001,pm1_0,day_to_day,2025-03-02,2025-03-03,288,288,11.4,5.0,2.6646,6.268,3.6034,1.1989,3.1129,1.0885,7.6905,2.1974,16.8028,1.525,2.5966,5.94e-02,4.63e-01,False,False
IPS7100_MHC_001,pm1_0,day_to_day,2025-03-03,2025-03-04,288,288,5.0,3.4,6.268,7.1696,0.9016,3.1129,6.272,2.1974,16.8028,0.171,24.3571,0.1818,2.0148,8.22e-01,8.02e-02,False,False
IPS7100_MHC_001,pm1_0,day_to_day,2025-03-04,2025-03-05,288,288,3.4,10.3,7.1696,0.5261,-6.6435,6.272,0.4671,0.171,24.3571,0.1402,2.6069,-1.4912,0.0745,1.71e-01,6.52e-04,False,True
IPS7100_MHC_001,pm1_0,day_to_day,2025-03-05,2025-03-06,288,288,10.3,13.9,0.5261,1.4886,0.9625,0.4671,1.1337,0.1402,2.6069,0.1833,9.2024,1.1082,2.427,1.06e-02,1.53e-01,False,False
IPS7100_MHC_001,pm1_0,day_to_day,2025-03-06,2025-03-07,288,288,13.9,4.4,1.4886,3.9572,2.4686,1.1337,3.4045,0.1833,9.2024,0.3545,18.3424,0.9712,3.003,2.17e-01,4.51e-01,False,False
IPS7100_MHC_001,pm1_0,day_to_day,2025-03-07,2025-03-08,288,288,4.4,19.2,3.9572,4.6152,0.658,3.4045,2.2805,0.3545,18.3424,1.4832,18.3976,0.2267,0.6699,7.19e-01,8.12e-01,False,False
IPS7100_MHC_001,pm1_0,day_to_day,2025-03-08,2025-03-09,288,288,19.2,7.5,4.6152,5.0299,0.4148,2.2805,2.0753,1.4832,18.3976,0.9191,9.3009,0.1899,0.91,6.60e-01,5.39e-01,False,False
IPS7100_MHC_001,pm1_0,day_to_day,2025-03-09,2025-03-10,288,288,7.5,9.9,5.0299,5.3199,0.29,2.0753,2.4696,0.9191,9.3009,1.0674,11.7763,0.1269,1.19,7.94e-01,3.52e-01,False,False
IPS7100_MHC_001,pm1_0,day_to_day,2025-03-10,2025-03-11,288,288,9.9,23.7,5.3199,1.3911,-3.9288,2.4696,0.5595,1.0674,11.7763,0.4384,2.7978,-2.1904,0.2266,7.08e-04,4.18e-05,True,True
IPS7100_MHC_001,pm1_0,day_to_day,2025-03-11,2025-03-12,288,288,23.7,16.9,1.3911,1.8803,0.4892,0.5595,0.7291,0.4384,2.7978,0.5247,3.5417,0.7514,1.3032,2.81e-02,2.69e-02,False,False
IPS7100_MHC_001,pm1_0,day_to_day,2025-03-12,2025-03-13,288,288,16.9,5.9,1.8803,3.9319,2.0516,0.7291,2.7239,0.5247,3.5417,0.3721,15.5139,1.0272,3.7357,1.28e-01,9.21e-02,False,False
IPS7100_MHC_001,pm1_0,day_to_day,2025-03-13,2025-03-14,288,288,5.9,2.9,3.9319,11.5784,7.6465,2.7239,8.6041,0.3721,15.5139,0.4061,41.9996,1.1961,3.1588,1.00e+00,1.00e+00,False,False
IPS7100_MHC_001,pm1_0,day_to_day,2025-03-14,2025-03-15,288,288,2.9,2.9,11.5784,24.6853,13.1069,8.6041,20.5591,0.4061,41.9996,0.2786,77.3614,0.8303,2.3894,1.00e+00,1.00e+00,False,False
IPS7100_MHC_001,pm1_0,day_to_day,2025-03-15,2025-03-16,288,288,2.9,73.8,24.6853,0.4515,-24.2338,20.5591,0.1277,0.2786,77.3614,0.2058,0.8754,-1.6641,0.0062,1.00e+00,1.00e+00,False,False
IPS7100_MHC_001,pm1_0,day_to_day,2025-03-16,2025-03-17,288,288,73.8,11.2,0.4515,1.6339,1.1825,0.1277,1.5788,0.2058,0.8754,0.279,13.7306,1.0539,12.3583,3.09e-02,1.75e-12,False,True
IPS7100_MHC_001,pm1_0,day_to_day,2025-03-17,2025-03-18,288,288,11.2,26.8,1.6339,1.5888,-0.0452,1.5788,0.6772,0.279,13.7306,0.5066,3.7115,-0.0371,0.4289,9.28e-01,3.98e-01,False,False
IPS7100_MHC_001,pm1_0,day_to_day,2025-03-18,2025-03-19,288,288,26.8,6.4,1.5888,3.0171,1.4283,0.6772,2.2387,0.5066,3.7115,0.3311,10.2555,0.8621,3.3058,1.65e-01,2.88e-02,False,False
IPS7100_MHC_001,pm1_0,day_to_day,2025-03-19,2025-03-20,288,288,6.4,22.4,3.0171,1.0633,-1.9538,2.2387,0.4934,0.3311,10.2555,0.3794,3.0346,-1.2032,0.2204,7.47e-02,1.04e-02,False,False
IPS7100_MHC_001,pm1_0,day_to_day,2025-03-20,2025-03-21,288,288,22.4,23.6,1.0633,1.3531,0.2898,0.4934,0.6281,0.3794,3.0346,0.4036,4.4839,0.5122,1.2729,8.87e-02,4.47e-01,False,False
IPS7100_MHC_001,pm1_0,day_to_day,2025-03-21,2025-03-22,288,287,23.6,35.0,1.3531,1.9202,0.5671,0.6281,0.5464,0.4036,4.4839,0.8273,3.9685,0.9616,0.87,8.92e-04,9.74e-01,True,False
IPS7100_MHC_001,pm1_0,day_to_day,2025-03-22,2025-03-23,287,288,35.0,25.2,1.9202,3.0794,1.1592,0.5464,0.9112,0.8273,3.9685,1.2426,6.1045,1.5396,1.6676,1.79e-06,1.68e-02,True,False
IPS7100_MHC_001,pm1_0,day_to_day,2025-03-23,2025-03-24,288,288,25.2,5.9,3.0794,1.5893,-1.4901,0.9112,1.0597,1.2426,6.1045,0.4222,5.9122,-1.5052,1.1629,1.77e-02,4.70e-01,False,False
IPS7100_MHC_001,pm1_0,day_to_day,2025-03-24,2025-03-25,288,288,5.9,11.8,1.5893,3.4308,1.8415,1.0597,1.4519,0.4222,5.9122,0.6366,8.5411,1.4464,1.3702,9.87e-03,1.37e-01,True,False
IPS7100_MHC_001,pm1_0,day_to_day,2025-03-25,2025-03-26,288,288,11.8,10.6,3.4308,2.5078,-0.923,1.4519,2.1077,0.6366,8.5411,0.5009,16.9911,-0.5091,1.4517,2.50e-01,2.70e-01,False,False
IPS7100_MHC_001,pm1_0,day_to_day,2025-03-26,2025-03-27,288,288,10.6,4.2,2.5078,3.9646,1.4568,2.1077,2.5613,0.5009,16.9911,1.0488,13.3404,0.62,1.2152,3.47e-01,3.46e-01,False,False
IPS7100_MHC_001,pm1_0,day_to_day,2025-03-27,2025-03-28,288,288,4.2,10.8,3.9646,2.3328,-1.6317,2.5613,1.1738,1.0488,13.3404,0.5887,5.7793,-0.8176,0.4583,2.81e-01,9.71e-01,False,False
IPS7100_MHC_001,pm1_0,day_to_day,2025-03-28,2025-03-29,288,288,10.8,2.9,2.3328,7.3617,5.0289,1.1738,4.9765,0.5887,5.7793,1.7756,19.4261,1.3885,4.2397,1.00e+00,1.00e+00,False,False
IPS7100_MHC_001,pm1_0,day_to_day,2025-03-29,2025-03-30,288,288,2.9,2.9,7.3617,12.9735,5.6118,4.9765,8.8481,1.7756,19.4261,1.0203,31.9897,0.7804,1.778,1.00e+00,1.00e+00,False,False
IPS7100_MHC_001,pm1_0,day_to_day,2025-03-30,2025-03-31,288,288,2.9,4.1,12.9735,1.8072,-11.1663,8.8481,1.4165,1.0203,31.9897,0.3718,6.5998,-1.7592,0.1601,1.00e+00,1.00e+00,False,False
IPS7100_MHC_001,pm1_0,day_to_day,2025-03-31,2025-04-01,288,288,4.1,2.9,1.8072,12.6348,10.8276,1.4165,15.9456,0.3718,6.5998,0.517,53.777,0.9549,11.2567,1.00e+00,1.00e+00,False,False
IPS7100_MHC_001,pm1_0,day_to_day,2025-04-01,2025-04-02,288,288,2.9,2.9,12.6348,18.5611,5.9263,15.9456,14.5572,0.517,53.777,3.0018,53.8877,0.3875,0.9129,1.00e+00,1.00e+00,False,False
IPS7100_MHC_001,pm1_0,day_to_day,2025-04-02,2025-04-03,288,288,2.9,7.5,18.5611,4.1436,-14.4175,14.5572,1.9324,3.0018,53.8877,1.0364,9.9022,-1.386,0.1327,1.00e+00,1.00e+00,False,False
IPS7100_MHC_001,pm1_0,day_to_day,2025-04-03,2025-04-04,288,288,7.5,2.9,4.1436,3.7135,-0.4301,1.9324,3.7083,1.0364,9.9022,0.0619,15.6559,-0.1452,1.919,1.00e+00,1.00e+00,False,False
IPS7100_MHC_001,pm1_0,day_to_day,2025-04-04,2025-04-05,288,62,2.9,4.8,3.7135,0.2964,-3.4171,3.7083,0.1068,0.0619,15.6559,0.0942,0.5074,-1.0128,0.0288,1.00e+00,1.00e+00,False,False
IPS7100_MHC_001,pm1_0,day_to_day,2025-04-05,2025-04-06,62,179,4.8,5.5,0.2964,0.9336,0.6372,0.1068,0.4818,0.0942,0.5074,0.0962,2.2137,1.5152,4.5134,2.97e-02,7.11e-02,False,False
IPS7100_MHC_001,pm1_0,day_to_day,2025-04-06,2025-04-07,179,288,5.5,2.9,0.9336,3.5271,2.5936,0.4818,3.5002,0.0962,2.2137,0.6694,14.6847,0.936,7.2644,1.00e+00,1.00e+00,False,False
IPS7100_MHC_001,pm1_0,day_to_day,2025-04-07,2025-04-08,288,288,2.9,3.7,3.5271,5.9564,2.4293,3.5002,4.0155,0.6694,14.6847,1.685,19.2752,0.6438,1.1472,1.00e+00,1.00e+00,False,False
IPS7100_MHC_001,pm1_0,day_to_day,2025-04-08,2025-04-09,288,288,3.7,9.1,5.9564,2.8072,-3.1492,4.0155,1.2528,1.685,19.2752,1.0118,6.3016,-1.0569,0.312,2.36e-01,2.40e-02,False,False
IPS7100_MHC_001,pm1_0,day_to_day,2025-04-09,2025-04-10,288,288,9.1,25.9,2.8072,1.78,-1.0272,1.2528,0.5356,1.0118,6.3016,0.9654,3.7572,-1.0643,0.4275,4.00e-02,1.15e-01,False,False
IPS7100_MHC_001,pm1_0,day_to_day,2025-04-10,2025-04-11,288,288,25.9,16.7,1.78,2.8257,1.0457,0.5356,2.2758,0.9654,3.7572,0.4662,17.5552,0.6314,4.2489,8.33e-02,1.78e-04,False,True
IPS7100_MHC_001,pm1_0,day_to_day,2025-04-11,2025-04-12,288,288,16.7,19.9,2.8257,2.0329,-0.7928,2.2758,0.7557,0.4662,17.5552,0.8807,6.3981,-0.4667,0.332,1.90e-01,7.01e-03,False,True
IPS7100_MHC_001,pm1_0,day_to_day,2025-04-12,2025-04-13,288,288,19.9,72.9,2.0329,2.7728,0.7398,0.7557,2.2672,0.8807,6.3981,1.0842,32.6101,0.4371,3.0002,2.13e-02,1.93e-01,False,False
IPS7100_MHC_001,pm1_0,day_to_day,2025-04-13,2025-04-14,288,288,72.9,14.0,2.7728,2.4818,-0.2909,2.2672,0.9415,1.0842,32.6101,0.9543,4.2701,-0.1673,0.4153,4.32e-01,9.40e-01,False,False
IPS7100_MHC_001,pm1_0,day_to_day,2025-04-14,2025-04-15,288,288,14.0,10.8,2.4818,3.2477,0.7659,0.9415,1.4376,0.9543,4.2701,1.0759,9.3196,0.6292,1.5269,1.49e-01,3.68e-01,False,False
IPS7100_MHC_001,pm1_0,day_to_day,2025-04-15,2025-04-16,288,288,10.8,13.1,3.2477,6.6551,3.4074,1.4376,2.2425,1.0759,9.3196,1.8847,11.5373,1.8059,1.5599,2.05e-04,1.55e-01,True,False
IPS7100_MHC_001,pm1_0,day_to_day,2025-04-16,2025-04-17,288,288,13.1,15.0,6.6551,2.6375,-4.0175,2.2425,1.0068,1.8847,11.5373,1.1069,6.7091,-2.3074,0.449,1.78e-05,2.16e-02,True,False
IPS7100_MHC_001,pm1_0,day_to_day,2025-04-17,2025-04-18,288,288,15.0,3.6,2.6375,3.8227,1.1851,1.0068,2.6937,1.1069,6.7091,0.9362,12.9155,0.5818,2.6754,4.74e-01,7.19e-02,False,False
IPS7100_MHC_001,pm1_0,day_to_day,2025-04-18,2025-04-19,288,288,3.6,16.6,3.8227,5.0018,1.1791,2.6937,1.9662,0.9362,12.9155,2.2747,15.9186,0.4992,0.7299,4.84e-01,1.94e-01,False,False
IPS7100_MHC_001,pm1_0,day_to_day,2025-04-19,2025-04-20,288,288,16.6,2.9,5.0018,4.3926,-0.6092,1.9662,2.9067,2.2747,15.9186,0.1599,8.8297,-0.2451,1.4783,1.00e+00,1.00e+00,False,False
IPS7100_MHC_001,pm1_0,day_to_day,2025-04-20,2025-04-21,288,288,2.9,12.6,4.3926,0.8026,-3.5899,2.9067,0.532,0.1599,8.8297,0.1198,2.2211,-1.7151,0.183,1.00e+00,1.00e+00,False,False
IPS7100_MHC_001,pm1_0,day_to_day,2025-04-21,2025-04-22,288,153,12.6,11.5,0.8026,1.5731,0.7705,0.532,0.54,0.1198,2.2211,0.8107,2.9491,1.4374,1.0151,1.95e-03,6.51e-01,True,False
IPS7100_MHC_001,pm1_0,day_to_day,2025-04-22,2025-04-23,153,288,11.5,8.1,1.5731,2.006,0.4329,0.54,1.0337,0.8107,2.9491,0.4487,4.8667,0.4831,1.9143,3.03e-01,1.16e-01,False,False
IPS7100_MHC_001,pm1_0,day_to_day,2025-04-23,2025-04-24,288,288,8.1,2.9,2.006,3.3998,1.3938,1.0337,2.9902,0.4487,4.8667,0.2907,12.0423,0.6219,2.8926,1.00e+00,1.00e+00,False,False
IPS7100_MHC_001,pm1_0,day_to_day,2025-04-24,2025-04-25,288,288,2.9,5.9,3.3998,3.2761,-0.1236,2.9902,2.0319,0.2907,12.0423,0.409,10.2726,-0.0483,0.6795,1.00e+00,1.00e+00,False,False
IPS7100_MHC_001,pm1_0,day_to_day,2025-04-25,2025-04-26,288,288,5.9,6.0,3.2761,6.1253,2.8492,2.0319,2.1797,0.409,10.2726,3.0057,13.2552,1.3498,1.0728,4.31e-02,5.49e-01,False,False
IPS7100_MHC_001,pm1_0,day_to_day,2025-04-26,2025-04-27,288,288,6.0,18.6,6.1253,3.2799,-2.8454,2.1797,0.8926,3.0057,13.2552,1.9167,6.0842,-1.7055,0.4095,2.35e-02,6.56e-04,False,True
IPS7100_MHC_001,pm1_0,day_to_day,2025-04-27,2025-04-28,288,288,18.6,20.6,3.2799,3.9087,0.6289,0.8926,0.909,1.9167,6.0842,2.5359,7.5803,0.6969,1.0184,3.57e-02,7.72e-01,False,False
IPS7100_MHC_001,pm1_0,day_to_day,2025-04-28,2025-04-29,288,288,20.6,44.2,3.9087,3.1836,-0.7252,0.909,0.607,2.5359,7.5803,1.6471,4.7349,-0.9366,0.6678,2.73e-03,1.62e-01,True,False
IPS7100_MHC_001,pm1_0,day_to_day,2025-04-29,2025-04-30,288,288,44.2,3.9,3.1836,2.7083,-0.4753,0.607,2.1659,1.6471,4.7349,0.1261,7.3501,-0.2983,3.568,6.94e-01,4.67e-03,False,True
IPS7100_MHC_001,pm1_0,day_to_day,2025-04-30,2025-05-01,288,288,3.9,2.9,2.7083,9.2701,6.5617,2.1659,4.9872,0.1261,7.3501,0.8502,20.6835,1.7037,2.3026,1.00e+00,1.00e+00,False,False
IPS7100_MHC_001,pm1_0,day_to_day,2025-05-01,2025-05-02,288,288,2.9,2.9,9.2701,3.237,-6.0331,4.9872,3.6949,0.8502,20.6835,0.2948,12.031,-1.3722,0.7409,1.00e+00,1.00e+00,False,False
IPS7100_MHC_001,pm1_0,day_to_day,2025-05-02,2025-05-03,288,288,2.9,2.9,3.237,0.7827,-2.4543,3.6949,1.524,0.2948,12.031,0.1366,8.2494,-0.8669,0.4125,1.00e+00,1.00e+00,False,False
IPS7100_MHC_001,pm1_0,day_to_day,2025-05-03,2025-05-04,288,288,2.9,46.3,0.7827,0.657,-0.1257,1.524,0.3284,0.1366,8.2494,0.153,3.7726,-0.1138,0.2155,1.00e+00,1.00e+00,False,False
IPS7100_MHC_001,pm1_0,day_to_day,2025-05-04,2025-05-05,288,288,46.3,15.4,0.657,1.0266,0.3696,0.3284,0.4759,0.153,3.7726,0.4317,3.0439,0.9025,1.4494,1.07e-02,8.29e-02,False,False
IPS7100_MHC_001,pm1_0,day_to_day,2025-05-05,2025-05-06,288,288,15.4,7.5,1.0266,0.9281,-0.0985,0.4759,0.5392,0.4317,3.0439,0.0483,2.3713,-0.1934,1.1329,6.79e-01,4.30e-02,False,False
IPS7100_MHC_001,pm1_0,day_to_day,2025-05-06,2025-05-07,288,288,7.5,9.0,0.9281,0.9479,0.0198,0.5392,0.595,0.0483,2.3713,0.0835,3.6088,0.0349,1.1035,9.45e-01,6.70e-01,False,False
IPS7100_MHC_001,pm1_0,day_to_day,2025-05-07,2025-05-08,288,288,9.0,7.4,0.9479,0.8644,-0.0835,0.595,0.6056,0.0835,3.6088,0.1324,2.7938,-0.1389,1.0179,7.84e-01,7.74e-01,False,False
IPS7100_MHC_001,pm1_0,day_to_day,2025-05-08,2025-05-09,288,288,7.4,27.1,0.8644,0.5431,-0.3213,0.6056,0.2298,0.1324,2.7938,0.172,1.1501,-0.7003,0.3794,2.00e-01,4.16e-02,False,False
IPS7100_MHC_001,pm1_0,day_to_day,2025-05-09,2025-05-10,288,288,27.1,26.4,0.5431,1.1892,0.6461,0.2298,0.5121,0.172,1.1501,0.4246,3.8695,1.6249,2.229,1.01e-06,3.97e-03,True,True
IPS7100_MHC_001,pm1_0,day_to_day,2025-05-10,2025-05-11,288,288,26.4,46.1,1.1892,1.2953,0.1061,0.5121,0.4408,0.4246,3.8695,0.5953,4.5691,0.2217,0.8607,3.78e-01,8.53e-01,False,False
IPS7100_MHC_001,pm1_0,day_to_day,2025-05-11,2025-05-12,288,288,46.1,34.2,1.2953,1.0207,-0.2746,0.4408,0.2798,0.5953,4.5691,0.4306,1.7595,-0.7425,0.6348,1.08e-03,3.00e-02,True,False
IPS7100_MHC_001,pm1_0,day_to_day,2025-05-12,2025-05-13,288,288,34.2,8.0,1.0207,1.7313,0.7106,0.2798,0.9536,0.4306,1.7595,0.5659,5.8745,1.0095,3.4076,7.52e-02,3.12e-05,False,True
IPS7100_MHC_001,pm1_0,day_to_day,2025-05-13,2025-05-14,288,288,8.0,7.9,1.7313,4.1141,2.3828,0.9536,2.1553,0.5659,5.8745,1.5476,10.9619,1.4273,2.2602,1.83e-02,4.32e-01,False,False
IPS7100_MHC_001,pm1_0,day_to_day,2025-05-14,2025-05-15,288,288,7.9,4.5,4.1141,7.6041,3.4901,2.1553,3.0664,1.5476,10.9619,3.3509,16.3403,1.3146,1.4227,8.19e-02,5.21e-01,False,False
IPS7100_MHC_001,pm1_0,day_to_day,2025-05-15,2025-05-16,288,288,4.5,2.9,7.6041,10.8136,3.2094,3.0664,8.2252,3.3509,16.3403,2.1106,24.3467,0.5162,2.6824,1.00e+00,1.00e+00,False,False
IPS7100_MHC_001,pm1_0,day_to_day,2025-05-16,2025-05-17,288,288,2.9,2.9,10.8136,15.3707,4.5572,8.2252,5.9168,2.1106,24.3467,6.3289,27.7658,0.635,0.7194,1.00e+00,1.00e+00,False,False
IPS7100_MHC_001,pm1_0,day_to_day,2025-05-17,2025-05-18,288,288,2.9,6.4,15.3707,6.2703,-9.1005,5.9168,2.9091,6.3289,27.7658,1.9606,26.2386,-1.9486,0.4917,1.00e+00,1.00e+00,False,False
IPS7100_MHC_001,pm1_0,day_to_day,2025-05-18,2025-05-19,288,288,6.4,3.1,6.2703,6.9837,0.7135,2.9091,2.8362,1.9606,26.2386,2.7211,14.4931,0.2479,0.975,7.35e-01,6.13e-01,False,False
IPS7100_MHC_001,pm1_0,day_to_day,2025-05-19,2025-05-20,288,288,3.1,2.9,6.9837,3.7761,-3.2076,2.8362,3.8621,2.7211,14.4931,0.0831,12.5897,-0.945,1.3617,1.00e+00,1.00e+00,False,False
IPS7100_MHC_001,pm1_0,day_to_day,2025-05-20,2025-05-21,288,288,2.9,31.1,3.7761,0.834,-2.9421,3.8621,0.3391,0.0831,12.5897,0.2107,2.1334,-1.0713,0.0878,1.00e+00,1.00e+00,False,False
IPS7100_MHC_001,pm1_0,day_to_day,2025-05-21,2025-05-22,288,288,31.1,2.9,0.834,6.4833,5.6493,0.3391,5.5196,0.2107,2.1334,0.4179,23.6698,1.4422,16.2783,1.00e+00,1.00e+00,False,False
IPS7100_MHC_001,pm1_0,day_to_day,2025-05-22,2025-05-23,288,288,2.9,24.7,6.4833,4.1757,-2.3076,5.5196,0.98,0.4179,23.6698,1.6994,6.9133,-0.5811,0.1775,1.00e+00,1.00e+00,False,False
IPS7100_MHC_001,pm1_0,day_to_day,2025-05-23,2025-05-24,288,288,24.7,8.5,4.1757,5.1541,0.9783,0.98,1.8498,1.6994,6.9133,2.6606,10.3842,0.6598,1.8875,1.74e-01,5.93e-01,False,False
IPS7100_MHC_001,pm1_0,day_to_day,2025-05-24,2025-05-25,288,288,8.5,2.9,5.1541,4.8934,-0.2607,1.8498,2.9432,2.6606,10.3842,2.0763,16.9317,-0.1059,1.5911,1.00e+00,1.00e+00,False,False
IPS7100_MHC_001,pm1_0,day_to_day,2025-05-25,2025-05-26,288,288,2.9,3.4,4.8934,2.8508,-2.0425,2.9432,2.4284,2.0763,16.9317,0.0488,9.9251,-0.7557,0.8251,1.00e+00,1.00e+00,False,False
IPS7100_MHC_001,pm1_0,day_to_day,2025-05-26,2025-05-27,288,288,3.4,6.5,2.8508,2.3746,-0.4762,2.4284,1.7284,0.0488,9.9251,0.5479,7.2912,-0.2255,0.7118,7.67e-01,5.21e-01,False,False
IPS7100_MHC_001,pm1_0,day_to_day,2025-05-27,2025-05-28,288,288,6.5,51.1,2.3746,0.367,-2.0077,1.7284,0.1103,0.5479,7.2912,0.1708,0.9163,-1.6365,0.0638,2.88e-02,5.72e-10,False,True
IPS7100_MHC_001,pm1_0,day_to_day,2025-05-28,2025-05-29,288,288,51.1,2.9,0.367,5.2782,4.9112,0.1103,3.6765,0.1708,0.9163,0.398,14.3477,1.8851,33.318,1.00e+00,1.00e+00,False,False
IPS7100_MHC_001,pm1_0,day_to_day,2025-05-29,2025-05-30,288,288,2.9,4.2,5.2782,0.753,-4.5251,3.6765,0.6867,0.398,14.3477,0.0843,2.89,-1.7081,0.1868,1.00e+00,1.00e+00,False,False
IPS7100_MHC_001,pm1_0,day_to_day,2025-05-30,2025-05-31,288,288,4.2,65.0,0.753,0.6707,-0.0823,0.6867,0.1952,0.0843,2.89,0.3157,1.8929,-0.1628,0.2842,8.21e-01,4.18e-05,False,True
IPS7100_MHC_001,pm1_0,day_to_day,2025-05-31,2025-06-01,288,288,65.0,36.7,0.6707,1.0222,0.3515,0.1952,0.6564,0.3157,1.8929,0.1647,5.1761,0.7246,3.3629,3.01e-03,9.07e-07,True,True
IPS7100_MHC_001,pm1_0,day_to_day,2025-06-01,2025-06-02,288,288,36.7,7.5,1.0222,2.7035,1.6813,0.6564,1.3603,0.1647,5.1761,0.5951,5.7929,1.5715,2.0725,1.30e-02,4.38e-05,False,True
IPS7100_MHC_001,pm1_0,day_to_day,2025-06-02,2025-06-03,288,288,7.5,8.0,2.7035,4.6395,1.936,1.3603,1.4307,0.5951,5.7929,1.7233,8.2744,1.3845,1.0518,1.68e-02,5.94e-01,False,False
IPS7100_MHC_001,pm1_0,day_to_day,2025-06-03,2025-06-04,288,286,8.0,5.8,4.6395,2.5598,-2.0797,1.4307,1.772,1.7233,8.2744,0.1137,8.7159,-1.2896,1.2385,4.48e-02,4.24e-01,False,False
IPS7100_MHC_001,pm1_0,day_to_day,2025-06-04,2025-06-05,286,286,5.8,11.0,2.5598,3.3321,0.7723,1.772,2.3214,0.1137,8.7159,1.2011,11.2804,0.3733,1.3101,4.62e-01,7.87e-01,False,False
IPS7100_MHC_001,pm1_0,day_to_day,2025-06-05,2025-06-06,286,288,11.0,17.2,3.3321,5.9258,2.5937,2.3214,1.4447,1.2011,11.2804,3.4553,9.7671,1.3402,0.6223,4.83e-03,3.21e-01,True,False
IPS7100_MHC_001,pm1_0,day_to_day,2025-06-06,2025-06-07,288,288,17.2,9.4,5.9258,6.9082,0.9824,1.4447,2.7354,3.4553,9.7671,3.1669,14.5986,0.4483,1.8933,3.29e-01,1.49e-01,False,False
IPS7100_MHC_001,pm1_0,day_to_day,2025-06-07,2025-06-08,288,288,9.4,10.2,6.9082,5.183,-1.7252,2.7354,2.1071,3.1669,14.5986,2.4594,12.5631,-0.7054,0.7703,1.41e-01,8.65e-01,False,False
IPS7100_MHC_001,pm1_0,day_to_day,2025-06-08,2025-06-09,288,288,10.2,5.1,5.183,1.3592,-3.8238,2.1071,1.3622,2.4594,12.5631,0.1975,5.6101,-2.1515,0.6465,1.08e-03,1.37e-01,True,False
IPS7100_MHC_001,pm1_0,day_to_day,2025-06-09,2025-06-10,288,288,5.1,13.3,1.3592,1.2177,-0.1415,1.3622,0.4974,0.1975,5.6101,0.1035,2.4118,-0.1377,0.3652,8.29e-01,8.94e-02,False,False
IPS7100_MHC_001,pm1_0,day_to_day,2025-06-10,2025-06-11,288,288,13.3,9.9,1.2177,1.8315,0.6138,0.4974,1.0808,0.1035,2.4118,0.2371,5.0195,0.7283,2.1729,1.23e-01,2.30e-01,False,False
IPS7100_MHC_001,pm1_0,day_to_day,2025-06-11,2025-06-12,288,288,9.9,7.1,1.8315,1.1322,-0.6993,1.0808,0.7596,0.2371,5.0195,0.2172,3.3837,-0.7473,0.7028,1.38e-01,2.74e-01,False,False
IPS7100_MHC_001,pm1_0,day_to_day,2025-06-12,2025-06-13,288,288,7.1,9.8,1.1322,3.1342,2.002,0.7596,1.3535,0.2172,3.3837,0.5382,6.6631,1.821,1.7818,1.68e-03,3.74e-02,True,False
IPS7100_MHC_001,pm1_0,day_to_day,2025-06-13,2025-06-14,288,288,9.8,5.7,3.1342,7.351,4.2168,1.3535,3.7262,0.5382,6.6631,2.7261,15.6824,1.5016,2.753,4.54e-02,1.99e-01,False,False
IPS7100_MHC_001,pm1_0,day_to_day,2025-06-14,2025-06-15,288,288,5.7,2.9,7.351,4.3717,-2.9793,3.7262,3.9684,2.7261,15.6824,0.0804,13.7604,-0.7727,1.065,1.00e+00,1.00e+00,False,False
IPS7100_MHC_001,pm1_0,day_to_day,2025-06-15,2025-06-16,288,288,2.9,4.3,4.3717,1.5551,-2.8166,3.9684,1.1456,0.0804,13.7604,0.1855,5.9449,-0.9627,0.2887,1.00e+00,1.00e+00,False,False
IPS7100_MHC_001,pm1_0,day_to_day,2025-06-16,2025-06-17,288,288,4.3,12.7,1.5551,2.2152,0.66,1.1456,0.8841,0.1855,5.9449,1.086,6.1784,0.6439,0.7717,3.28e-01,6.90e-01,False,False
IPS7100_MHC_001,pm1_0,day_to_day,2025-06-17,2025-06-18,288,288,12.7,5.4,2.2152,7.9893,5.7742,0.8841,4.3022,1.086,6.1784,1.4688,15.1017,1.856,4.8663,3.17e-02,1.16e-05,False,True
IPS7100_MHC_001,pm1_0,day_to_day,2025-06-18,2025-06-19,288,288,5.4,41.1,7.9893,9.0022,1.0128,4.3022,1.4783,1.4688,15.1017,5.1969,12.8614,0.3143,0.3436,6.15e-01,5.25e-08,False,True
IPS7100_MHC_001,pm1_0,day_to_day,2025-06-19,2025-06-20,288,288,41.1,19.3,9.0022,7.0263,-1.9759,1.4783,1.8595,5.1969,12.8614,3.6649,12.6052,-1.1743,1.2578,2.98e-04,5.13e-02,True,False
IPS7100_MHC_001,pm1_0,day_to_day,2025-06-20,2025-06-21,288,288,19.3,41.1,7.0263,5.4741,-1.5522,1.8595,1.1035,3.6649,12.6052,3.2085,10.0949,-1.0135,0.5935,2.33e-03,1.41e-02,True,False
IPS7100_MHC_001,pm1_0,day_to_day,2025-06-21,2025-06-22,288,288,41.1,8.8,5.4741,6.8596,1.3855,1.1035,2.7258,3.2085,10.0949,2.1816,13.7396,0.6652,2.4701,1.75e-01,1.24e-02,False,False
IPS7100_MHC_001,pm1_0,day_to_day,2025-06-22,2025-06-23,288,288,8.8,6.4,6.8596,4.4898,-2.3698,2.7258,2.1475,2.1816,13.7396,1.1958,8.414,-0.9641,0.7878,8.08e-02,5.49e-01,False,False
IPS7100_MHC_001,pm1_0,day_to_day,2025-06-23,2025-06-24,288,288,6.4,7.2,4.4898,2.6512,-1.8386,2.1475,1.4173,1.1958,8.414,1.0478,6.6692,-1.0088,0.66,9.90e-02,6.90e-01,False,False
IPS7100_MHC_001,pm1_0,day_to_day,2025-06-24,2025-06-25,288,288,7.2,45.8,2.6512,1.8482,-0.803,1.4173,0.4741,1.0478,6.6692,0.8395,3.1555,-0.7586,0.3345,1.81e-01,2.85e-04,False,True
IPS7100_MHC_001,pm1_0,day_to_day,2025-06-25,2025-06-26,288,288,45.8,22.8,1.8482,1.6546,-0.1936,0.4741,0.5376,0.8395,3.1555,0.8416,3.8984,-0.3812,1.134,1.53e-01,9.30e-01,False,False
IPS7100_MHC_001,pm1_0,day_to_day,2025-06-26,2025-06-27,288,288,22.8,36.0,1.6546,1.3418,-0.3128,0.5376,0.3825,0.8416,3.8984,0.5175,2.5785,-0.6693,0.7114,2.10e-02,1.87e-01,False,False
IPS7100_MHC_001,pm1_0,day_to_day,2025-06-27,2025-06-28,288,288,36.0,63.8,1.3418,1.4208,0.079,0.3825,0.3215,0.5175,2.5785,0.6894,2.2364,0.2232,0.8405,3.00e-01,6.46e-01,False,False
IPS7100_MHC_001,pm1_0,day_to_day,2025-06-28,2025-06-29,288,288,63.8,19.7,1.4208,1.6634,0.2426,0.3215,0.5665,0.6894,2.2364,0.8508,3.5158,0.5257,1.7622,8.38e-02,1.74e-02,False,False
IPS7100_MHC_001,pm1_0,day_to_day,2025-06-29,2025-06-30,288,288,19.7,6.5,1.6634,4.859,3.1956,0.5665,2.4841,0.8508,3.5158,0.6448,14.4566,1.7706,4.3847,1.92e-02,3.47e-04,False,True
IPS7100_MHC_001,pm1_0,day_to_day,2025-06-30,2025-07-01,288,288,6.5,4.6,4.859,2.4784,-2.3806,2.4841,3.2819,0.6448,14.4566,0.6398,13.2754,-0.8165,1.3212,2.35e-01,8.60e-01,False,False
IPS7100_MHC_001,pm1_0,day_to_day,2025-07-01,2025-07-02,288,288,4.6,4.4,2.4784,3.9173,1.439,3.2819,3.111,0.6398,13.2754,0.9387,15.062,0.4492,0.9479,5.21e-01,6.30e-01,False,False
IPS7100_MHC_001,pm1_0,day_to_day,2025-07-02,2025-07-03,288,288,4.4,5.0,3.9173,5.6242,1.7069,3.111,3.302,0.9387,15.062,2.2951,18.0448,0.5311,1.0614,4.41e-01,8.27e-01,False,False
IPS7100_MHC_001,pm1_0,day_to_day,2025-07-03,2025-07-04,288,288,5.0,8.3,5.6242,5.0843,-0.5399,3.302,2.8923,2.2951,18.0448,0.9342,13.3899,-0.1736,0.8759,7.71e-01,1.14e-01,False,False
IPS7100_MHC_001,pm1_0,day_to_day,2025-07-04,2025-07-05,288,288,8.3,6.5,5.0843,16.7714,11.6871,2.8923,4.7596,0.9342,13.3899,5.4952,25.7341,2.9625,1.6456,4.46e-04,8.92e-01,True,False
IPS7100_MHC_001,pm1_0,day_to_day,2025-07-05,2025-07-06,288,288,6.5,23.4,16.7714,9.5193,-7.2522,4.7596,2.2481,5.4952,25.7341,4.8509,15.5234,-1.945,0.4723,8.85e-03,2.89e-01,True,False
IPS7100_MHC_001,pm1_0,day_to_day,2025-07-06,2025-07-07,288,288,23.4,9.1,9.5193,9.1266,-0.3926,2.2481,3.0253,4.8509,15.5234,2.3447,14.967,-0.1471,1.3457,7.29e-01,6.38e-01,False,False
IPS7100_MHC_001,pm1_0,day_to_day,2025-07-07,2025-07-08,288,287,9.1,25.0,9.1266,6.1763,-2.9504,3.0253,1.3779,2.3447,14.967,3.0239,10.613,-1.2522,0.4555,1.89e-02,8.38e-02,False,False
IPS7100_MHC_001,pm1_0,day_to_day,2025-07-08,2025-07-09,287,288,25.0,9.0,6.1763,3.1536,-3.0226,1.3779,1.6113,3.0239,10.613,0.8234,7.8907,-2.0124,1.1694,2.67e-04,2.92e-01,True,False
IPS7100_MHC_001,pm1_0,day_to_day,2025-07-09,2025-07-10,288,288,9.0,5.4,3.1536,4.9774,1.8238,1.6113,3.1369,0.8234,7.8907,1.0392,12.1329,0.7301,1.9468,2.60e-01,2.79e-01,False,False
IPS7100_MHC_001,pm1_0,day_to_day,2025-07-10,2025-07-11,288,288,5.4,7.8,4.9774,7.5501,2.5726,3.1369,3.3147,1.0392,12.1329,1.9262,14.1933,0.7958,1.0567,1.85e-01,9.99e-01,False,False
IPS7100_MHC_001,pm1_0,day_to_day,2025-07-11,2025-07-12,288,288,7.8,31.3,7.5501,3.8265,-3.7236,3.3147,0.849,1.9262,14.1933,1.6956,5.966,-1.5363,0.2561,1.74e-02,5.34e-06,False,True
IPS7100_MHC_001,pm1_0,day_to_day,2025-07-12,2025-07-13,288,288,31.3,8.5,3.8265,3.4326,-0.3939,0.849,2.0102,1.6956,5.966,1.0007,13.8651,-0.2548,2.3677,5.93e-01,3.76e-02,False,False
IPS7100_MHC_001,pm1_0,day_to_day,2025-07-13,2025-07-14,288,288,8.5,12.0,3.4326,2.986,-0.4466,2.0102,1.205,1.0007,13.8651,1.0097,8.1199,-0.269,0.5994,5.76e-01,1.46e-01,False,False
IPS7100_MHC_001,pm1_0,day_to_day,2025-07-14,2025-07-15,288,288,12.0,20.4,2.986,5.1354,2.1494,1.205,1.2599,1.0097,8.1199,2.8063,8.357,1.7406,1.0456,6.54e-05,2.53e-01,True,False
IPS7100_MHC_001,pm1_0,day_to_day,2025-07-15,2025-07-16,288,288,20.4,25.1,5.1354,9.7358,4.6004,1.2599,1.9616,2.8063,8.357,5.9353,16.2539,2.7858,1.557,5.06e-12,5.48e-01,True,False
IPS7100_MHC_001,pm1_0,day_to_day,2025-07-16,2025-07-17,288,288,25.1,41.0,9.7358,14.1021,4.3663,1.9616,1.9492,5.9353,16.2539,8.0925,18.8247,2.2291,0.9937,9.10e-12,2.87e-01,True,False
IPS7100_MHC_001,pm1_0,day_to_day,2025-07-17,2025-07-18,288,288,41.0,11.2,14.1021,11.3646,-2.7375,1.9492,2.6463,8.0925,18.8247,6.1925,16.565,-1.1759,1.3576,6.51e-03,3.40e-02,True,False
IPS7100_MHC_001,pm1_0,day_to_day,2025-07-18,2025-07-19,288,288,11.2,24.5,11.3646,4.9054,-6.4592,2.6463,1.3299,6.1925,16.565,2.385,10.0225,-3.0789,0.5025,4.11e-06,3.11e-04,True,True
IPS7100_MHC_001,pm1_0,day_to_day,2025-07-19,2025-07-20,288,288,24.5,14.6,4.9054,5.4753,0.5699,1.3299,1.8139,2.385,10.0225,2.2524,9.9427,0.3577,1.3639,3.08e-01,1.76e-01,False,False
IPS7100_MHC_001,pm1_0,day_to_day,2025-07-20,2025-07-21,288,288,14.6,14.6,5.4753,5.4831,0.0078,1.8139,1.829,2.2524,9.9427,2.1685,9.911,0.0042,1.0084,9.91e-01,9.44e-01,False,False
IPS7100_MHC_001,pm1_0,day_to_day,2025-07-21,2025-07-22,288,288,14.6,12.8,5.4831,5.5408,0.0577,1.829,1.6957,2.1685,9.911,1.8052,9.2036,0.0327,0.9271,9.33e-01,6.19e-01,False,False
IPS7100_MHC_001,pm1_0,day_to_day,2025-07-22,2025-07-23,288,288,12.8,16.5,5.5408,3.2588,-2.282,1.6957,0.9646,1.8052,9.2036,1.3341,6.0799,-1.6514,0.5689,4.44e-04,8.38e-02,True,False
IPS7100_MHC_001,pm1_0,day_to_day,2025-07-23,2025-07-24,288,288,16.5,9.9,3.2588,2.7394,-0.5194,0.9646,1.3346,1.3341,6.0799,0.7851,6.8952,-0.4453,1.3835,3.03e-01,4.20e-01,False,False
IPS7100_MHC_001,pm1_0,day_to_day,2025-07-24,2025-07-25,288,288,9.9,42.9,2.7394,2.5626,-0.1768,1.3346,0.6021,0.7851,6.8952,1.3904,5.3112,-0.1705,0.4511,6.93e-01,2.11e-02,False,False
IPS7100_MHC_001,pm1_0,day_to_day,2025-07-25,2025-07-26,288,288,42.9,43.7,2.5626,4.0421,1.4795,0.6021,1.1294,1.3904,5.3112,2.0674,12.6569,1.632,1.8759,1.36e-10,2.36e-03,True,True
IPS7100_MHC_001,pm1_0,day_to_day,2025-07-26,2025-07-27,288,288,43.7,17.2,4.0421,3.7383,-0.3037,1.1294,1.2959,2.0674,12.6569,1.733,7.7307,-0.2495,1.1475,4.02e-01,1.81e-01,False,False
IPS7100_MHC_001,pm1_0,day_to_day,2025-07-27,2025-07-28,288,288,17.2,32.0,3.7383,4.8302,1.0919,1.2959,1.065,1.733,7.7307,1.8346,7.8693,0.919,0.8218,5.75e-03,5.41e-01,True,False
IPS7100_MHC_001,pm1_0,day_to_day,2025-07-28,2025-07-29,288,288,32.0,9.4,4.8302,6.8199,1.9897,1.065,2.6219,1.8346,7.8693,3.6,13.652,0.9926,2.4619,4.82e-02,3.89e-02,False,False
IPS7100_MHC_001,pm1_0,day_to_day,2025-07-29,2025-07-30,288,288,9.4,14.4,6.8199,8.4429,1.623,2.6219,2.5009,3.6,13.652,4.3166,15.2842,0.6324,0.9539,1.51e-01,8.96e-01,False,False
IPS7100_MHC_001,pm1_0,day_to_day,2025-07-30,2025-07-31,288,288,14.4,31.1,8.4429,6.4188,-2.0241,2.5009,1.4191,4.3166,15.2842,3.1288,10.0491,-0.9938,0.5674,1.07e-02,5.60e-02,False,False
IPS7100_MHC_001,pm1_0,day_to_day,2025-07-31,2025-08-01,288,288,31.1,25.5,6.4188,4.3701,-2.0487,1.4191,1.1752,3.1288,10.0491,2.3116,7.4179,-1.5697,0.8282,2.10e-07,3.65e-01,True,False
IPS7100_MHC_001,pm1_0,day_to_day,2025-08-01,2025-08-02,288,288,25.5,12.4,4.3701,2.0289,-2.3411,1.1752,0.8722,2.3116,7.4179,0.5423,5.0933,-2.2583,0.7422,1.27e-07,9.29e-01,True,False
IPS7100_MHC_001,pm1_0,day_to_day,2025-08-02,2025-08-03,288,288,12.4,3.9,2.0289,9.2234,7.1944,0.8722,4.1638,0.5423,5.0933,2.169,16.196,2.3875,4.7738,4.21e-02,5.20e-05,False,True
IPS7100_MHC_001,pm1_0,day_to_day,2025-08-03,2025-08-04,288,288,3.9,2.9,9.2234,6.5612,-2.6621,4.1638,4.873,2.169,16.196,0.7148,16.6019,-0.5864,1.1703,1.00e+00,1.00e+00,False,False
IPS7100_MHC_001,pm1_0,day_to_day,2025-08-04,2025-08-05,288,288,2.9,15.4,6.5612,15.782,9.2208,4.873,2.7073,0.7148,16.6019,8.8132,25.1373,2.3352,0.5556,1.00e+00,1.00e+00,False,False
IPS7100_MHC_001,pm1_0,day_to_day,2025-08-05,2025-08-06,288,288,15.4,10.0,15.782,13.9143,-1.8678,2.7073,3.0209,8.8132,25.1373,7.0014,20.1303,-0.65,1.1158,1.31e-01,4.13e-01,False,False
IPS7100_MHC_001,pm1_0,day_to_day,2025-08-06,2025-08-07,288,288,10.0,4.2,13.9143,5.704,-8.2102,3.0209,3.0051,7.0014,20.1303,1.4253,11.3917,-2.7202,0.9948,3.44e-03,6.14e-01,True,False
IPS7100_MHC_001,pm1_0,day_to_day,2025-08-07,2025-08-08,288,288,4.2,44.4,5.704,3.1851,-2.519,3.0051,0.7567,1.4253,11.3917,1.5173,6.0605,-1.1476,0.2518,1.82e-01,1.01e-06,False,True
IPS7100_MHC_001,pm1_0,day_to_day,2025-08-08,2025-08-09,288,288,44.4,57.9,3.1851,3.7099,0.5248,0.7567,0.7146,1.5173,6.0605,1.979,7.2062,0.7119,0.9444,6.00e-04,6.77e-01,True,False
IPS7100_MHC_001,pm1_0,day_to_day,2025-08-09,2025-08-10,288,288,57.9,14.8,3.7099,3.7005,-0.0094,0.7146,1.2278,1.979,7.2062,1.642,6.7951,-0.0094,1.7181,9.78e-01,7.60e-04,False,True
IPS7100_MHC_001,pm1_0,day_to_day,2025-08-10,2025-08-11,288,288,14.8,21.1,3.7005,3.4344,-0.2661,1.2278,0.8623,1.642,6.7951,2.2744,6.5038,-0.2504,0.7023,4.80e-01,1.83e-02,False,False
IPS7100_MHC_001,pm1_0,day_to_day,2025-08-11,2025-08-12,288,288,21.1,18.0,3.4344,5.0034,1.569,0.8623,1.5829,2.2744,6.5038,2.1206,9.1222,1.2289,1.8356,9.10e-04,1.82e-02,True,False
IPS7100_MHC_001,pm1_0,day_to_day,2025-08-12,2025-08-13,288,288,18.0,15.3,5.0034,5.1708,0.1674,1.5829,1.4829,2.1206,9.1222,2.2909,8.8311,0.109,0.9369,7.56e-01,3.96e-01,False,False
IPS7100_MHC_001,pm1_0,day_to_day,2025-08-13,2025-08-14,288,288,15.3,22.9,5.1708,3.0731,-2.0978,1.4829,0.9223,2.2909,8.8311,0.8704,5.2907,-1.6958,0.622,6.76e-05,4.79e-01,True,False
IPS7100_MHC_001,pm1_0,day_to_day,2025-08-14,2025-08-15,288,288,22.9,7.4,3.0731,4.0573,0.9842,0.9223,1.9578,0.8704,5.2907,0.7689,7.7527,0.642,2.1227,2.28e-01,2.72e-02,False,False
IPS7100_MHC_001,pm1_0,day_to_day,2025-08-15,2025-08-16,288,288,7.4,21.6,4.0573,2.1433,-1.9139,1.9578,0.6989,0.7689,7.7527,0.9262,4.0079,-1.2998,0.357,3.62e-02,1.41e-03,False,True
IPS7100_MHC_001,pm1_0,day_to_day,2025-08-16,2025-08-17,288,288,21.6,7.7,2.1433,6.3223,4.1789,0.6989,2.7151,0.9262,4.0079,1.5091,11.8115,2.1043,3.885,3.97e-03,2.19e-07,True,True
IPS7100_MHC_001,pm1_0,day_to_day,2025-08-17,2025-08-18,288,288,7.7,5.1,6.3223,4.6269,-1.6954,2.7151,2.048,1.5091,11.8115,1.38,8.9274,-0.7038,0.7543,2.33e-01,1.57e-01,False,False
IPS7100_MHC_001,pm1_0,day_to_day,2025-08-18,2025-08-19,288,288,5.1,10.1,4.6269,4.6013,-0.0256,2.048,1.7398,1.38,8.9274,1.6612,8.6098,-0.0135,0.8495,9.81e-01,8.41e-01,False,False
IPS7100_MHC_001,pm1_0,day_to_day,2025-08-19,2025-08-20,288,288,10.1,18.0,4.6013,5.5785,0.9773,1.7398,1.5946,1.6612,8.6098,2.2776,9.7117,0.5846,0.9166,1.60e-01,4.61e-01,False,False
IPS7100_MHC_001,pm1_0,day_to_day,2025-08-20,2025-08-21,288,288,18.0,22.7,5.5785,3.8357,-1.7429,1.5946,1.0571,2.2776,9.7117,1.698,7.4616,-1.2861,0.6629,4.24e-04,1.96e-01,True,False
IPS7100_MHC_001,pm1_0,day_to_day,2025-08-21,2025-08-22,288,288,22.7,10.8,3.8357,4.3836,0.5479,1.0571,1.51,1.698,7.4616,1.7215,8.273,0.4197,1.4284,3.02e-01,5.34e-01,False,False
IPS7100_MHC_001,pm1_0,day_to_day,2025-08-22,2025-08-23,288,288,10.8,4.7,4.3836,4.7945,0.4108,1.51,2.6233,1.7215,8.273,1.5032,11.5047,0.1916,1.7373,7.64e-01,1.27e-01,False,False
IPS7100_MHC_001,pm1_0,day_to_day,2025-08-23,2025-08-24,288,288,4.7,70.0,4.7945,2.6519,-2.1426,2.6233,0.4652,1.5032,11.5047,1.3873,3.774,-1.1353,0.1773,1.57e-01,1.64e-08,False,True
IPS7100_MHC_001,pm1_0,day_to_day,2025-08-24,2025-08-25,288,288,70.0,18.5,2.6519,4.7014,2.0495,0.4652,1.1916,1.3873,3.774,2.7131,8.4725,2.2618,2.5615,7.18e-07,5.30e-04,True,True
IPS7100_MHC_001,pm1_0,day_to_day,2025-08-25,2025-08-26,288,288,18.5,6.3,4.7014,4.7035,0.0021,1.1916,1.9658,2.7131,8.4725,1.2802,9.257,0.0013,1.6497,9.98e-01,9.62e-02,False,False
IPS7100_MHC_001,pm1_0,day_to_day,2025-08-26,2025-08-27,288,288,6.3,48.8,4.7035,6.1364,1.4329,1.9658,1.052,1.2802,9.257,3.8113,9.9878,0.9073,0.5351,1.27e-01,1.00e-01,False,False
IPS7100_MHC_001,pm1_0,day_to_day,2025-08-27,2025-08-28,288,288,48.8,27.0,6.1364,7.0679,0.9316,1.052,1.5912,3.8113,9.9878,3.2919,10.9922,0.6894,1.5126,9.60e-03,2.17e-02,True,False
IPS7100_MHC_001,pm1_0,day_to_day,2025-08-28,2025-08-29,288,288,27.0,3.6,7.0679,9.4496,2.3817,1.5912,5.3414,3.2919,10.9922,1.5542,22.8787,0.6033,3.3568,4.70e-01,2.12e-01,False,False
IPS7100_MHC_001,pm1_0,day_to_day,2025-08-29,2025-08-30,288,288,3.6,2.9,9.4496,12.4877,3.0381,5.3414,10.0902,1.5542,22.8787,0.103,35.1528,0.3757,1.8891,1.00e+00,1.00e+00,False,False
IPS7100_MHC_001,pm1_0,day_to_day,2025-08-30,2025-08-31,288,288,2.9,7.3,12.4877,4.1182,-8.3695,10.0902,1.8454,0.103,35.1528,0.1462,8.9159,-1.1519,0.1829,1.00e+00,1.00e+00,False,False
IPS7100_MHC_001,pm1_0,day_to_day,2025-08-31,2025-09-01,288,288,7.3,4.8,4.1182,5.1335,1.0153,1.8454,2.9065,0.1462,8.9159,0.8021,13.127,0.4163,1.575,5.24e-01,7.75e-01,False,False
IPS7100_MHC_001,pm1_0,day_to_day,2025-09-01,2025-09-02,288,288,4.8,6.9,5.1335,6.2379,1.1045,2.9065,2.5124,0.8021,13.127,1.3556,11.0216,0.4059,0.8644,5.22e-01,5.48e-01,False,False
IPS7100_MHC_001,pm1_0,day_to_day,2025-09-02,2025-09-03,288,288,6.9,2.9,6.2379,2.5633,-3.6746,2.5124,2.0778,1.3556,11.0216,0.3248,6.876,-1.5912,0.827,1.00e+00,1.00e+00,False,False
IPS7100_MHC_001,pm1_0,day_to_day,2025-09-03,2025-09-04,288,288,2.9,27.9,2.5633,1.9214,-0.6419,2.0778,0.8363,0.3248,6.876,0.4743,7.5309,-0.4046,0.4025,1.00e+00,1.00e+00,False,False
IPS7100_MHC_001,pm1_0,day_to_day,2025-09-04,2025-09-05,288,288,27.9,21.9,1.9214,3.3346,1.4133,0.8363,0.9223,0.4743,7.5309,1.607,5.3273,1.6025,1.1028,1.49e-06,2.99e-02,True,False
IPS7100_MHC_001,pm1_0,day_to_day,2025-09-05,2025-09-06,288,288,21.9,3.9,3.3346,9.5771,6.2425,0.9223,5.1003,1.607,5.3273,1.442,21.4076,1.7003,5.5299,9.56e-02,8.68e-12,False,True
IPS7100_MHC_001,pm1_0,day_to_day,2025-09-06,2025-09-07,288,288,3.9,3.4,9.5771,10.3184,0.7413,5.1003,4.7016,1.442,21.4076,3.6841,20.2708,0.1509,0.9218,8.45e-01,3.78e-01,False,False
IPS7100_MHC_001,pm1_0,day_to_day,2025-09-07,2025-09-08,288,288,3.4,14.6,10.3184,4.3947,-5.9237,4.7016,1.4861,3.6841,20.2708,2.0809,7.8777,-1.696,0.3161,1.21e-01,5.88e-02,False,False
IPS7100_MHC_001,pm1_0,day_to_day,2025-09-08,2025-09-09,288,288,14.6,21.4,4.3947,2.845,-1.5497,1.4861,0.8014,2.0809,7.8777,1.3804,5.4999,-1.2958,0.5393,1.77e-03,1.53e-03,True,True
IPS7100_MHC_001,pm1_0,day_to_day,2025-09-09,2025-09-10,288,288,21.4,9.5,2.845,5.3639,2.5189,0.8014,1.9483,1.3804,5.4999,2.2289,12.414,1.688,2.4311,3.36e-03,5.92e-03,True,True
IPS7100_MHC_001,pm1_0,day_to_day,2025-09-10,2025-09-11,288,288,9.5,11.9,5.3639,6.2023,0.8385,1.9483,1.8782,2.2289,12.414,2.536,11.2439,0.4374,0.964,3.28e-01,5.43e-01,False,False
IPS7100_MHC_001,pm1_0,day_to_day,2025-09-11,2025-09-12,288,288,11.9,11.9,6.2023,5.8595,-0.3429,1.8782,1.8393,2.536,11.2439,2.8164,10.013,-0.1841,0.9793,6.58e-01,8.21e-01,False,False
IPS7100_MHC_001,pm1_0,day_to_day,2025-09-12,2025-09-13,288,288,11.9,13.8,5.8595,6.6778,0.8184,1.8393,1.7858,2.8164,10.013,3.6116,10.7549,0.4507,0.9709,2.68e-01,5.64e-01,False,False
IPS7100_MHC_001,pm1_0,day_to_day,2025-09-13,2025-09-14,288,288,13.8,10.3,6.6778,7.6895,1.0116,1.7858,2.1863,3.6116,10.7549,4.7257,13.4976,0.5059,1.2243,2.42e-01,7.67e-01,False,False
IPS7100_MHC_001,pm1_0,day_to_day,2025-09-14,2025-09-15,288,288,10.3,25.1,7.6895,11.02,3.3306,2.1863,1.8755,4.7257,13.4976,7.117,17.9667,1.6323,0.8578,6.49e-04,4.50e-01,True,False
IPS7100_MHC_001,pm1_0,day_to_day,2025-09-15,2025-09-16,288,288,25.1,5.9,11.02,9.6287,-1.3914,1.8755,3.0658,7.117,17.9667,3.8275,16.2045,-0.5465,1.6346,3.34e-01,1.22e-01,False,False
IPS7100_MHC_001,pm1_0,day_to_day,2025-09-16,2025-09-17,288,288,5.9,17.4,9.6287,9.3807,-0.248,3.0658,2.2079,3.8275,16.2045,5.3237,14.2435,-0.0927,0.7202,8.62e-01,5.60e-01,False,False
IPS7100_MHC_001,pm1_0,day_to_day,2025-09-17,2025-09-18,288,288,17.4,16.3,9.3807,9.5091,0.1285,2.2079,2.4858,5.3237,14.2435,4.7234,18.3939,0.0546,1.1259,8.76e-01,5.30e-01,False,False
IPS7100_MHC_001,pm1_0,day_to_day,2025-09-18,2025-09-19,288,288,16.3,3.4,9.5091,10.9909,1.4817,2.4858,4.7184,4.7234,18.3939,3.3073,20.0568,0.3922,1.8981,6.18e-01,8.65e-03,False,True
IPS7100_MHC_001,pm1_0,day_to_day,2025-09-19,2025-09-20,288,288,3.4,2.9,10.9909,8.495,-2.4959,4.7184,4.9801,3.3073,20.0568,1.9834,16.0586,-0.5136,1.0555,1.00e+00,1.00e+00,False,False
IPS7100_MHC_001,pm1_0,day_to_day,2025-09-20,2025-09-21,288,288,2.9,3.3,8.495,3.9487,-4.5462,4.9801,3.6935,1.9834,16.0586,1.306,20.8469,-1.0351,0.7417,1.00e+00,1.00e+00,False,False
IPS7100_MHC_001,pm1_0,day_to_day,2025-09-21,2025-09-22,288,288,3.3,16.2,3.9487,2.0598,-1.8889,3.6935,0.894,1.306,20.8469,0.3953,6.6461,-0.7017,0.2421,4.39e-01,3.40e-02,False,False
IPS7100_MHC_001,pm1_0,day_to_day,2025-09-22,2025-09-23,288,288,16.2,45.8,2.0598,1.4931,-0.5668,0.894,0.4478,0.3953,6.6461,0.6908,3.1366,-0.8002,0.5009,2.53e-02,1.10e-02,False,False
IPS7100_MHC_001,pm1_0,day_to_day,2025-09-23,2025-09-24,288,288,45.8,5.8,1.4931,1.9847,0.4917,0.4478,1.6356,0.6908,3.1366,0.3723,9.6427,0.4093,3.6521,5.03e-01,5.04e-02,False,False
IPS7100_MHC_001,pm1_0,day_to_day,2025-09-24,2025-09-25,288,288,5.8,5.2,1.9847,2.129,0.1443,1.6356,1.435,0.3723,9.6427,0.3594,8.1707,0.0936,0.8773,8.80e-01,8.09e-01,False,False
IPS7100_MHC_001,pm1_0,day_to_day,2025-09-25,2025-09-26,288,288,5.2,25.4,2.129,3.9713,1.8423,1.435,1.0515,0.3594,8.1707,1.9153,8.3861,1.4621,0.7327,3.86e-02,3.06e-01,False,False
IPS7100_MHC_001,pm1_0,day_to_day,2025-09-26,2025-09-27,288,288,25.4,10.0,3.9713,3.7755,-0.1958,1.0515,1.4885,1.9153,8.3861,1.6794,8.3592,-0.1517,1.4157,7.11e-01,6.69e-01,False,False
IPS7100_MHC_001,pm1_0,day_to_day,2025-09-27,2025-09-28,288,288,10.0,10.0,3.7755,4.406,0.6305,1.4885,1.6522,1.6794,8.3592,1.858,8.0484,0.4003,1.11,3.84e-01,4.66e-01,False,False
IPS7100_MHC_001,pm1_0,day_to_day,2025-09-28,2025-09-29,288,288,10.0,10.1,4.406,3.0616,-1.3444,1.6522,1.3144,1.858,8.0484,1.418,8.0046,-0.899,0.7955,6.03e-02,1.07e-01,False,False
IPS7100_MHC_001,pm1_0,day_to_day,2025-09-29,2025-09-30,288,288,10.1,17.8,3.0616,2.6245,-0.4371,1.3144,0.9343,1.418,8.0046,1.2546,6.176,-0.3827,0.7108,3.68e-01,9.54e-01,False,False
IPS7100_MHC_001,pm1_0,day_to_day,2025-09-30,2025-10-01,288,288,17.8,27.0,2.6245,4.1924,1.5679,0.9343,1.0064,1.2546,6.176,2.3252,8.2109,1.6119,1.0772,4.80e-06,7.55e-01,True,False
IPS7100_MHC_001,pm1_0,day_to_day,2025-10-01,2025-10-02,288,288,27.0,6.8,4.1924,5.3358,1.1435,1.0064,2.3742,2.3252,8.2109,2.3554,12.1327,0.626,2.3592,2.65e-01,5.16e-02,False,False
IPS7100_MHC_001,pm1_0,day_to_day,2025-10-02,2025-10-03,288,288,6.8,6.7,5.3358,5.1984,-0.1375,2.3742,2.1355,2.3554,12.1327,1.59,9.9796,-0.0608,0.8994,9.13e-01,7.42e-01,False,False
IPS7100_MHC_001,pm1_0,day_to_day,2025-10-03,2025-10-04,288,288,6.7,9.6,5.1984,4.2763,-0.9221,2.1355,1.5384,1.59,9.9796,1.3354,8.2481,-0.4946,0.7204,3.64e-01,8.44e-01,False,False
IPS7100_MHC_001,pm1_0,day_to_day,2025-10-04,2025-10-05,288,288,9.6,16.3,4.2763,2.1118,-2.1645,1.5384,0.8088,1.3354,8.2481,0.7322,4.2105,-1.7581,0.5257,1.85e-03,1.92e-03,True,True
IPS7100_MHC_001,pm1_0,day_to_day,2025-10-05,2025-10-06,288,288,16.3,8.0,2.1118,1.5254,-0.5864,0.8088,0.8511,0.7322,4.2105,0.4874,4.0216,-0.7051,1.0524,1.29e-01,6.22e-01,False,False
IPS7100_MHC_001,pm1_0,day_to_day,2025-10-06,2025-10-07,288,288,8.0,71.7,1.5254,1.9973,0.4719,0.8511,0.41,0.4874,4.0216,0.7725,3.3745,0.7052,0.4817,1.65e-01,4.56e-03,False,True
IPS7100_MHC_001,pm1_0,day_to_day,2025-10-07,2025-10-08,288,288,71.7,34.0,1.9973,2.4853,0.4881,0.41,0.5484,0.7725,3.3745,1.338,3.9456,1.0063,1.3376,2.75e-05,2.82e-02,True,False
IPS7100_MHC_001,pm1_0,day_to_day,2025-10-08,2025-10-09,288,288,34.0,4.5,2.4853,4.4565,1.9712,0.5484,2.306,1.338,3.9456,1.0224,10.175,1.174,4.2049,1.55e-01,4.59e-04,False,True
IPS7100_MHC_001,pm1_0,day_to_day,2025-10-09,2025-10-10,288,288,4.5,15.0,4.4565,1.9751,-2.4814,2.306,0.7202,1.0224,10.175,0.6796,4.2625,-1.4501,0.3123,9.36e-02,3.70e-02,False,False
IPS7100_MHC_001,pm1_0,day_to_day,2025-10-10,2025-10-11,288,288,15.0,10.2,1.9751,2.5574,0.5823,0.7202,1.1278,0.6796,4.2625,0.7886,6.557,0.6144,1.566,1.67e-01,3.83e-01,False,False
IPS7100_MHC_001,pm1_0,day_to_day,2025-10-11,2025-10-12,288,288,10.2,28.9,2.5574,2.6203,0.0629,1.1278,0.7374,0.7886,6.557,1.2109,4.9499,0.0659,0.6539,8.71e-01,6.79e-01,False,False
IPS7100_MHC_001,pm1_0,day_to_day,2025-10-12,2025-10-13,288,288,28.9,53.3,2.6203,2.6461,0.0257,0.7374,0.878,1.2109,4.9499,1.2899,9.122,0.0317,1.1906,8.88e-01,6.14e-01,False,False
IPS7100_MHC_001,pm1_0,day_to_day,2025-10-13,2025-10-14,288,288,53.3,3.9,2.6461,4.7421,2.096,0.878,2.6957,1.2899,9.122,1.7291,11.2843,1.0437,3.0703,2.28e-01,1.30e-02,False,False
IPS7100_MHC_001,pm1_0,day_to_day,2025-10-14,2025-10-15,288,288,3.9,6.7,4.7421,4.4086,-0.3335,2.6957,2.1966,1.7291,11.2843,1.416,11.3636,-0.1354,0.8149,8.44e-01,8.81e-01,False,False
IPS7100_MHC_001,pm1_0,day_to_day,2025-10-15,2025-10-16,288,288,6.7,19.0,4.4086,3.1016,-1.3071,2.1966,0.8446,1.416,11.3636,1.4124,5.1174,-0.7841,0.3845,1.81e-01,4.48e-02,False,False
IPS7100_MHC_001,pm1_0,day_to_day,2025-10-16,2025-10-17,288,288,19.0,14.0,3.1016,4.0579,0.9564,0.8446,1.5292,1.4124,5.1174,1.3829,7.4038,0.7729,1.8106,4.81e-02,1.62e-02,False,False
IPS7100_MHC_001,pm1_0,day_to_day,2025-10-17,2025-10-18,288,288,14.0,20.7,4.0579,1.8951,-2.1628,1.5292,0.8948,1.3829,7.4038,0.5718,6.7729,-1.7234,0.5851,1.33e-04,1.48e-02,True,False
IPS7100_MHC_001,pm1_0,day_to_day,2025-10-18,2025-10-19,288,288,20.7,2.9,1.8951,1.8791,-0.016,0.8948,2.4645,0.5718,6.7729,0.1459,10.1073,-0.0086,2.7544,1.00e+00,1.00e+00,False,False
IPS7100_MHC_001,pm1_0,day_to_day,2025-10-19,2025-10-20,288,288,2.9,53.1,1.8791,1.7993,-0.0798,2.4645,0.7532,0.1459,10.1073,0.5679,8.0843,-0.0437,0.3056,1.00e+00,1.00e+00,False,False
IPS7100_MHC_001,pm1_0,day_to_day,2025-10-20,2025-10-21,288,288,53.1,3.0,1.7993,1.4251,-0.3743,0.7532,1.4484,0.5679,8.0843,0.103,5.3252,-0.3236,1.9231,1.00e+00,1.00e+00,False,False
IPS7100_MHC_001,pm1_0,day_to_day,2025-10-21,2025-10-22,288,288,3.0,26.7,1.4251,0.9275,-0.4976,1.4484,0.4538,0.103,5.3252,0.2447,3.0452,-0.4628,0.3133,1.00e+00,1.00e+00,False,False
IPS7100_MHC_001,pm1_0,day_to_day,2025-10-22,2025-10-23,288,288,26.7,6.5,0.9275,2.1925,1.265,0.4538,1.6993,0.2447,3.0452,0.3831,7.2618,1.0154,3.7445,1.12e-01,1.18e-02,False,False
IPS7100_MHC_001,pm1_0,day_to_day,2025-10-23,2025-10-24,288,288,6.5,7.7,2.1925,4.8726,2.6801,1.6993,2.6473,0.3831,7.2618,1.3574,14.4323,1.2028,1.5579,4.14e-02,3.11e-01,False,False
IPS7100_MHC_001,pm1_0,day_to_day,2025-10-24,2025-10-25,288,288,7.7,2.9,4.8726,1.7176,-3.155,2.6473,2.3279,1.3574,14.4323,0.1015,9.4683,-1.2635,0.8794,1.00e+00,1.00e+00,False,False
IPS7100_MHC_001,pm1_0,day_to_day,2025-10-25,2025-10-26,288,288,2.9,2.9,1.7176,15.5376,13.82,2.3279,13.386,0.1015,9.4683,0.4549,48.466,1.436,5.7502,1.00e+00,1.00e+00,False,False
IPS7100_MHC_001,pm1_0,day_to_day,2025-10-26,2025-10-27,288,288,2.9,7.4,15.5376,7.9294,-7.6082,13.386,2.8037,0.4549,48.466,2.7233,16.5255,-0.7854,0.2094,1.00e+00,1.00e+00,False,False
IPS7100_MHC_001,pm1_0,day_to_day,2025-10-27,2025-10-28,288,288,7.4,2.9,7.9294,7.5775,-0.352,2.8037,4.518,2.7233,16.5255,0.1033,14.6434,-0.0934,1.6114,1.00e+00,1.00e+00,False,False
IPS7100_MHC_001,pm1_0,day_to_day,2025-10-28,2025-10-29,288,288,2.9,47.2,7.5775,0.283,-7.2945,4.518,0.1283,0.1033,14.6434,0.0624,0.9264,-2.2784,0.0284,1.00e+00,1.00e+00,False,False
IPS7100_MHC_001,pm1_0,day_to_day,2025-10-29,2025-10-30,288,288,47.2,22.1,0.283,0.5409,0.2579,0.1283,0.2768,0.0624,0.9264,0.1703,1.427,1.1931,2.1578,3.16e-04,1.03e-03,True,True
IPS7100_MHC_001,pm1_0,day_to_day,2025-10-30,2025-10-31,288,288,22.1,18.0,0.5409,3.0252,2.4843,0.2768,2.7744,0.1703,1.427,0.5203,26.4498,1.2579,10.0213,1.47e-03,1.22e-04,True,True
IPS7100_MHC_001,pm1_0,day_to_day,2025-10-31,2025-11-01,288,288,18.0,9.5,3.0252,2.656,-0.3692,2.7744,1.3602,0.5203,26.4498,0.6116,6.6508,-0.1687,0.4903,6.44e-01,1.47e-01,False,False
IPS7100_MHC_001,pm1_0,day_to_day,2025-11-01,2025-11-02,288,288,9.5,17.2,2.656,0.8683,-1.7877,1.3602,0.727,0.6116,6.6508,0.1962,7.3574,-1.6363,0.5345,2.99e-03,1.36e-01,True,False
IPS7100_MHC_001,pm1_0,day_to_day,2025-11-02,2025-11-03,288,288,17.2,16.1,0.8683,2.1517,1.2834,0.727,0.7895,0.1962,7.3574,0.9007,5.1232,1.6881,1.0859,3.34e-05,8.01e-01,True,False
IPS7100_MHC_001,pm1_0,day_to_day,2025-11-03,2025-11-04,288,288,16.1,12.6,2.1517,3.3375,1.1857,0.7895,1.6465,0.9007,5.1232,1.1975,10.4839,0.9167,2.0855,3.25e-02,2.16e-01,False,False
IPS7100_MHC_001,pm1_0,day_to_day,2025-11-04,2025-11-05,288,288,12.6,15.1,3.3375,1.808,-1.5295,1.6465,0.737,1.1975,10.4839,0.81,4.6813,-1.197,0.4476,8.05e-03,1.19e-01,True,False
IPS7100_MHC_001,pm1_0,day_to_day,2025-11-05,2025-11-06,288,288,15.1,18.0,1.808,1.7938,-0.0142,0.737,0.686,0.81,4.6813,0.601,3.9998,-0.0199,0.9307,9.55e-01,7.04e-01,False,False
IPS7100_MHC_001,pm1_0,day_to_day,2025-11-06,2025-11-07,288,288,18.0,13.2,1.7938,1.1625,-0.6313,0.686,0.5152,0.601,3.9998,0.4891,2.701,-1.0389,0.7511,6.52e-03,2.46e-01,True,False
IPS7100_MHC_001,pm1_0,day_to_day,2025-11-07,2025-11-08,288,288,13.2,17.1,1.1625,2.5975,1.435,0.5152,0.9409,0.4891,2.701,1.1992,6.3202,1.8885,1.8263,1.38e-05,1.85e-01,True,False
IPS7100_MHC_001,pm1_0,day_to_day,2025-11-08,2025-11-09,288,288,17.1,5.4,2.5975,0.5141,-2.0834,0.9409,0.5627,1.1992,6.3202,0.0332,2.9178,-2.6828,0.5981,2.95e-05,4.02e-01,True,False
IPS7100_MHC_001,pm1_0,day_to_day,2025-11-09,2025-11-10,288,288,5.4,17.7,0.5141,1.3989,0.8848,0.5627,0.6993,0.0332,2.9178,0.2487,4.372,1.3916,1.2428,1.46e-02,4.83e-01,False,False
IPS7100_MHC_001,pm1_0,day_to_day,2025-11-10,2025-11-11,288,288,17.7,2.9,1.3989,2.9519,1.5531,0.6993,3.2581,0.2487,4.372,0.4311,13.1712,0.658,4.6589,1.00e+00,1.00e+00,False,False
IPS7100_MHC_001,pm1_0,day_to_day,2025-11-11,2025-11-12,288,288,2.9,17.5,2.9519,1.1463,-1.8057,3.2581,0.5327,0.4311,13.1712,0.3223,3.1067,-0.7721,0.1635,1.00e+00,1.00e+00,False,False
IPS7100_MHC_001,pm1_0,day_to_day,2025-11-12,2025-11-13,288,288,17.5,14.1,1.1463,2.4257,1.2794,0.5327,0.9069,0.3223,3.1067,0.7111,4.416,1.7173,1.7023,1.43e-04,1.23e-01,True,False
IPS7100_MHC_001,pm1_0,day_to_day,2025-11-13,2025-11-14,288,288,14.1,64.7,2.4257,1.3174,-1.1082,0.9069,0.298,0.7111,4.416,0.7355,2.4585,-1.639,0.3286,5.00e-04,3.59e-05,True,True
IPS7100_MHC_001,pm1_0,day_to_day,2025-11-14,2025-11-15,288,288,64.7,43.1,1.3174,1.1965,-0.1209,0.298,0.3674,0.7355,2.4585,0.4458,3.0697,-0.3608,1.2328,7.60e-02,4.96e-01,False,False
IPS7100_MHC_001,pm1_0,day_to_day,2025-11-15,2025-11-16,288,288,43.1,36.2,1.1965,1.8386,0.642,0.3674,0.4805,0.4458,3.0697,0.794,3.9668,1.4984,1.308,9.69e-09,2.19e-02,True,False
IPS7100_MHC_001,pm1_0,day_to_day,2025-11-16,2025-11-17,288,288,36.2,9.7,1.8386,5.4683,3.6297,0.4805,2.2154,0.794,3.9668,2.1812,10.1769,2.2604,4.6102,7.15e-04,1.11e-08,True,True
IPS7100_MHC_001,pm1_0,day_to_day,2025-11-17,2025-11-18,288,288,9.7,13.7,5.4683,6.0343,0.566,2.2154,2.3893,2.1812,10.1769,1.9124,16.4615,0.2452,1.0785,5.63e-01,5.54e-01,False,False
IPS7100_MHC_001,pm1_0,day_to_day,2025-11-18,2025-11-19,288,288,13.7,47.2,6.0343,10.3241,4.2898,2.3893,1.5409,1.9124,16.4615,7.2964,14.6864,2.1302,0.6449,1.16e-05,4.07e-04,True,True
IPS7100_MHC_001,pm1_0,day_to_day,2025-11-19,2025-11-20,288,288,47.2,2.9,10.3241,8.4881,-1.836,1.5409,6.4773,7.2964,14.6864,1.3998,23.1535,-0.3893,4.2036,1.00e+00,1.00e+00,False,False
IPS7100_MHC_001,pm1_0,day_to_day,2025-11-20,2025-11-21,288,288,2.9,2.9,8.4881,5.8189,-2.6693,6.4773,5.8331,1.3998,23.1535,0.2909,23.4096,-0.4323,0.9005,1.00e+00,1.00e+00,False,False
IPS7100_MHC_001,pm1_0,day_to_day,2025-11-21,2025-11-22,288,288,2.9,23.1,5.8189,0.8452,-4.9737,5.8331,0.3367,0.2909,23.4096,0.2501,2.2381,-1.2017,0.0577,1.00e+00,1.00e+00,False,False
IPS7100_MHC_001,pm1_0,day_to_day,2025-11-22,2025-11-23,288,288,23.1,11.5,0.8452,1.8716,1.0265,0.3367,0.9986,0.2501,2.2381,0.2338,4.8714,1.3751,2.9661,5.57e-03,5.73e-05,True,True
IPS7100_MHC_001,pm1_0,day_to_day,2025-11-23,2025-11-24,288,288,11.5,3.7,1.8716,4.586,2.7144,0.9986,3.0231,0.2338,4.8714,0.8232,15.1507,1.2036,3.0274,1.90e-01,6.31e-02,False,False
IPS7100_MHC_001,pm1_0,day_to_day,2025-11-24,2025-11-25,288,110,3.7,2.2,4.586,29.9318,25.3458,3.0231,9.3804,0.8232,15.1507,15.7383,54.8419,4.5457,3.1029,1.00e+00,1.00e+00,False,False
IPS7100_MHC_001,pm1_0,day_to_day,2025-11-25,2025-11-26,110,179,2.2,60.0,29.9318,0.2601,-29.6717,9.3804,0.0884,15.7383,54.8419,0.1089,0.6136,-5.109,0.0094,1.00e+00,1.00e+00,False,False
IPS7100_MHC_001,pm1_0,day_to_day,2025-11-26,2025-11-27,179,288,60.0,29.6,0.2601,0.9798,0.7196,0.0884,0.9179,0.1089,0.6136,0.2465,9.805,0.9934,10.3831,2.04e-04,6.49e-06,True,True
IPS7100_MHC_001,pm1_0,day_to_day,2025-11-27,2025-11-28,288,288,29.6,6.6,0.9798,3.3161,2.3364,0.9179,2.6772,0.2465,9.805,0.312,16.5569,1.1654,2.9168,7.03e-02,9.02e-05,False,True
IPS7100_MHC_001,pm1_0,day_to_day,2025-11-28,2025-11-29,288,288,6.6,2.9,3.3161,6.0836,2.7675,2.6772,4.684,0.312,16.5569,0.6948,17.1721,0.7242,1.7496,1.00e+00,1.00e+00,False,False
IPS7100_MHC_001,pm1_0,day_to_day,2025-11-29,2025-11-30,288,288,2.9,5.7,6.0836,2.5057,-3.578,4.684,1.993,0.6948,17.1721,0.3606,11.8175,-0.9923,0.4255,1.00e+00,1.00e+00,False,False
IPS7100_MHC_001,pm1_0,day_to_day,2025-11-30,2025-12-01,288,288,5.7,46.4,2.5057,1.7545,-0.7512,1.993,0.9012,0.3606,11.8175,0.6191,9.5634,-0.4848,0.4522,4.16e-01,1.97e-03,False,True
IPS7100_MHC_001,pm1_0,day_to_day,2025-12-01,2025-12-02,288,288,46.4,6.4,1.7545,9.073,7.3185,0.9012,3.8561,0.6191,9.5634,2.2657,15.593,2.6091,4.279,3.91e-03,7.59e-08,True,True
IPS7100_MHC_001,pm1_0,day_to_day,2025-12-02,2025-12-03,288,288,6.4,11.0,9.073,9.9698,0.8968,3.8561,2.838,2.2657,15.593,4.8599,17.8065,0.2644,0.736,6.21e-01,4.31e-01,False,False
IPS7100_MHC_001,pm1_0,day_to_day,2025-12-03,2025-12-04,288,288,11.0,17.7,9.9698,18.452,8.4822,2.838,3.3699,4.8599,17.8065,11.1292,28.2976,2.718,1.1874,1.86e-07,9.00e-01,True,False
IPS7100_MHC_001,pm1_0,day_to_day,2025-12-04,2025-12-05,288,288,17.7,10.2,18.452,24.9626,6.5106,3.3699,4.7611,11.1292,28.2976,17.3884,38.6948,1.5757,1.4128,1.72e-03,3.48e-01,True,False
IPS7100_MHC_001,pm1_0,day_to_day,2025-12-05,2025-12-06,288,288,10.2,7.5,24.9626,27.2958,2.3332,4.7611,6.4446,17.3884,38.6948,15.2012,40.7059,0.4111,1.3536,4.20e-01,2.00e-01,False,False
IPS7100_MHC_001,pm1_0,day_to_day,2025-12-06,2025-12-07,288,288,7.5,2.9,27.2958,27.0479,-0.2479,6.4446,10.8275,15.2012,40.7059,3.8991,52.1561,-0.0278,1.6801,1.00e+00,1.00e+00,False,False
IPS7100_MHC_001,pm1_0,day_to_day,2025-12-07,2025-12-08,288,288,2.9,7.6,27.0479,10.8437,-16.2042,10.8275,3.8884,3.8991,52.1561,2.7721,19.7496,-1.9885,0.3591,1.00e+00,1.00e+00,False,False
IPS7100_MHC_001,pm1_0,day_to_day,2025-12-08,2025-12-09,288,288,7.6,6.5,10.8437,9.82,-1.0237,3.8884,4.1532,2.7721,19.7496,2.4669,20.0884,-0.254,1.0681,6.44e-01,6.55e-01,False,False
IPS7100_MHC_001,pm1_0,day_to_day,2025-12-09,2025-12-10,288,288,6.5,4.0,9.82,2.8702,-6.9498,4.1532,2.2127,2.4669,20.0884,0.0556,7.9677,-2.0849,0.5328,7.10e-03,5.42e-01,True,False
IPS7100_MHC_001,pm1_0,day_to_day,2025-12-10,2025-12-11,288,288,4.0,5.8,2.8702,1.3072,-1.563,2.2127,1.0484,0.0556,7.9677,0.2427,4.7928,-0.9012,0.4738,2.58e-01,4.52e-01,False,False
IPS7100_MHC_001,pm1_0,day_to_day,2025-12-11,2025-12-12,288,288,5.8,5.3,1.3072,3.3913,2.084,1.0484,3.3131,0.2427,4.7928,0.5252,24.1655,0.8467,3.1601,2.24e-01,3.60e-01,False,False
IPS7100_MHC_001,pm1_0,day_to_day,2025-12-12,2025-12-13,288,288,5.3,2.9,3.3913,16.3445,12.9533,3.3131,15.7359,0.5252,24.1655,2.305,52.8806,1.1372,4.7496,1.00e+00,1.00e+00,False,False
IPS7100_MHC_001,pm1_0,day_to_day,2025-12-13,2025-12-14,288,288,2.9,2.9,16.3445,15.2662,-1.0784,15.7359,11.4718,2.305,52.8806,1.5509,45.6733,-0.0782,0.729,1.00e+00,1.00e+00,False,False
IPS7100_MHC_001,pm1_0,day_to_day,2025-12-14,2025-12-15,288,288,2.9,52.7,15.2662,2.4224,-12.8438,11.4718,0.9636,1.5509,45.6733,0.9805,8.7955,-1.575,0.084,1.00e+00,1.00e+00,False,False
IPS7100_MHC_001,pm1_0,day_to_day,2025-12-15,2025-12-16,288,288,52.7,31.7,2.4224,2.008,-0.4143,0.9636,0.6011,0.9805,8.7955,0.8724,3.594,-0.515,0.6237,1.73e-02,1.88e-01,False,False
IPS7100_MHC_001,pm1_0,day_to_day,2025-12-16,2025-12-17,288,288,31.7,2.9,2.008,8.8051,6.7971,0.6011,8.2914,0.8724,3.594,0.9536,29.0578,1.1543,13.7949,1.00e+00,1.00e+00,False,False
IPS7100_MHC_001,pm1_0,day_to_day,2025-12-17,2025-12-18,288,288,2.9,52.6,8.8051,3.5717,-5.2334,8.2914,7.9344,0.9536,29.0578,0.0,104.7781,-0.6438,0.9569,1.00e+00,1.00e+00,False,False
IPS7100_MHC_001,pm1_0,day_to_day,2025-12-18,2025-12-19,288,288,52.6,23.9,3.5717,1.269,-2.3027,7.9344,1.0611,0.0,104.7781,0.1915,9.6873,-0.4061,0.1337,4.41e-02,2.13e-02,False,False
IPS7100_MHC_001,pm1_0,day_to_day,2025-12-19,2025-12-20,288,288,23.9,12.8,1.269,1.3107,0.0416,1.0611,0.7882,0.1915,9.6873,0.4236,5.4247,0.0445,0.7428,8.94e-01,9.46e-01,False,False
IPS7100_MHC_001,pm1_0,day_to_day,2025-12-20,2025-12-21,288,288,12.8,6.0,1.3107,4.6349,3.3242,0.7882,2.3288,0.4236,5.4247,2.1014,13.5285,1.9088,2.9546,1.59e-02,3.92e-02,False,False
IPS7100_MHC_001,pm1_0,day_to_day,2025-12-21,2025-12-22,288,288,6.0,3.1,4.6349,8.7175,4.0826,2.3288,4.8083,2.1014,13.5285,2.779,23.4007,1.0788,2.0647,2.67e-01,1.37e-01,False,False
IPS7100_MHC_001,pm1_0,day_to_day,2025-12-22,2025-12-23,288,288,3.1,4.8,8.7175,6.9487,-1.7688,4.8083,3.5398,2.779,23.4007,1.8575,15.6175,-0.4182,0.7362,6.11e-01,3.60e-01,False,False
IPS7100_MHC_001,pm1_0,day_to_day,2025-12-23,2025-12-24,288,288,4.8,3.8,6.9487,5.1222,-1.8264,3.5398,2.9972,1.8575,15.6175,1.0197,14.8145,-0.5559,0.8467,4.44e-01,8.44e-01,False,False
IPS7100_MHC_001,pm1_0,day_to_day,2025-12-24,2025-12-25,288,288,3.8,5.7,5.1222,3.7949,-1.3273,2.9972,2.1485,1.0197,14.8145,1.1312,12.9319,-0.5081,0.7168,4.95e-01,3.76e-01,False,False
IPS7100_MHC_001,pm1_0,day_to_day,2025-12-25,2025-12-26,288,288,5.7,45.1,3.7949,2.3405,-1.4544,2.1485,0.5,1.1312,12.9319,1.1016,3.7606,-0.9308,0.2327,1.70e-01,1.87e-07,False,True
IPS7100_MHC_001,pm1_0,day_to_day,2025-12-26,2025-12-27,288,288,45.1,6.7,2.3405,3.3079,0.9673,0.5,1.7301,1.1016,3.7606,0.6757,11.0293,0.7583,3.4602,2.04e-01,2.92e-04,False,True
IPS7100_MHC_001,pm1_0,day_to_day,2025-12-27,2025-12-28,288,288,6.7,15.5,3.3079,1.8873,-1.4206,1.7301,0.7569,0.6757,11.0293,0.2777,4.7574,-1.0621,0.4375,8.41e-02,1.05e-01,False,False
IPS7100_MHC_001,pm1_0,day_to_day,2025-12-28,2025-12-29,288,288,15.5,30.7,1.8873,0.6836,-1.2036,0.7569,0.3544,0.2777,4.7574,0.2933,3.697,-2.0333,0.4683,1.35e-05,4.05e-02,True,False
IPS7100_MHC_001,pm1_0,day_to_day,2025-12-29,2025-12-30,288,288,30.7,80.6,0.6836,0.6059,-0.0777,0.3544,0.1972,0.2933,3.697,0.2461,1.5015,-0.2706,0.5564,2.58e-01,1.42e-01,False,False
IPS7100_MHC_001,pm1_0,day_to_day,2025-12-30,2025-12-31,288,288,80.6,13.5,0.6059,2.9723,2.3664,0.1972,1.5248,0.2461,1.5015,1.035,8.0222,2.1729,7.7314,8.55e-05,2.96e-08,True,True
IPS7100_MHC_001,pm1_0,day_to_day,2025-12-31,2026-01-01,288,288,13.5,2.9,2.9723,7.789,4.8167,1.5248,6.9038,1.035,8.0222,0.6881,23.1105,0.9618,4.5277,1.00e+00,1.00e+00,False,False
IPS7100_MHC_001,pm1_0,day_to_day,2026-01-01,2026-01-02,288,288,2.9,11.2,7.789,1.777,-6.012,6.9038,0.7613,0.6881,23.1105,0.6696,4.4625,-1.222,0.1103,1.00e+00,1.00e+00,False,False
IPS7100_MHC_001,pm1_0,day_to_day,2026-01-02,2026-01-03,288,288,11.2,3.7,1.777,7.8532,6.0762,0.7613,4.4909,0.6696,4.4625,1.6193,17.5895,1.8832,5.8992,8.79e-02,1.96e-06,False,True
IPS7100_MHC_001,pm1_0,day_to_day,2026-01-03,2026-01-04,288,288,3.7,8.7,7.8532,8.1694,0.3162,4.4909,3.0134,1.6193,17.5895,2.467,15.6446,0.0825,0.671,9.08e-01,1.38e-01,False,False
IPS7100_MHC_001,pm1_0,day_to_day,2026-01-04,2026-01-05,288,288,8.7,5.0,8.1694,10.9827,2.8132,3.0134,4.55,2.467,15.6446,3.5517,23.5652,0.7277,1.5099,2.64e-01,3.15e-01,False,False
IPS7100_MHC_001,pm1_0,day_to_day,2026-01-05,2026-01-06,288,288,5.0,2.9,10.9827,6.4958,-4.4869,4.55,4.9737,3.5517,23.5652,0.3309,14.5852,-0.9397,1.0931,1.00e+00,1.00e+00,False,False
IPS7100_MHC_001,pm1_0,day_to_day,2026-01-06,2026-01-07,288,288,2.9,2.9,6.4958,3.6223,-2.8735,4.9737,3.5,0.3309,14.5852,0.7553,17.5084,-0.667,0.7037,1.00e+00,1.00e+00,False,False
IPS7100_MHC_001,pm1_0,day_to_day,2026-01-07,2026-01-08,288,288,2.9,2.9,3.6223,11.9271,8.3047,3.5,12.7375,0.7553,17.5084,0.1922,41.0088,0.8876,3.6392,1.00e+00,1.00e+00,False,False
IPS7100_MHC_001,pm1_0,day_to_day,2026-01-08,2026-01-09,288,288,2.9,6.3,11.9271,1.1272,-10.7999,12.7375,1.2226,0.1922,41.0088,0.1123,5.8067,-1.1915,0.096,1.00e+00,1.00e+00,False,False
IPS7100_MHC_001,pm1_0,day_to_day,2026-01-09,2026-01-10,288,288,6.3,2.9,1.1272,1.6584,0.5312,1.2226,2.093,0.1123,5.8067,0.0457,8.4927,0.3094,1.712,1.00e+00,1.00e+00,False,False
IPS7100_MHC_001,pm1_0,day_to_day,2026-01-10,2026-01-11,288,288,2.9,6.6,1.6584,0.6522,-1.0061,2.093,0.6777,0.0457,8.4927,0.1215,3.7561,-0.6456,0.3238,1.00e+00,1.00e+00,False,False
IPS7100_MHC_001,pm1_0,day_to_day,2026-01-11,2026-01-12,288,288,6.6,17.2,0.6522,2.0559,1.4037,0.6777,1.1855,0.1215,3.7561,0.2631,8.7611,1.4512,1.7492,2.08e-03,3.48e-01,True,False
IPS7100_MHC_001,pm1_0,day_to_day,2026-01-12,2026-01-13,288,288,17.2,17.8,2.0559,2.1495,0.0936,1.1855,1.2476,0.2631,8.7611,0.3039,8.8368,0.0768,1.0524,8.22e-01,8.85e-01,False,False
IPS7100_MHC_001,pm1_0,day_to_day,2026-01-13,2026-01-14,288,288,17.8,13.1,2.1495,0.6354,-1.5141,1.2476,0.4369,0.3039,8.8368,0.0781,1.9605,-1.617,0.3502,1.01e-04,2.52e-01,True,False
IPS7100_MHC_001,pm1_0,day_to_day,2026-01-14,2026-01-15,288,288,13.1,8.7,0.6354,0.5151,-0.1202,0.4369,0.4557,0.0781,1.9605,0.0497,2.4256,-0.2689,1.043,5.49e-01,4.68e-01,False,False
IPS7100_MHC_001,pm1_0,day_to_day,2026-01-15,2026-01-16,288,288,8.7,12.1,0.5151,0.7327,0.2176,0.4557,0.5481,0.0497,2.4256,0.0602,3.1728,0.431,1.2026,3.38e-01,4.17e-01,False,False
IPS7100_MHC_001,pm1_0,day_to_day,2026-01-16,2026-01-17,288,288,12.1,20.7,0.7327,0.8018,0.0691,0.5481,0.5001,0.0602,3.1728,0.1489,3.4007,0.1314,0.9125,7.23e-01,5.92e-01,False,False
IPS7100_MHC_001,pm1_0,day_to_day,2026-01-17,2026-01-18,288,288,20.7,17.4,0.8018,1.0192,0.2174,0.5001,0.6153,0.1489,3.4007,0.2562,5.542,0.3871,1.2304,2.47e-01,1.55e-01,False,False
IPS7100_MHC_001,pm1_0,day_to_day,2026-01-18,2026-01-19,288,288,17.4,5.3,1.0192,3.3049,2.2858,0.6153,2.3407,0.2562,5.542,0.2801,8.8498,1.3333,3.8041,8.29e-02,4.03e-03,False,True
IPS7100_MHC_001,pm1_0,day_to_day,2026-01-19,2026-01-20,288,288,5.3,2.9,3.3049,4.3204,1.0154,2.3407,3.8395,0.2801,8.8498,0.3513,11.0235,0.3188,1.6403,1.00e+00,1.00e+00,False,False
IPS7100_MHC_001,pm1_0,day_to_day,2026-01-20,2026-01-21,288,288,2.9,14.5,4.3204,4.3861,0.0657,3.8395,1.3111,0.3513,11.0235,1.645,7.9167,0.0229,0.3415,1.00e+00,1.00e+00,False,False
IPS7100_MHC_001,pm1_0,day_to_day,2026-01-21,2026-01-22,288,288,14.5,2.9,4.3861,8.8138,4.4277,1.3111,7.4499,1.645,7.9167,1.6178,25.8643,0.8264,5.6822,1.00e+00,1.00e+00,False,False
IPS7100_MHC_001,pm1_0,day_to_day,2026-01-22,2026-01-23,288,288,2.9,3.5,8.8138,9.6386,0.8248,7.4499,4.5921,1.6178,25.8643,2.0981,21.7876,0.1331,0.6164,1.00e+00,1.00e+00,False,False
IPS7100_MHC_001,pm1_0,day_to_day,2026-01-23,2026-01-24,288,288,3.5,9.9,9.6386,1.7123,-7.9263,4.5921,0.9954,2.0981,21.7876,0.1056,4.9182,-2.3815,0.2168,6.12e-02,4.52e-04,False,True
IPS7100_MHC_001,pm1_0,day_to_day,2026-01-24,2026-01-25,288,288,9.9,32.0,1.7123,3.2253,1.513,0.9954,0.9605,0.1056,4.9182,1.6288,6.8837,1.5442,0.9649,8.36e-04,4.66e-01,True,False
IPS7100_MHC_001,pm1_0,day_to_day,2026-01-25,2026-01-26,288,110,32.0,49.9,3.2253,2.8056,-0.4197,0.9605,0.4881,1.6288,6.8837,1.9576,4.5978,-0.4889,0.5082,2.76e-02,9.61e-05,False,True
IPS7100_MHC_001,pm1_0,day_to_day,2026-01-26,2026-01-27,110,179,49.9,11.3,2.8056,3.6688,0.8632,0.4881,1.1833,1.9576,4.5978,1.5763,6.9401,0.8788,2.4245,3.47e-02,1.22e-04,False,True
IPS7100_MHC_001,pm1_0,day_to_day,2026-01-27,2026-01-28,179,288,11.3,7.0,3.6688,12.1521,8.4833,1.1833,3.8581,1.5763,6.9401,4.1157,20.2036,2.7157,3.2603,8.67e-04,2.51e-03,True,True
IPS7100_MHC_001,pm1_0,day_to_day,2026-01-28,2026-01-29,288,288,7.0,2.9,12.1521,13.91,1.7579,3.8581,7.7521,4.1157,20.2036,2.0671,37.8794,0.2866,2.0093,1.00e+00,1.00e+00,False,False
IPS7100_MHC_001,pm1_0,day_to_day,2026-01-29,2026-01-30,288,288,2.9,2.9,13.91,14.6839,0.7739,7.7521,6.9049,2.0671,37.8794,2.7774,26.0007,0.1052,0.8907,1.00e+00,1.00e+00,False,False
IPS7100_MHC_001,pm1_0,day_to_day,2026-01-30,2026-01-31,288,288,2.9,2.9,14.6839,4.4227,-10.2612,6.9049,4.3699,2.7774,26.0007,0.7305,17.9515,-1.7728,0.6329,1.00e+00,1.00e+00,False,False
IPS7100_MHC_001,pm1_0,day_to_day,2026-01-31,2026-02-01,288,288,2.9,18.6,4.4227,4.9299,0.5072,4.3699,2.5335,0.7305,17.9515,1.448,19.0984,0.1418,0.5798,1.00e+00,1.00e+00,False,False
IPS7100_MHC_001,pm1_0,day_to_day,2026-02-01,2026-02-02,288,288,18.6,3.3,4.9299,7.1999,2.2699,2.5335,4.8372,1.448,19.0984,0.6878,16.9353,0.5869,1.9093,4.80e-01,2.31e-02,False,False
IPS7100_MHC_001,pm1_0,day_to_day,2026-02-02,2026-02-03,288,288,3.3,6.4,7.1999,2.6153,-4.5845,4.8372,1.85,0.6878,16.9353,0.858,12.1062,-1.2497,0.3825,2.11e-01,2.05e-02,False,False
IPS7100_MHC_001,pm1_0,day_to_day,2026-02-03,2026-02-04,288,288,6.4,2.9,2.6153,7.0445,4.4292,1.85,5.6695,0.858,12.1062,0.7487,18.3267,1.0485,3.0646,1.00e+00,1.00e+00,False,False
IPS7100_MHC_001,pm1_0,day_to_day,2026-02-04,2026-02-05,288,288,2.9,3.5,7.0445,3.0548,-3.9897,5.6695,2.4441,0.7487,18.3267,0.114,8.8191,-0.9123,0.4311,1.00e+00,1.00e+00,False,False
IPS7100_MHC_001,pm1_0,day_to_day,2026-02-05,2026-02-06,288,288,3.5,8.4,3.0548,1.9112,-1.1436,2.4441,1.1742,0.114,8.8191,0.2795,6.2911,-0.5954,0.4804,4.64e-01,2.06e-01,False,False
IPS7100_MHC_001,pm1_0,day_to_day,2026-02-06,2026-02-07,288,288,8.4,26.0,1.9112,1.4169,-0.4943,1.1742,0.5471,0.2795,6.2911,0.5934,4.4584,-0.5387,0.466,2.70e-01,4.36e-02,False,False
IPS7100_MHC_001,pm1_0,day_to_day,2026-02-07,2026-02-08,288,288,26.0,2.9,1.4169,6.5453,5.1284,0.5471,4.2089,0.5934,4.4584,0.9307,16.1018,1.7058,7.6927,1.00e+00,1.00e+00,False,False
IPS7100_MHC_001,pm1_0,day_to_day,2026-02-08,2026-02-09,288,288,2.9,11.5,6.5453,2.7684,-3.7769,4.2089,1.2098,0.9307,16.1018,0.9273,8.1371,-1.2175,0.2874,1.00e+00,1.00e+00,False,False
IPS7100_MHC_001,pm1_0,day_to_day,2026-02-09,2026-02-10,288,288,11.5,4.0,2.7684,2.9001,0.1317,1.2098,1.9114,0.9273,8.1371,0.3902,6.5991,0.0822,1.5799,9.04e-01,8.88e-01,False,False
IPS7100_MHC_001,pm1_0,day_to_day,2026-02-10,2026-02-11,288,288,4.0,3.8,2.9001,2.9512,0.0511,1.9114,2.3854,0.3902,6.5991,0.5901,12.2744,0.0236,1.248,9.75e-01,4.67e-01,False,False
IPS7100_MHC_001,pm1_0,day_to_day,2026-02-11,2026-02-12,288,288,3.8,3.8,2.9512,6.4857,3.5345,2.3854,3.792,0.5901,12.2744,1.3895,16.682,1.1138,1.5896,1.87e-01,2.95e-01,False,False
IPS7100_MHC_001,pm1_0,day_to_day,2026-02-12,2026-02-13,288,288,3.8,4.2,6.4857,6.2598,-0.226,3.792,3.2474,1.3895,16.682,1.6328,15.6871,-0.0639,0.8564,9.31e-01,3.02e-01,False,False
IPS7100_MHC_001,pm1_0,day_to_day,2026-02-13,2026-02-14,288,288,4.2,5.8,6.2598,4.8311,-1.4287,3.2474,2.8793,1.6328,15.6871,0.2912,15.1596,-0.4647,0.8866,4.99e-01,2.50e-01,False,False
IPS7100_MHC_001,pm1_0,day_to_day,2026-02-14,2026-02-15,288,252,5.8,2.5,4.8311,1.9277,-2.9034,2.8793,2.8239,0.2912,15.1596,0.0396,9.4164,-1.0156,0.9808,1.00e+00,1.00e+00,False,False
IPS7100_MHC_001,pm1_0,day_to_day,2026-02-15,2026-02-16,252,288,2.5,9.2,1.9277,1.0763,-0.8514,2.8239,0.6818,0.0396,9.4164,0.1503,3.8186,-0.4265,0.2414,1.00e+00,1.00e+00,False,False
IPS7100_MHC_001,pm1_0,day_to_day,2026-02-16,2026-02-17,288,288,9.2,3.0,1.0763,1.5379,0.4616,0.6818,1.3039,0.1503,3.8186,0.4024,5.7096,0.4429,1.9125,1.00e+00,1.00e+00,False,False
IPS7100_MHC_001,pm1_0,day_to_day,2026-02-17,2026-02-18,288,288,3.0,19.7,1.5379,1.0449,-0.493,1.3039,0.3662,0.4024,5.7096,0.3073,2.3395,-0.5139,0.2809,1.00e+00,1.00e+00,False,False
IPS7100_MHC_001,pm1_0,day_to_day,2026-02-18,2026-02-19,288,288,19.7,2.9,1.0449,2.7011,1.6562,0.3662,1.9417,0.3073,2.3395,0.276,6.8809,1.1833,5.3015,1.00e+00,1.00e+00,False,False
IPS7100_MHC_001,pm1_0,day_to_day,2026-02-19,2026-02-20,288,288,2.9,17.6,2.7011,0.6726,-2.0284,1.9417,0.3827,0.276,6.8809,0.1819,2.59,-1.447,0.1971,1.00e+00,1.00e+00,False,False
IPS7100_MHC_001,pm1_0,day_to_day,2026-02-20,2026-02-21,288,288,17.6,3.8,0.6726,2.1384,1.4658,0.3827,1.683,0.1819,2.59,0.3892,7.7606,1.1989,4.3973,1.91e-01,5.57e-06,False,True
IPS7100_MHC_001,pm1_0,day_to_day,2026-02-21,2026-02-22,288,288,3.8,10.6,2.1384,0.7593,-1.3792,1.683,0.4705,0.3892,7.7606,0.1535,2.291,-1.1141,0.2796,2.11e-01,2.80e-02,False,False
IPS7100_MHC_001,pm1_0,day_to_day,2026-02-22,2026-02-23,288,288,10.6,25.9,0.7593,2.0875,1.3282,0.4705,0.6506,0.1535,2.291,0.9743,4.1915,2.3354,1.3827,3.78e-07,3.69e-01,True,False
IPS7100_MHC_001,pm1_0,day_to_day,2026-02-23,2026-02-24,288,288,25.9,3.3,2.0875,2.5437,0.4562,0.6506,2.1129,0.9743,4.1915,0.6254,11.6267,0.2913,3.2477,7.30e-01,8.87e-01,False,False
IPS7100_MHC_001,pm1_0,day_to_day,2026-02-24,2026-02-25,288,288,3.3,56.2,2.5437,1.3032,-1.2405,2.1129,0.2558,0.6254,11.6267,0.8091,2.2552,-0.8229,0.1211,3.86e-01,5.45e-04,False,True
IPS7100_MHC_001,pm1_0,day_to_day,2026-02-25,2026-02-26,288,288,56.2,3.9,1.3032,3.963,2.6598,0.2558,3.2738,0.8091,2.2552,1.291,17.9515,1.1435,12.7963,2.09e-01,2.83e-12,False,True
IPS7100_MHC_001,pm1_0,day_to_day,2026-02-26,2026-02-27,288,288,3.9,8.2,3.963,2.758,-1.205,3.2738,1.4112,1.291,17.9515,0.8613,9.1991,-0.4772,0.4311,5.30e-01,5.73e-01,False,False
IPS7100_MHC_001,pm1_0,day_to_day,2026-02-27,2026-02-28,288,288,8.2,4.5,2.758,5.0489,2.2909,1.4112,3.0298,0.8613,9.1991,1.3807,14.1112,0.9676,2.147,2.01e-01,3.21e-01,False,False
IPS7100_MHC_001,pm1_0,day_to_day,2026-02-28,2026-03-01,288,288,4.5,5.9,5.0489,3.9412,-1.1077,3.0298,1.8147,1.3807,14.1112,1.0679,9.5504,-0.4428,0.599,5.22e-01,8.30e-01,False,False
IPS7100_MHC_001,pm1_0,day_to_day,2026-03-01,2026-03-02,288,288,5.9,30.8,3.9412,1.8986,-2.0426,1.8147,0.411,1.0679,9.5504,0.8518,3.1738,-1.5498,0.2265,4.22e-02,1.75e-05,False,True
IPS7100_MHC_001,pm1_0,day_to_day,2026-03-02,2026-03-03,288,288,30.8,17.4,1.8986,1.3622,-0.5363,0.411,0.4572,0.8518,3.1738,0.7126,2.9893,-1.2318,1.1124,3.18e-04,7.79e-01,True,False
IPS7100_MHC_001,pm1_0,day_to_day,2026-03-03,2026-03-04,288,288,17.4,13.7,1.3622,2.6226,1.2603,0.4572,1.1018,0.7126,2.9893,0.594,7.0893,1.4916,2.41,1.10e-03,4.67e-02,True,False
IPS7100_MHC_001,pm1_0,day_to_day,2026-03-04,2026-03-05,288,288,13.7,5.8,2.6226,2.5154,-0.1072,1.1018,1.4975,0.594,7.0893,0.6214,6.6607,-0.0814,1.3592,8.81e-01,8.16e-01,False,False
IPS7100_MHC_001,pm1_0,day_to_day,2026-03-05,2026-03-06,288,288,5.8,4.1,2.5154,2.0789,-0.4365,1.4975,1.0954,0.6214,6.6607,0.8075,5.0765,-0.3321,0.7315,6.11e-01,9.40e-01,False,False
IPS7100_MHC_001,pm1_0,day_to_day,2026-03-06,2026-03-07,288,288,4.1,4.3,2.0789,3.7905,1.7116,1.0954,2.6141,0.8075,5.0765,0.6745,11.1302,0.8525,2.3865,2.76e-01,3.73e-01,False,False
IPS7100_MHC_001,pm1_0,day_to_day,2026-03-07,2026-03-08,288,288,4.3,7.9,3.7905,2.0842,-1.7063,2.6141,1.0406,0.6745,11.1302,0.5766,4.9656,-0.8562,0.3981,2.69e-01,3.68e-01,False,False
IPS7100_MHC_001,pm1_0,day_to_day,2026-03-08,2026-03-09,288,288,7.9,2.9,2.0842,3.4214,1.3372,1.0406,2.8476,0.5766,4.9656,0.7711,12.8456,0.6227,2.7364,1.00e+00,1.00e+00,False,False
IPS7100_MHC_001,pm1_0,day_to_day,2026-03-09,2026-03-10,288,286,2.9,22.0,3.4214,3.5036,0.0822,2.8476,0.8121,0.7711,12.8456,1.8747,5.7116,0.0391,0.2852,1.00e+00,1.00e+00,False,False
IPS7100_MHC_001,pm1_0,day_to_day,2026-03-10,2026-03-11,286,288,22.0,11.9,3.5036,1.32,-2.1836,0.8121,0.7416,1.8747,5.7116,0.1995,3.7035,-2.8035,0.9132,3.58e-08,5.91e-01,True,False
IPS7100_MHC_001,pm1_0,day_to_day,2026-03-11,2026-03-12,288,288,11.9,25.7,1.32,0.3557,-0.9643,0.7416,0.1617,0.1995,3.7035,0.0868,0.9398,-1.7936,0.2181,9.28e-04,1.15e-04,True,True
IPS7100_MHC_001,pm1_0,day_to_day,2026-03-12,2026-03-13,288,288,25.7,24.5,0.3557,0.6914,0.3357,0.1617,0.2828,0.0868,0.9398,0.1811,1.6366,1.4544,1.7487,9.66e-06,3.96e-02,True,False
IPS7100_MHC_001,pm1_0,day_to_day,2026-03-13,2026-03-14,288,288,24.5,13.0,0.6914,1.1714,0.48,0.2828,0.6259,0.1811,1.6366,0.4299,4.2039,0.9866,2.2128,1.95e-02,1.69e-02,False,False
IPS7100_MHC_001,pm1_0,day_to_day,2026-03-14,2026-03-15,288,288,13.0,7.3,1.1714,2.0551,0.8837,0.6259,2.5887,0.4299,4.2039,0.2833,18.3642,0.4684,4.136,3.95e-01,2.16e-01,False,False
IPS7100_MHC_001,pm1_0,day_to_day,2026-03-15,2026-03-16,288,288,7.3,30.0,2.0551,0.4346,-1.6205,2.5887,0.2431,0.2833,18.3642,0.0847,1.9762,-0.8799,0.0939,1.39e-01,2.29e-02,False,False
IPS7100_MHC_001,pm1_0,day_to_day,2026-03-16,2026-03-17,288,288,30.0,14.8,0.4346,1.2514,0.8168,0.2431,0.6866,0.0847,1.9762,0.3781,4.4819,1.5832,2.8244,4.42e-04,1.02e-02,True,False
IPS7100_MHC_001,pm1_0,day_to_day,2026-03-17,2026-03-18,288,288,14.8,30.2,1.2514,0.6395,-0.6119,0.6866,0.2408,0.3781,4.4819,0.2546,1.3772,-1.1873,0.3506,4.43e-03,1.11e-03,True,True
IPS7100_MHC_001,pm1_0,day_to_day,2026-03-18,2026-03-19,288,288,30.2,3.8,0.6395,1.5557,0.9162,0.2408,1.4081,0.2546,1.3772,0.4223,8.6893,0.9054,5.8486,2.99e-01,1.72e-02,False,False
IPS7100_MHC_001,pm1_0,day_to_day,2026-03-19,2026-03-20,288,288,3.8,18.3,1.5557,1.1223,-0.4334,1.4081,0.4526,0.4223,8.6893,0.3887,2.7631,-0.4137,0.3214,5.95e-01,4.19e-01,False,False
IPS7100_MHC_001,pm1_0,day_to_day,2026-03-20,2026-03-21,288,288,18.3,25.9,1.1223,1.0002,-0.1221,0.4526,0.3671,0.3887,2.7631,0.4524,2.2286,-0.2958,0.811,3.49e-01,1.58e-01,False,False
IPS7100_MHC_001,pm1_0,day_to_day,2026-03-21,2026-03-22,288,288,25.9,35.8,1.0002,0.8468,-0.1535,0.3671,0.2754,0.4524,2.2286,0.3441,1.8525,-0.4721,0.7504,8.04e-02,9.93e-01,False,False
IPS7100_MHC_001,pm1_0,day_to_day,2026-03-22,2026-03-23,288,288,35.8,5.5,0.8468,2.3492,1.5024,0.2754,1.2971,0.3441,1.8525,0.4827,8.582,1.5996,4.7092,4.63e-02,1.32e-02,False,False
IPS7100_MHC_001,pm1_0,day_to_day,2026-03-23,2026-03-24,288,110,5.5,2.7,2.3492,1.825,-0.5242,1.2971,0.9209,0.4827,8.582,0.2963,3.9672,-0.4339,0.7099,1.00e+00,1.00e+00,False,False
IPS7100_MHC_001,pm1_0,day_to_day,2026-03-24,2026-03-25,110,179,2.7,20.0,1.825,2.1197,0.2946,0.9209,0.5329,0.2963,3.9672,1.3582,4.0673,0.4158,0.5787,1.00e+00,1.00e+00,False,False
IPS7100_MHC_001,pm1_0,day_to_day,2026-03-25,2026-03-26,179,288,20.0,62.2,2.1197,1.5738,-0.5459,0.5329,0.2984,1.3582,4.0673,0.9286,2.9397,-1.346,0.56,2.34e-04,2.72e-03,True,True
IPS7100_MHC_001,pm1_0,day_to_day,2026-03-26,2026-03-27,288,288,62.2,8.7,1.5738,1.3796,-0.1942,0.2984,0.7528,0.9286,2.9397,0.3729,4.5067,-0.3386,2.5224,4.73e-01,2.49e-01,False,False
IPS7100_MHC_001,pm1_0,day_to_day,2026-03-27,2026-03-28,288,288,8.7,21.2,1.3796,0.4477,-0.9319,0.7528,0.2041,0.3729,4.5067,0.1094,1.2429,-1.6867,0.2712,6.77e-03,1.08e-01,True,False
IPS7100_MHC_001,pm1_0,day_to_day,2026-03-28,2026-03-29,288,288,21.2,9.6,0.4477,1.2895,0.8418,0.2041,0.5588,0.1094,1.2429,0.3073,2.5899,1.9976,2.7376,1.20e-03,1.77e-02,True,False
IPS7100_MHC_001,pm1_0,day_to_day,2026-03-29,2026-03-30,288,288,9.6,20.9,1.2895,1.9427,0.6532,0.5588,0.5792,0.3073,2.5899,0.8695,3.4754,1.1459,1.0364,8.66e-03,7.44e-01,True,False
IPS7100_MHC_001,pm1_0,day_to_day,2026-03-30,2026-03-31,288,288,20.9,18.3,1.9427,1.5293,-0.4134,0.5792,0.4943,0.8695,3.4754,0.6388,2.7715,-0.7665,0.8534,2.12e-02,8.20e-01,False,False
IPS7100_MHC_001,pm1_0,day_to_day,2026-03-31,2026-04-01,288,288,18.3,13.8,1.5293,1.7601,0.2308,0.4943,0.6605,0.6388,2.7715,0.6691,3.5417,0.395,1.3363,2.89e-01,2.94e-01,False,False
IPS7100_MHC_001,pm1_0,day_to_day,2026-04-01,2026-04-02,288,288,13.8,12.9,1.7601,1.5387,-0.2214,0.6605,0.7476,0.6691,3.5417,0.3014,3.991,-0.3134,1.1319,4.27e-01,8.55e-01,False,False
IPS7100_MHC_001,pm1_0,day_to_day,2026-04-02,2026-04-03,288,288,12.9,7.1,1.5387,2.9909,1.4523,0.7476,1.6195,0.3014,3.991,1.078,8.4105,1.1494,2.1662,5.56e-02,1.31e-01,False,False
IPS7100_MHC_001,pm1_0,day_to_day,2026-04-03,2026-04-04,288,288,7.1,5.9,2.9909,1.4108,-1.5801,1.6195,1.2632,1.078,8.4105,0.0457,5.41,-1.0861,0.78,7.45e-02,8.65e-01,False,False
IPS7100_MHC_001,pm1_0,day_to_day,2026-04-04,2026-04-05,288,288,5.9,2.9,1.4108,1.1819,-0.2289,1.2632,1.3885,0.0457,5.41,0.0501,5.6531,-0.1722,1.0992,1.00e+00,1.00e+00,False,False
IPS7100_MHC_001,pm1_0,day_to_day,2026-04-05,2026-04-06,288,288,2.9,69.6,1.1819,0.4167,-0.7653,1.3885,0.1185,0.0501,5.6531,0.1917,1.0463,-0.7753,0.0853,1.00e+00,1.00e+00,False,False
IPS7100_MHC_001,pm1_0,day_to_day,2026-04-06,2026-04-07,288,288,69.6,23.5,0.4167,0.7015,0.2849,0.1185,0.3542,0.1917,1.0463,0.3025,3.0636,1.0767,2.9903,8.14e-04,2.06e-02,True,False
IPS7100_MHC_001,pm1_0,day_to_day,2026-04-07,2026-04-08,288,288,23.5,5.0,0.7015,1.0597,0.3581,0.3542,0.7285,0.3025,3.0636,0.3179,3.6107,0.6241,2.0567,3.39e-01,5.37e-03,False,True
IPS7100_MHC_001,pm1_0,day_to_day,2026-04-08,2026-04-09,288,288,5.0,3.1,1.0597,2.4801,1.4205,0.7285,2.2199,0.3179,3.6107,0.4023,10.9309,0.8583,3.0471,3.73e-01,9.76e-03,False,True
IPS7100_MHC_001,pm1_0,day_to_day,2026-04-09,2026-04-10,288,288,3.1,5.0,2.4801,2.6103,0.1301,2.2199,1.4891,0.4023,10.9309,0.6815,6.6582,0.0687,0.6708,9.33e-01,2.91e-01,False,False
IPS7100_MHC_001,pm1_0,day_to_day,2026-04-10,2026-04-11,288,288,5.0,4.1,2.6103,3.2424,0.6322,1.4891,2.4077,0.6815,6.6582,0.7861,9.5143,0.3153,1.6169,6.62e-01,6.26e-01,False,False
IPS7100_MHC_001,pm1_0,day_to_day,2026-04-11,2026-04-12,288,288,4.1,6.7,3.2424,1.7364,-1.506,2.4077,1.3307,0.7861,9.5143,0.3503,6.6751,-0.7729,0.5527,3.05e-01,3.77e-01,False,False
IPS7100_MHC_001,pm1_0,day_to_day,2026-04-12,2026-04-13,288,288,6.7,7.5,1.7364,2.3348,0.5984,1.3307,1.2663,0.3503,6.6751,0.4377,5.9185,0.4599,0.9516,4.05e-01,3.68e-01,False,False
IPS7100_MHC_001,pm1_0,day_to_day,2026-04-13,2026-04-14,288,288,7.5,19.7,2.3348,2.276,-0.0589,1.2663,0.6837,0.4377,5.9185,1.0332,4.1135,-0.0577,0.5399,9.07e-01,6.14e-03,False,True
IPS7100_MHC_001,pm1_0,day_to_day,2026-04-14,2026-04-15,288,288,19.7,23.6,2.276,2.8166,0.5406,0.6837,0.7475,1.0332,4.1135,1.5424,5.8804,0.7534,1.0933,1.75e-02,3.46e-01,False,False
IPS7100_MHC_001,pm1_0,day_to_day,2026-04-15,2026-04-16,288,288,23.6,10.0,2.8166,2.9721,0.1556,0.7475,1.263,1.5424,5.8804,1.4586,8.6144,0.1496,1.6897,7.23e-01,9.41e-01,False,False
IPS7100_MHC_001,pm1_0,day_to_day,2026-04-16,2026-04-17,288,288,10.0,24.1,2.9721,2.7978,-0.1744,1.263,0.6619,1.4586,8.6144,1.5682,5.0435,-0.1726,0.524,6.88e-01,9.51e-01,False,False
IPS7100_MHC_001,pm1_0,day_to_day,2026-04-17,2026-04-18,288,288,24.1,7.0,2.7978,1.4991,-1.2987,0.6619,1.1948,1.5682,5.0435,0.1589,4.9312,-1.3423,1.8052,2.84e-02,1.20e-01,False,False
IPS7100_MHC_001,pm1_0,day_to_day,2026-04-18,2026-04-19,288,288,7.0,47.4,1.4991,0.5014,-0.9977,1.1948,0.2295,0.1589,4.9312,0.1795,2.1978,-1.1577,0.1921,7.03e-02,2.36e-06,False,True
IPS7100_MHC_001,pm1_0,day_to_day,2026-04-19,2026-04-20,288,288,47.4,45.8,0.5014,0.6829,0.1815,0.2295,0.275,0.1795,2.1978,0.274,2.084,0.7155,1.198,8.75e-04,1.11e-03,True,False
IPS7100_MHC_001,pm1_0,day_to_day,2026-04-20,2026-04-21,288,288,45.8,8.5,0.6829,1.6441,0.9612,0.275,0.7883,0.274,2.084,0.4363,3.486,1.6253,2.8672,8.36e-03,1.87e-05,True,True
IPS7100_MHC_001,pm1_0,day_to_day,2026-04-21,2026-04-22,288,288,8.5,2.9,1.6441,7.5943,5.9501,0.7883,6.6146,0.4363,3.486,0.8436,23.5813,1.261,8.3906,1.00e+00,1.00e+00,False,False
IPS7100_MHC_001,pm1_0,day_to_day,2026-04-22,2026-04-23,288,288,2.9,18.9,7.5943,2.1149,-5.4794,6.6146,0.6423,0.8436,23.5813,1.0536,3.8581,-1.164,0.0971,1.00e+00,1.00e+00,False,False
IPS7100_MHC_001,pm1_0,day_to_day,2026-04-23,2026-04-24,288,288,18.9,14.4,2.1149,2.571,0.4561,0.6423,1.2346,1.0536,3.8581,0.9304,5.7191,0.4627,1.922,2.17e-01,4.45e-02,False,False
IPS7100_MHC_001,pm1_0,day_to_day,2026-04-24,2026-04-25,288,288,14.4,2.9,2.571,5.0601,2.4891,1.2346,3.4553,0.9304,5.7191,0.6839,13.5462,0.9577,2.7988,1.00e+00,1.00e+00,False,False
IPS7100_MHC_001,pm1_0,day_to_day,2026-04-25,2026-04-26,288,288,2.9,6.3,5.0601,12.2144,7.1543,3.4553,3.6353,0.6839,13.5462,5.1136,23.359,2.0138,1.0521,1.00e+00,1.00e+00,False,False
IPS7100_MHC_001,pm1_0,day_to_day,2026-04-26,2026-04-27,288,288,6.3,10.5,12.2144,13.6901,1.4758,3.6353,2.8621,5.1136,23.359,8.6376,20.0981,0.4503,0.7873,4.08e-01,8.76e-01,False,False
IPS7100_MHC_001,pm1_0,day_to_day,2026-04-27,2026-04-28,288,288,10.5,5.4,13.6901,13.1884,-0.5018,2.8621,4.1379,8.6376,20.0981,4.2731,25.3391,-0.1408,1.4458,8.09e-01,2.18e-01,False,False
IPS7100_MHC_001,pm1_0,day_to_day,2026-04-28,2026-04-29,288,288,5.4,2.9,13.1884,5.5046,-7.6838,4.1379,8.1564,4.2731,25.3391,0.3795,25.5482,-1.186,1.9711,1.00e+00,1.00e+00,False,False
IPS7100_MHC_001,pm1_0,day_to_day,2026-04-29,2026-04-30,288,288,2.9,34.3,5.5046,0.7334,-4.7712,8.1564,0.5922,0.3795,25.5482,0.1917,6.2523,-0.8237,0.0726,1.00e+00,1.00e+00,False,False
IPS7100_MHC_001,pm1_0,day_to_day,2026-04-30,2026-05-01,288,288,34.3,65.3,0.7334,0.3598,-0.3735,0.5922,0.0912,0.1917,6.2523,0.1675,0.6009,-0.8801,0.1541,8.39e-04,2.63e-05,True,True
IPS7100_MHC_001,pm1_0,day_to_day,2026-05-01,2026-05-02,288,288,65.3,15.5,0.3598,0.936,0.5762,0.0912,0.4252,0.1675,0.6009,0.2263,2.163,1.8706,4.6602,9.21e-05,1.22e-07,True,True
IPS7100_MHC_001,pm1_0,day_to_day,2026-05-02,2026-05-03,288,288,15.5,7.9,0.936,0.9261,-0.0099,0.4252,0.5116,0.2263,2.163,0.2987,2.3792,-0.021,1.2032,9.64e-01,7.02e-01,False,False
IPS7100_MHC_001,pm1_0,day_to_day,2026-05-03,2026-05-04,288,288,7.9,63.7,0.9261,0.5599,-0.3663,0.5116,0.1189,0.2987,2.3792,0.296,0.9015,-0.9845,0.2324,8.62e-02,9.13e-06,False,True
IPS7100_MHC_001,pm1_0,day_to_day,2026-05-04,2026-05-05,288,288,63.7,61.9,0.5599,1.1432,0.5833,0.1189,0.2139,0.296,0.9015,0.5877,1.8976,3.3644,1.799,1.00e-15,1.10e-04,True,True
IPS7100_MHC_001,pm1_0,day_to_day,2026-05-05,2026-05-06,288,288,61.9,17.4,1.1432,1.0869,-0.0563,0.2139,0.4504,0.5877,1.8976,0.4276,3.1662,-0.1593,2.1055,6.20e-01,1.31e-04,False,True
IPS7100_MHC_001,pm1_0,day_to_day,2026-05-06,2026-05-07,288,288,17.4,45.1,1.0869,0.6324,-0.4545,0.4504,0.1919,0.4276,3.1662,0.2716,1.2062,-1.3106,0.4261,6.79e-04,9.98e-04,True,True
IPS7100_MHC_001,pm1_0,day_to_day,2026-05-07,2026-05-08,288,288,45.1,9.4,0.6324,1.4885,0.8561,0.1919,0.8268,0.2716,1.2062,0.5528,5.893,1.4239,4.3085,1.22e-02,4.60e-03,False,True
IPS7100_MHC_001,pm1_0,day_to_day,2026-05-08,2026-05-09,288,288,9.4,3.6,1.4885,6.7288,5.2403,0.8268,2.8974,0.5528,5.893,2.3994,14.0615,2.4553,3.5043,4.88e-02,1.24e-02,False,False
IPS7100_MHC_001,pm1_0,day_to_day,2026-05-09,2026-05-10,288,288,3.6,3.9,6.7288,2.7615,-3.9673,2.8974,2.7431,2.3994,14.0615,0.2383,10.6178,-1.4037,0.9467,1.10e-01,6.73e-01,False,False
IPS7100_MHC_001,pm1_0,day_to_day,2026-05-10,2026-05-11,288,288,3.9,11.0,2.7615,1.3176,-1.444,2.7431,0.7149,0.2383,10.6178,0.4242,4.3741,-0.7191,0.2606,3.82e-01,7.08e-02,False,False
IPS7100_MHC_001,pm1_0,day_to_day,2026-05-11,2026-05-12,288,288,11.0,35.4,1.3176,1.027,-0.2906,0.7149,0.2912,0.4242,4.3741,0.4311,2.1775,-0.5314,0.4073,2.16e-01,1.45e-03,False,True
IPS7100_MHC_001,pm1_0,day_to_day,2026-05-12,2026-05-13,288,288,35.4,23.1,1.027,0.9599,-0.0671,0.2912,0.3882,0.4311,2.1775,0.3228,2.6808,-0.1953,1.333,4.82e-01,7.44e-01,False,False
IPS7100_MHC_001,pm1_0,day_to_day,2026-05-13,2026-05-14,288,288,23.1,33.0,0.9599,1.1941,0.2343,0.3882,0.3005,0.3228,2.6808,0.5933,1.9549,0.6737,0.7742,1.96e-02,7.59e-01,False,False
IPS7100_MHC_001,pm1_0,day_to_day,2026-05-14,2026-05-15,288,288,33.0,20.3,1.1941,1.1186,-0.0755,0.3005,0.3528,0.5933,1.9549,0.527,2.253,-0.23,1.174,4.29e-01,4.47e-01,False,False
IPS7100_MHC_001,pm1_0,day_to_day,2026-05-15,2026-05-16,288,288,20.3,44.9,1.1186,1.0553,-0.0633,0.3528,0.2402,0.527,2.253,0.5062,1.7316,-0.2094,0.6809,4.69e-01,4.96e-02,False,False
IPS7100_MHC_001,pm1_0,day_to_day,2026-05-16,2026-05-17,288,288,44.9,2.9,1.0553,4.1418,3.0865,0.2402,3.1315,0.5062,1.7316,0.6485,12.9963,1.3874,13.0346,1.00e+00,1.00e+00,False,False
IPS7100_MHC_001,pm1_0,day_to_day,2026-05-17,2026-05-18,288,288,2.9,2.9,4.1418,5.774,1.6322,3.1315,3.8977,0.6485,12.9963,1.762,15.8414,0.4609,1.2447,1.00e+00,1.00e+00,False,False
IPS7100_MHC_001,pm1_0,day_to_day,2026-05-18,2026-05-19,288,288,2.9,3.5,5.774,4.599,-1.1749,3.8977,2.4279,1.762,15.8414,0.6625,10.0687,-0.3612,0.6229,1.00e+00,1.00e+00,False,False
IPS7100_MHC_001,pm1_0,day_to_day,2026-05-19,2026-05-20,288,288,3.5,3.0,4.599,4.0513,-0.5477,2.4279,3.7698,0.6625,10.0687,0.5308,15.7886,-0.1724,1.5527,8.41e-01,6.24e-01,False,False
IPS7100_MHC_001,pm1_0,day_to_day,2026-05-20,2026-05-21,288,288,3.0,17.6,4.0513,2.4202,-1.6311,3.7698,1.6316,0.5308,15.7886,0.6797,13.8672,-0.5606,0.4328,5.31e-01,8.87e-02,False,False
IPS7100_MHC_001,pm1_0,day_to_day,2026-05-21,2026-05-22,288,288,17.6,6.3,2.4202,3.0173,0.5971,1.6316,1.4656,0.6797,13.8672,1.0427,7.0834,0.3843,0.8982,4.14e-01,8.02e-01,False,False
IPS7100_MHC_001,pm1_0,day_to_day,2026-05-22,2026-05-23,288,288,6.3,8.6,3.0173,1.1078,-1.9095,1.4656,0.5998,1.0427,7.0834,0.2821,2.8557,-1.7024,0.4093,1.87e-02,1.51e-01,False,False
IPS7100_MHC_001,pm1_0,day_to_day,2026-05-23,2026-05-24,288,288,8.6,18.7,1.1078,1.2196,0.1118,0.5998,0.6138,0.2821,2.8557,0.5057,3.5516,0.1839,1.0234,6.60e-01,6.13e-01,False,False
IPS7100_MHC_001,pm1_0,day_to_day,2026-05-24,2026-05-25,288,288,18.7,17.5,1.2196,1.2264,0.0069,0.6138,0.3861,0.5057,3.5516,0.4899,2.7001,0.0134,0.629,9.68e-01,9.06e-01,False,False
IPS7100_MHC_001,pm1_0,day_to_day,2026-05-25,2026-05-26,288,288,17.5,17.1,1.2264,1.5965,0.3701,0.3861,0.5695,0.4899,2.7001,0.5967,4.1581,0.7594,1.4749,3.41e-02,1.12e-01,False,False
IPS7100_MHC_001,pm1_0,day_to_day,2026-05-26,2026-05-27,288,288,17.1,8.5,1.5965,1.4412,-0.1553,0.5695,1.0888,0.5967,4.1581,0.3516,5.4375,-0.1784,1.912,7.05e-01,6.99e-01,False,False
IPS7100_MHC_001,pressure,day_to_day,2024-08-04,2024-08-05,71,288,71.0,2.9,989.0771,993.9304,4.8533,16.0616,1.3571,861.4906,993.5544,990.8049,996.1357,0.668,0.0845,1.00e+00,1.00e+00,False,False
IPS7100_MHC_001,pressure,day_to_day,2024-08-05,2024-08-06,288,288,2.9,2.9,993.9304,993.8623,-0.0681,1.3571,1.3415,990.8049,996.1357,990.6568,995.7282,-0.0504,0.9885,1.00e+00,1.00e+00,False,False
IPS7100_MHC_001,pressure,day_to_day,2024-08-06,2024-08-07,288,288,2.9,2.9,993.8623,990.1448,-3.7176,1.3415,1.643,990.6568,995.7282,985.9053,991.7948,-2.4743,1.2247,1.00e+00,1.00e+00,False,False
IPS7100_MHC_001,pressure,day_to_day,2024-08-07,2024-08-08,288,288,2.9,2.9,990.1448,987.6027,-2.542,1.643,1.0119,985.9053,991.7948,985.8059,989.4745,-1.8599,0.6159,1.00e+00,1.00e+00,False,False
IPS7100_MHC_001,pressure,day_to_day,2024-08-08,2024-08-09,288,288,2.9,2.9,987.6027,992.9013,5.2985,1.0119,2.8309,985.8059,989.4745,986.9949,996.9037,2.4882,2.7977,1.00e+00,1.00e+00,False,False
IPS7100_MHC_001,pressure,day_to_day,2024-08-09,2024-08-10,288,288,2.9,2.9,992.9013,996.9261,4.0248,2.8309,1.4677,986.9949,996.9037,994.57,999.2768,1.7819,0.5184,1.00e+00,1.00e+00,False,False
IPS7100_MHC_001,pressure,day_to_day,2024-08-10,2024-08-11,288,288,2.9,2.9,996.9261,995.3882,-1.5379,1.4677,1.1677,994.57,999.2768,992.2586,996.9347,-1.1576,0.7956,1.00e+00,1.00e+00,False,False
IPS7100_MHC_001,pressure,day_to_day,2024-08-11,2024-08-12,288,288,2.9,2.9,995.3882,993.519,-1.8691,1.1677,1.0803,992.2586,996.9347,991.3602,995.7977,-1.6588,0.9252,1.00e+00,1.00e+00,False,False
IPS7100_MHC_001,pressure,day_to_day,2024-08-12,2024-08-13,288,287,2.9,2.9,993.519,993.5077,-0.0113,1.0803,1.1887,991.3602,995.7977,991.2605,995.536,-0.0099,1.1003,1.00e+00,1.00e+00,False,False
IPS7100_MHC_001,pressure,day_to_day,2024-08-13,2024-08-14,287,288,2.9,2.9,993.5077,993.0401,-0.4676,1.1887,1.1953,991.2605,995.536,990.4598,994.6034,-0.3916,1.0055,1.00e+00,1.00e+00,False,False
IPS7100_MHC_001,pressure,day_to_day,2024-08-14,2024-08-15,288,288,2.9,2.9,993.0401,991.5415,-1.4986,1.1953,1.0662,990.4598,994.6034,988.9357,993.184,-1.3209,0.892,1.00e+00,1.00e+00,False,False
IPS7100_MHC_001,pressure,day_to_day,2024-08-15,2024-08-16,288,282,2.9,2.8,991.5415,991.6833,0.1418,1.0662,1.3585,988.9357,993.184,989.0422,994.11,0.1161,1.2742,1.00e+00,1.00e+00,False,False
IPS7100_MHC_001,pressure,day_to_day,2024-08-16,2024-08-17,282,288,2.8,2.9,991.6833,992.1027,0.4193,1.3585,1.3859,989.0422,994.11,989.666,994.7158,0.305,1.0202,1.00e+00,1.00e+00,False,False
IPS7100_MHC_001,pressure,day_to_day,2024-08-17,2024-08-18,288,288,2.9,2.9,992.1027,992.314,0.2114,1.3859,1.1743,989.666,994.7158,990.1389,994.4512,0.1643,0.8473,1.00e+00,1.00e+00,False,False
IPS7100_MHC_001,pressure,day_to_day,2024-08-18,2024-08-19,288,288,2.9,2.9,992.314,992.0726,-0.2415,1.1743,1.3634,990.1389,994.4512,989.6194,994.8314,-0.1895,1.1611,1.00e+00,1.00e+00,False,False
IPS7100_MHC_001,pressure,day_to_day,2024-08-19,2024-08-20,288,288,2.9,2.9,992.0726,992.8064,0.7338,1.3634,1.4577,989.6194,994.8314,990.2965,995.1458,0.519,1.0691,1.00e+00,1.00e+00,False,False
IPS7100_MHC_001,pressure,day_to_day,2024-08-20,2024-08-21,288,288,2.9,2.9,992.8064,993.9347,1.1283,1.4577,1.4138,990.2965,995.1458,990.9719,995.8345,0.7844,0.9699,1.00e+00,1.00e+00,False,False
IPS7100_MHC_001,pressure,day_to_day,2024-08-21,2024-08-22,288,288,2.9,2.9,993.9347,993.1428,-0.7918,1.4138,1.0756,990.9719,995.8345,990.5395,994.6064,-0.6293,0.7608,1.00e+00,1.00e+00,False,False
IPS7100_MHC_001,pressure,day_to_day,2024-08-22,2024-08-23,288,288,2.9,2.9,993.1428,993.2428,0.1,1.0756,1.094,990.5395,994.6064,990.5176,994.892,0.092,1.017,1.00e+00,1.00e+00,False,False
IPS7100_MHC_001,pressure,day_to_day,2024-08-23,2024-08-24,288,288,2.9,2.9,993.2428,995.2518,2.009,1.094,1.4092,990.5176,994.892,992.8571,998.0675,1.5898,1.2882,1.00e+00,1.00e+00,False,False
IPS7100_MHC_001,pressure,day_to_day,2024-08-24,2024-08-25,288,288,2.9,2.9,995.2518,996.2497,0.9979,1.4092,1.3905,992.8571,998.0675,994.0181,998.6596,0.7116,0.9867,1.00e+00,1.00e+00,False,False
IPS7100_MHC_001,pressure,day_to_day,2024-08-25,2024-08-26,288,288,2.9,2.9,996.2497,997.0899,0.8402,1.3905,1.0773,994.0181,998.6596,995.0869,998.9499,0.6743,0.7748,1.00e+00,1.00e+00,False,False
IPS7100_MHC_001,pressure,day_to_day,2024-08-26,2024-08-27,288,288,2.9,2.9,997.0899,996.2211,-0.8688,1.0773,1.114,995.0869,998.9499,993.8128,998.016,-0.7915,1.034,1.00e+00,1.00e+00,False,False
IPS7100_MHC_001,pressure,day_to_day,2024-08-27,2024-08-28,288,288,2.9,2.9,996.2211,995.2655,-0.9555,1.114,1.3675,993.8128,998.016,992.1818,996.8959,-0.7648,1.2275,1.00e+00,1.00e+00,False,False
IPS7100_MHC_001,pressure,day_to_day,2024-08-28,2024-08-29,288,288,2.9,2.9,995.2655,994.4154,-0.8502,1.3675,0.9822,992.1818,996.8959,992.3009,996.1294,-0.7129,0.7182,1.00e+00,1.00e+00,False,False
IPS7100_MHC_001,pressure,day_to_day,2024-08-29,2024-08-30,288,288,2.9,2.9,994.4154,994.2906,-0.1248,0.9822,1.3078,992.3009,996.1294,992.0883,996.9251,-0.1077,1.3316,1.00e+00,1.00e+00,False,False
IPS7100_MHC_001,pressure,day_to_day,2024-08-30,2024-08-31,288,288,2.9,2.9,994.2906,993.6625,-0.6281,1.3078,1.4839,992.0883,996.9251,990.1582,995.6053,-0.4483,1.1346,1.00e+00,1.00e+00,False,False
IPS7100_MHC_001,pressure,day_to_day,2024-08-31,2024-09-01,288,288,2.9,2.9,993.6625,992.8994,-0.7631,1.4839,1.3041,990.1582,995.6053,990.2904,995.5188,-0.5453,0.8789,1.00e+00,1.00e+00,False,False
IPS7100_MHC_001,pressure,day_to_day,2024-09-01,2024-09-02,288,288,2.9,2.9,992.8994,994.4885,1.5891,1.3041,1.1973,990.2904,995.5188,991.223,996.5242,1.2672,0.9181,1.00e+00,1.00e+00,False,False
IPS7100_MHC_001,pressure,day_to_day,2024-09-02,2024-09-03,288,288,2.9,2.9,994.4885,995.5155,1.027,1.1973,1.169,991.223,996.5242,993.0981,997.8076,0.8664,0.9763,1.00e+00,1.00e+00,False,False
IPS7100_MHC_001,pressure,day_to_day,2024-09-03,2024-09-04,288,288,2.9,2.9,995.5155,997.0699,1.5544,1.169,1.3434,993.0981,997.8076,994.7446,999.5766,1.2323,1.1492,1.00e+00,1.00e+00,False,False
IPS7100_MHC_001,pressure,day_to_day,2024-09-04,2024-09-05,288,288,2.9,163.8,997.0699,996.4405,-0.6294,1.3434,6.8232,994.7446,999.5766,888.5533,998.5159,-0.1278,5.079,1.00e+00,1.00e+00,False,False
IPS7100_MHC_001,pressure,day_to_day,2024-09-05,2024-09-06,288,288,163.8,2.9,996.4405,995.3607,-1.0798,6.8232,0.7362,888.5533,998.5159,993.7672,996.6733,-0.2221,0.1079,1.00e+00,1.00e+00,False,False
IPS7100_MHC_001,pressure,day_to_day,2024-09-06,2024-09-07,288,288,2.9,2.9,995.3607,996.1277,0.767,0.7362,1.2963,993.7672,996.6733,993.9075,998.4219,0.7264,1.7609,1.00e+00,1.00e+00,False,False
IPS7100_MHC_001,pressure,day_to_day,2024-09-07,2024-09-08,288,288,2.9,2.9,996.1277,996.7547,0.627,1.2963,1.5211,993.9075,998.4219,993.9794,999.5366,0.4429,1.1734,1.00e+00,1.00e+00,False,False
IPS7100_MHC_001,pressure,day_to_day,2024-09-08,2024-09-09,288,288,2.9,2.9,996.7547,996.9293,0.1745,1.5211,1.4272,993.9794,999.5366,994.1884,999.3036,0.1181,0.9383,1.00e+00,1.00e+00,False,False
IPS7100_MHC_001,pressure,day_to_day,2024-09-09,2024-09-10,288,288,2.9,2.9,996.9293,993.6609,-3.2684,1.4272,1.6806,994.1884,999.3036,989.5931,995.2833,-2.0928,1.1775,1.00e+00,1.00e+00,False,False
IPS7100_MHC_001,pressure,day_to_day,2024-09-10,2024-09-11,288,288,2.9,2.9,993.6609,990.0307,-3.6302,1.6806,1.0049,989.5931,995.2833,987.4938,991.333,-2.6173,0.598,1.00e+00,1.00e+00,False,False
IPS7100_MHC_001,pressure,day_to_day,2024-09-11,2024-09-12,288,288,2.9,2.9,990.0307,988.5563,-1.4745,1.0049,0.9849,987.4938,991.333,986.4171,990.0305,-1.4794,0.9801,1.00e+00,1.00e+00,False,False
IPS7100_MHC_001,pressure,day_to_day,2024-09-12,2024-09-13,288,288,2.9,2.9,988.5563,988.7101,0.1539,0.9849,1.3399,986.4171,990.0305,986.39,991.15,0.1306,1.3604,1.00e+00,1.00e+00,False,False
IPS7100_MHC_001,pressure,day_to_day,2024-09-13,2024-09-14,288,223,2.9,2.3,988.7101,989.3309,0.6207,1.3399,1.2697,986.39,991.15,986.9493,991.6767,0.473,0.9476,1.00e+00,1.00e+00,False,False
IPS7100_MHC_001,pressure,day_to_day,2024-09-14,2024-09-15,223,288,2.3,2.9,989.3309,990.7012,1.3704,1.2697,1.3194,986.9493,991.6767,987.9944,992.9103,1.0538,1.0391,1.00e+00,1.00e+00,False,False
IPS7100_MHC_001,pressure,day_to_day,2024-09-15,2024-09-16,288,227,2.9,2.3,990.7012,992.2955,1.5943,1.3194,1.1301,987.9944,992.9103,989.1862,993.9761,1.2837,0.8566,1.00e+00,1.00e+00,False,False
IPS7100_MHC_001,pressure,day_to_day,2024-09-16,2024-09-18,227,103,2.3,3.0,992.2955,989.2029,-3.0926,1.1301,1.6687,989.1862,993.9761,986.7903,991.6038,-2.3322,1.4766,1.00e+00,1.00e+00,False,False
IPS7100_MHC_001,pressure,day_to_day,2024-09-18,2024-09-19,103,288,3.0,2.9,989.2029,989.348,0.1451,1.6687,1.4049,986.7903,991.6038,986.7816,991.6853,0.0978,0.8419,1.00e+00,1.00e+00,False,False
IPS7100_MHC_001,pressure,day_to_day,2024-09-19,2024-09-20,288,288,2.9,2.9,989.348,988.8011,-0.5469,1.4049,1.1963,986.7816,991.6853,986.5344,990.896,-0.4185,0.8515,1.00e+00,1.00e+00,False,False
IPS7100_MHC_001,pressure,day_to_day,2024-09-20,2024-09-21,288,288,2.9,2.9,988.8011,989.2312,0.4302,1.1963,1.227,986.5344,990.896,987.094,991.2901,0.3544,1.0257,1.00e+00,1.00e+00,False,False
IPS7100_MHC_001,pressure,day_to_day,2024-09-21,2024-09-22,288,288,2.9,2.9,989.2312,989.5353,0.3041,1.227,1.3409,987.094,991.2901,987.3457,991.853,0.2362,1.0928,1.00e+00,1.00e+00,False,False
IPS7100_MHC_001,pressure,day_to_day,2024-09-22,2024-09-23,288,287,2.9,2.9,989.5353,991.0174,1.482,1.3409,1.6867,987.3457,991.853,987.6451,994.1094,0.9712,1.2578,1.00e+00,1.00e+00,False,False
IPS7100_MHC_001,pressure,day_to_day,2024-09-23,2024-09-24,287,259,2.9,2.6,991.0174,990.5993,-0.4181,1.6867,1.4184,987.6451,994.1094,987.3142,992.6384,-0.2667,0.8409,1.00e+00,1.00e+00,False,False
IPS7100_MHC_001,pressure,day_to_day,2024-09-24,2024-09-25,259,288,2.6,2.9,990.5993,990.0851,-0.5142,1.4184,1.8784,987.3142,992.6384,986.749,993.3078,-0.3061,1.3244,1.00e+00,1.00e+00,False,False
IPS7100_MHC_001,pressure,day_to_day,2024-09-25,2024-09-26,288,288,2.9,2.9,990.0851,991.3379,1.2528,1.8784,1.3665,986.749,993.3078,988.0852,993.4263,0.7614,0.7275,1.00e+00,1.00e+00,False,False
IPS7100_MHC_001,pressure,day_to_day,2024-09-26,2024-09-27,288,288,2.9,2.9,991.3379,988.3575,-2.9805,1.3665,0.8594,988.0852,993.4263,986.8008,989.9648,-2.6065,0.6289,1.00e+00,1.00e+00,False,False
IPS7100_MHC_001,pressure,day_to_day,2024-09-27,2024-09-28,288,288,2.9,2.9,988.3575,990.0799,1.7224,0.8594,1.4452,986.8008,989.9648,987.0404,992.6713,1.4461,1.6817,1.00e+00,1.00e+00,False,False
IPS7100_MHC_001,pressure,day_to_day,2024-09-28,2024-09-29,288,288,2.9,2.9,990.0799,991.7539,1.674,1.4452,1.1957,987.0404,992.6713,989.455,994.1119,1.26,0.8273,1.00e+00,1.00e+00,False,False
IPS7100_MHC_001,pressure,day_to_day,2024-09-29,2024-09-30,288,288,2.9,2.9,991.7539,991.2643,-0.4896,1.1957,0.9994,989.455,994.1119,989.6367,993.2038,-0.4435,0.8359,1.00e+00,1.00e+00,False,False
IPS7100_MHC_001,pressure,day_to_day,2024-09-30,2024-10-01,288,288,2.9,2.9,991.2643,994.6588,3.3945,0.9994,2.1379,989.6367,993.2038,990.1401,997.9503,2.0306,2.1391,1.00e+00,1.00e+00,False,False
IPS7100_MHC_001,pressure,day_to_day,2024-10-01,2024-10-02,288,288,2.9,2.9,994.6588,995.1882,0.5294,2.1379,2.0492,990.1401,997.9503,990.4917,997.6291,0.2524,0.9585,1.00e+00,1.00e+00,False,False
IPS7100_MHC_001,pressure,day_to_day,2024-10-02,2024-10-03,288,288,2.9,2.9,995.1882,991.3369,-3.8513,2.0492,0.7583,990.4917,997.6291,989.7285,992.6278,-2.4883,0.3701,1.00e+00,1.00e+00,False,False
IPS7100_MHC_001,pressure,day_to_day,2024-10-03,2024-10-04,288,288,2.9,2.9,991.3369,995.0924,3.7555,0.7583,1.8624,989.7285,992.6278,990.4007,997.7762,2.6365,2.456,1.00e+00,1.00e+00,False,False
IPS7100_MHC_001,pressure,day_to_day,2024-10-04,2024-10-05,288,288,2.9,2.9,995.0924,996.0558,0.9634,1.8624,1.3602,990.4007,997.7762,992.8308,997.8123,0.5898,0.7303,1.00e+00,1.00e+00,False,False
IPS7100_MHC_001,pressure,day_to_day,2024-10-05,2024-10-06,288,288,2.9,2.9,996.0558,995.2356,-0.8202,1.3602,1.2439,992.8308,997.8123,992.9277,997.5552,-0.6282,0.9145,1.00e+00,1.00e+00,False,False
IPS7100_MHC_001,pressure,day_to_day,2024-10-06,2024-10-07,288,288,2.9,2.9,995.2356,995.1982,-0.0374,1.2439,1.357,992.9277,997.5552,992.2558,997.0153,-0.0287,1.0909,1.00e+00,1.00e+00,False,False
IPS7100_MHC_001,pressure,day_to_day,2024-10-07,2024-10-08,288,288,2.9,2.9,995.1982,993.7791,-1.4191,1.357,1.1558,992.2558,997.0153,991.7856,995.9822,-1.1239,0.8517,1.00e+00,1.00e+00,False,False
IPS7100_MHC_001,pressure,day_to_day,2024-10-08,2024-10-09,288,288,2.9,2.9,993.7791,994.2236,0.4445,1.1558,1.3899,991.7856,995.9822,991.9734,997.3327,0.3471,1.2025,1.00e+00,1.00e+00,False,False
IPS7100_MHC_001,pressure,day_to_day,2024-10-09,2024-10-10,288,288,2.9,2.9,994.2236,995.4142,1.1905,1.3899,1.3714,991.9734,997.3327,992.7722,997.8702,0.8608,0.9866,1.00e+00,1.00e+00,False,False
IPS7100_MHC_001,pressure,day_to_day,2024-10-10,2024-10-11,288,288,2.9,2.9,995.4142,997.5735,2.1594,1.3714,1.4779,992.7722,997.8702,995.3405,1000.4012,1.512,1.0777,1.00e+00,1.00e+00,False,False
IPS7100_MHC_001,pressure,day_to_day,2024-10-11,2024-10-12,288,288,2.9,2.9,997.5735,995.4699,-2.1036,1.4779,1.788,995.3405,1000.4012,991.3859,997.3067,-1.2802,1.2098,1.00e+00,1.00e+00,False,False
IPS7100_MHC_001,pressure,day_to_day,2024-10-12,2024-10-13,288,288,2.9,2.9,995.4699,992.9835,-2.4864,1.788,0.7972,991.3859,997.3067,991.5858,994.5963,-1.793,0.4458,1.00e+00,1.00e+00,False,False
IPS7100_MHC_001,pressure,day_to_day,2024-10-13,2024-10-14,288,288,2.9,2.9,992.9835,997.1081,4.1246,0.7972,1.9378,991.5858,994.5963,993.1195,1000.2541,2.7789,2.4308,1.00e+00,1.00e+00,False,False
IPS7100_MHC_001,pressure,day_to_day,2024-10-14,2024-10-15,288,288,2.9,2.9,997.1081,994.7152,-2.3929,1.9378,1.3584,993.1195,1000.2541,991.981,996.3607,-1.4275,0.701,1.00e+00,1.00e+00,False,False
IPS7100_MHC_001,pressure,day_to_day,2024-10-15,2024-10-16,288,288,2.9,2.9,994.7152,1003.8791,9.1639,1.3584,4.0927,991.981,996.3607,993.5931,1009.2567,3.0001,3.0128,1.00e+00,1.00e+00,False,False
IPS7100_MHC_001,pressure,day_to_day,2024-10-16,2024-10-17,288,288,2.9,2.9,1003.8791,1003.0918,-0.7873,4.0927,1.8275,993.5931,1009.2567,998.9857,1005.2026,-0.248,0.4465,1.00e+00,1.00e+00,False,False
IPS7100_MHC_001,pressure,day_to_day,2024-10-17,2024-10-18,288,288,2.9,2.9,1003.0918,1000.9879,-2.1039,1.8275,1.1131,998.9857,1005.2026,999.1216,1003.1738,-1.3881,0.6091,1.00e+00,1.00e+00,False,False
IPS7100_MHC_001,pressure,day_to_day,2024-10-18,2024-10-19,288,288,2.9,2.9,1000.9879,1004.1688,3.1809,1.1131,1.571,999.1216,1003.1738,1000.7551,1007.1577,2.3324,1.4114,1.00e+00,1.00e+00,False,False
IPS7100_MHC_001,pressure,day_to_day,2024-10-19,2024-10-20,288,287,2.9,2.9,1004.1688,1004.8169,0.6481,1.571,1.375,1000.7551,1007.1577,1001.6003,1006.8418,0.4382,0.8753,1.00e+00,1.00e+00,False,False
IPS7100_MHC_001,pressure,day_to_day,2024-10-20,2024-10-21,287,288,2.9,2.9,1004.8169,1000.2921,-4.5248,1.375,2.0222,1001.6003,1006.8418,995.767,1002.1038,-2.6114,1.4707,1.00e+00,1.00e+00,False,False
IPS7100_MHC_001,pressure,day_to_day,2024-10-21,2024-10-22,288,288,2.9,2.9,1000.2921,996.4356,-3.8565,2.0222,1.0833,995.767,1002.1038,994.5824,998.6068,-2.3732,0.5357,1.00e+00,1.00e+00,False,False
IPS7100_MHC_001,pressure,day_to_day,2024-10-22,2024-10-23,288,288,2.9,2.9,996.4356,996.5362,0.1005,1.0833,1.1455,994.5824,998.6068,994.9199,998.7409,0.09,1.0575,1.00e+00,1.00e+00,False,False
IPS7100_MHC_001,pressure,day_to_day,2024-10-23,2024-10-24,288,288,2.9,2.9,996.5362,994.2018,-2.3344,1.1455,1.758,994.9199,998.7409,990.274,995.8752,-1.5706,1.5347,1.00e+00,1.00e+00,False,False
IPS7100_MHC_001,pressure,day_to_day,2024-10-24,2024-10-25,288,288,2.9,2.9,994.2018,994.6638,0.462,1.758,2.1258,990.274,995.8752,990.7707,997.6373,0.2364,1.2092,1.00e+00,1.00e+00,False,False
IPS7100_MHC_001,pressure,day_to_day,2024-10-25,2024-10-26,288,288,2.9,2.9,994.6638,1000.0018,5.338,2.1258,1.5886,990.7707,997.6373,996.5822,1002.8485,2.8397,0.7473,1.00e+00,1.00e+00,False,False
IPS7100_MHC_001,pressure,day_to_day,2024-10-26,2024-10-27,288,288,2.9,2.9,1000.0018,999.861,-0.1408,1.5886,1.6973,996.5822,1002.8485,995.7688,1001.784,-0.0855,1.0685,1.00e+00,1.00e+00,False,False
IPS7100_MHC_001,pressure,day_to_day,2024-10-27,2024-10-28,288,288,2.9,2.9,999.861,995.4407,-4.4203,1.6973,1.345,995.7688,1001.784,992.1038,997.1901,-2.8816,0.7924,1.00e+00,1.00e+00,False,False
IPS7100_MHC_001,pressure,day_to_day,2024-10-28,2024-10-29,288,288,2.9,2.9,995.4407,992.8525,-2.5882,1.345,1.1746,992.1038,997.1901,990.268,994.7651,-2.0463,0.8733,1.00e+00,1.00e+00,False,False
IPS7100_MHC_001,pressure,day_to_day,2024-10-29,2024-10-30,288,288,2.9,2.9,992.8525,992.0145,-0.8379,1.1746,1.4169,990.268,994.7651,989.1872,994.4393,-0.6428,1.2064,1.00e+00,1.00e+00,False,False
IPS7100_MHC_001,pressure,day_to_day,2024-10-30,2024-10-31,288,288,2.9,2.9,992.0145,994.2542,2.2397,1.4169,2.9653,989.1872,994.4393,989.5349,998.8495,0.9621,2.0927,1.00e+00,1.00e+00,False,False
IPS7100_MHC_001,pressure,day_to_day,2024-10-31,2024-11-01,288,288,2.9,2.9,994.2542,997.7519,3.4977,2.9653,0.8738,989.5349,998.8495,996.0925,999.4533,1.5973,0.2947,1.00e+00,1.00e+00,False,False
IPS7100_MHC_001,pressure,day_to_day,2024-11-01,2024-11-02,288,288,2.9,2.9,997.7519,996.0661,-1.6858,0.8738,1.9978,996.0925,999.4533,991.6322,998.2401,-1.0914,2.2864,1.00e+00,1.00e+00,False,False
IPS7100_MHC_001,pressure,day_to_day,2024-11-02,2024-11-03,288,288,2.9,2.9,996.0661,988.5766,-7.4895,1.9978,2.1918,991.6322,998.2401,984.9928,992.0033,-3.5653,1.0971,1.00e+00,1.00e+00,False,False
IPS7100_MHC_001,pressure,day_to_day,2024-11-03,2024-11-04,288,288,2.9,288.0,988.5766,984.9959,-3.5808,2.1918,0.0,984.9928,992.0033,984.9959,984.9959,-2.3064,0.0,1.00e+00,1.00e+00,False,False
IPS7100_MHC_001,pressure,day_to_day,2024-11-04,2024-11-05,288,288,288.0,288.0,984.9959,984.9959,0.0,0.0,0.0,984.9959,984.9959,984.9959,984.9959,0.0,1.0,1.00e+00,1.00e+00,False,False
IPS7100_MHC_001,pressure,day_to_day,2024-11-05,2024-11-06,288,288,288.0,288.0,984.9959,984.9959,0.0,0.0,0.0,984.9959,984.9959,984.9959,984.9959,0.0,1.0,1.00e+00,1.00e+00,False,False
IPS7100_MHC_001,pressure,day_to_day,2024-11-06,2024-11-07,288,288,288.0,288.0,984.9959,984.9959,0.0,0.0,0.0,984.9959,984.9959,984.9959,984.9959,0.0,1.0,1.00e+00,1.00e+00,False,False
IPS7100_MHC_001,pressure,day_to_day,2024-11-07,2024-11-08,288,288,288.0,288.0,984.9959,984.9959,0.0,0.0,0.0,984.9959,984.9959,984.9959,984.9959,0.0,1.0,1.00e+00,1.00e+00,False,False
IPS7100_MHC_001,pressure,day_to_day,2024-11-08,2024-11-09,288,288,288.0,288.0,984.9959,984.9959,0.0,0.0,0.0,984.9959,984.9959,984.9959,984.9959,0.0,1.0,1.00e+00,1.00e+00,False,False
IPS7100_MHC_001,pressure,day_to_day,2024-11-09,2024-11-10,288,288,288.0,288.0,984.9959,984.9959,0.0,0.0,0.0,984.9959,984.9959,984.9959,984.9959,0.0,1.0,1.00e+00,1.00e+00,False,False
IPS7100_MHC_001,pressure,day_to_day,2024-11-10,2024-11-11,288,186,288.0,186.0,984.9959,984.9959,0.0,0.0,0.0,984.9959,984.9959,984.9959,984.9959,0.0,1.0,1.00e+00,1.00e+00,False,False
IPS7100_MHC_001,pressure,day_to_day,2024-11-11,2024-11-12,186,47,186.0,47.0,984.9959,984.9959,0.0,0.0,0.0,984.9959,984.9959,984.9959,984.9959,0.0,1.0,1.00e+00,1.00e+00,False,False
IPS7100_MHC_001,pressure,day_to_day,2024-11-12,2024-11-13,47,288,47.0,288.0,984.9959,984.9959,-0.0,0.0,0.0,984.9959,984.9959,984.9959,984.9959,0.0,1.0,1.00e+00,1.00e+00,False,False
IPS7100_MHC_001,pressure,day_to_day,2024-11-13,2024-11-14,288,288,288.0,288.0,984.9959,984.9959,0.0,0.0,0.0,984.9959,984.9959,984.9959,984.9959,0.0,1.0,1.00e+00,1.00e+00,False,False
IPS7100_MHC_001,pressure,day_to_day,2024-11-14,2024-11-15,288,288,288.0,288.0,984.9959,984.9959,0.0,0.0,0.0,984.9959,984.9959,984.9959,984.9959,0.0,1.0,1.00e+00,1.00e+00,False,False
IPS7100_MHC_001,pressure,day_to_day,2024-11-15,2024-11-16,288,288,288.0,288.0,984.9959,984.9959,0.0,0.0,0.0,984.9959,984.9959,984.9959,984.9959,0.0,1.0,1.00e+00,1.00e+00,False,False
IPS7100_MHC_001,pressure,day_to_day,2024-11-16,2024-11-17,288,288,288.0,288.0,984.9959,984.9959,0.0,0.0,0.0,984.9959,984.9959,984.9959,984.9959,0.0,1.0,1.00e+00,1.00e+00,False,False
IPS7100_MHC_001,pressure,day_to_day,2024-11-17,2024-11-18,288,288,288.0,288.0,984.9959,984.9959,0.0,0.0,0.0,984.9959,984.9959,984.9959,984.9959,0.0,1.0,1.00e+00,1.00e+00,False,False
IPS7100_MHC_001,pressure,day_to_day,2024-11-18,2024-11-19,288,288,288.0,288.0,984.9959,984.9959,0.0,0.0,0.0,984.9959,984.9959,984.9959,984.9959,0.0,1.0,1.00e+00,1.00e+00,False,False
IPS7100_MHC_001,pressure,day_to_day,2024-11-19,2024-11-20,288,261,288.0,261.0,984.9959,984.9959,-0.0,0.0,0.0,984.9959,984.9959,984.9959,984.9959,0.0,1.0,1.00e+00,1.00e+00,False,False
IPS7100_MHC_001,pressure,day_to_day,2024-11-20,2024-11-21,261,288,261.0,288.0,984.9959,984.9959,0.0,0.0,0.0,984.9959,984.9959,984.9959,984.9959,0.0,1.0,1.00e+00,1.00e+00,False,False
IPS7100_MHC_001,pressure,day_to_day,2024-11-21,2024-11-22,288,288,288.0,288.0,984.9959,984.9959,0.0,0.0,0.0,984.9959,984.9959,984.9959,984.9959,0.0,1.0,1.00e+00,1.00e+00,False,False
IPS7100_MHC_001,pressure,day_to_day,2024-11-22,2024-11-23,288,288,288.0,288.0,984.9959,984.9959,0.0,0.0,0.0,984.9959,984.9959,984.9959,984.9959,0.0,1.0,1.00e+00,1.00e+00,False,False
IPS7100_MHC_001,pressure,day_to_day,2024-11-23,2024-11-24,288,288,288.0,288.0,984.9959,984.9959,0.0,0.0,0.0,984.9959,984.9959,984.9959,984.9959,0.0,1.0,1.00e+00,1.00e+00,False,False
IPS7100_MHC_001,pressure,day_to_day,2024-11-24,2024-11-25,288,288,288.0,288.0,984.9959,984.9959,0.0,0.0,0.0,984.9959,984.9959,984.9959,984.9959,0.0,1.0,1.00e+00,1.00e+00,False,False
IPS7100_MHC_001,pressure,day_to_day,2024-11-25,2024-11-26,288,288,288.0,288.0,984.9959,984.9959,0.0,0.0,0.0,984.9959,984.9959,984.9959,984.9959,0.0,1.0,1.00e+00,1.00e+00,False,False
IPS7100_MHC_001,pressure,day_to_day,2024-11-26,2024-11-27,288,288,288.0,288.0,984.9959,984.9959,0.0,0.0,0.0,984.9959,984.9959,984.9959,984.9959,0.0,1.0,1.00e+00,1.00e+00,False,False
IPS7100_MHC_001,pressure,day_to_day,2024-11-27,2024-11-28,288,288,288.0,288.0,984.9959,984.9959,0.0,0.0,0.0,984.9959,984.9959,984.9959,984.9959,0.0,1.0,1.00e+00,1.00e+00,False,False
IPS7100_MHC_001,pressure,day_to_day,2024-11-28,2024-11-29,288,288,288.0,288.0,984.9959,984.9959,0.0,0.0,0.0,984.9959,984.9959,984.9959,984.9959,0.0,1.0,1.00e+00,1.00e+00,False,False
IPS7100_MHC_001,pressure,day_to_day,2024-11-29,2024-11-30,288,288,288.0,288.0,984.9959,984.9959,0.0,0.0,0.0,984.9959,984.9959,984.9959,984.9959,0.0,1.0,1.00e+00,1.00e+00,False,False
IPS7100_MHC_001,pressure,day_to_day,2024-11-30,2024-12-01,288,288,288.0,288.0,984.9959,984.9959,0.0,0.0,0.0,984.9959,984.9959,984.9959,984.9959,0.0,1.0,1.00e+00,1.00e+00,False,False
IPS7100_MHC_001,pressure,day_to_day,2024-12-01,2024-12-02,288,288,288.0,288.0,984.9959,984.9959,0.0,0.0,0.0,984.9959,984.9959,984.9959,984.9959,0.0,1.0,1.00e+00,1.00e+00,False,False
IPS7100_MHC_001,pressure,day_to_day,2024-12-02,2024-12-03,288,288,288.0,288.0,984.9959,984.9959,0.0,0.0,0.0,984.9959,984.9959,984.9959,984.9959,0.0,1.0,1.00e+00,1.00e+00,False,False
IPS7100_MHC_001,pressure,day_to_day,2024-12-03,2024-12-04,288,288,288.0,288.0,984.9959,984.9959,0.0,0.0,0.0,984.9959,984.9959,984.9959,984.9959,0.0,1.0,1.00e+00,1.00e+00,False,False
IPS7100_MHC_001,pressure,day_to_day,2024-12-04,2024-12-05,288,288,288.0,288.0,984.9959,984.9959,0.0,0.0,0.0,984.9959,984.9959,984.9959,984.9959,0.0,1.0,1.00e+00,1.00e+00,False,False
IPS7100_MHC_001,pressure,day_to_day,2024-12-05,2024-12-06,288,288,288.0,288.0,984.9959,984.9959,0.0,0.0,0.0,984.9959,984.9959,984.9959,984.9959,0.0,1.0,1.00e+00,1.00e+00,False,False
IPS7100_MHC_001,pressure,day_to_day,2024-12-06,2024-12-07,288,288,288.0,288.0,984.9959,984.9959,0.0,0.0,0.0,984.9959,984.9959,984.9959,984.9959,0.0,1.0,1.00e+00,1.00e+00,False,False
IPS7100_MHC_001,pressure,day_to_day,2024-12-07,2024-12-08,288,288,288.0,288.0,984.9959,984.9959,0.0,0.0,0.0,984.9959,984.9959,984.9959,984.9959,0.0,1.0,1.00e+00,1.00e+00,False,False
IPS7100_MHC_001,pressure,day_to_day,2024-12-08,2024-12-09,288,288,288.0,288.0,984.9959,984.9959,0.0,0.0,0.0,984.9959,984.9959,984.9959,984.9959,0.0,1.0,1.00e+00,1.00e+00,False,False
IPS7100_MHC_001,pressure,day_to_day,2024-12-09,2024-12-10,288,288,288.0,288.0,984.9959,984.9959,0.0,0.0,0.0,984.9959,984.9959,984.9959,984.9959,0.0,1.0,1.00e+00,1.00e+00,False,False
IPS7100_MHC_001,pressure,day_to_day,2024-12-10,2024-12-11,288,288,288.0,288.0,984.9959,984.9959,0.0,0.0,0.0,984.9959,984.9959,984.9959,984.9959,0.0,1.0,1.00e+00,1.00e+00,False,False
IPS7100_MHC_001,pressure,day_to_day,2024-12-11,2024-12-12,288,288,288.0,288.0,984.9959,984.9959,0.0,0.0,0.0,984.9959,984.9959,984.9959,984.9959,0.0,1.0,1.00e+00,1.00e+00,False,False
IPS7100_MHC_001,pressure,day_to_day,2024-12-12,2024-12-13,288,288,288.0,288.0,984.9959,984.9959,0.0,0.0,0.0,984.9959,984.9959,984.9959,984.9959,0.0,1.0,1.00e+00,1.00e+00,False,False
IPS7100_MHC_001,pressure,day_to_day,2024-12-13,2024-12-14,288,288,288.0,288.0,984.9959,984.9959,0.0,0.0,0.0,984.9959,984.9959,984.9959,984.9959,0.0,1.0,1.00e+00,1.00e+00,False,False
IPS7100_MHC_001,pressure,day_to_day,2024-12-14,2024-12-15,288,288,288.0,288.0,984.9959,984.9959,0.0,0.0,0.0,984.9959,984.9959,984.9959,984.9959,0.0,1.0,1.00e+00,1.00e+00,False,False
IPS7100_MHC_001,pressure,day_to_day,2024-12-15,2024-12-16,288,288,288.0,288.0,984.9959,984.9959,0.0,0.0,0.0,984.9959,984.9959,984.9959,984.9959,0.0,1.0,1.00e+00,1.00e+00,False,False
IPS7100_MHC_001,pressure,day_to_day,2024-12-16,2024-12-17,288,288,288.0,288.0,984.9959,984.9959,0.0,0.0,0.0,984.9959,984.9959,984.9959,984.9959,0.0,1.0,1.00e+00,1.00e+00,False,False
IPS7100_MHC_001,pressure,day_to_day,2024-12-17,2024-12-18,288,288,288.0,288.0,984.9959,984.9959,0.0,0.0,0.0,984.9959,984.9959,984.9959,984.9959,0.0,1.0,1.00e+00,1.00e+00,False,False
IPS7100_MHC_001,pressure,day_to_day,2024-12-18,2024-12-19,288,288,288.0,288.0,984.9959,984.9959,0.0,0.0,0.0,984.9959,984.9959,984.9959,984.9959,0.0,1.0,1.00e+00,1.00e+00,False,False
IPS7100_MHC_001,pressure,day_to_day,2024-12-19,2024-12-20,288,288,288.0,288.0,984.9959,984.9959,0.0,0.0,0.0,984.9959,984.9959,984.9959,984.9959,0.0,1.0,1.00e+00,1.00e+00,False,False
IPS7100_MHC_001,pressure,day_to_day,2024-12-20,2024-12-21,288,287,288.0,287.0,984.9959,984.9959,0.0,0.0,0.0,984.9959,984.9959,984.9959,984.9959,0.0,1.0,1.00e+00,1.00e+00,False,False
IPS7100_MHC_001,pressure,day_to_day,2024-12-21,2024-12-22,287,288,287.0,288.0,984.9959,984.9959,0.0,0.0,0.0,984.9959,984.9959,984.9959,984.9959,0.0,1.0,1.00e+00,1.00e+00,False,False
IPS7100_MHC_001,pressure,day_to_day,2024-12-22,2024-12-23,288,288,288.0,288.0,984.9959,984.9959,0.0,0.0,0.0,984.9959,984.9959,984.9959,984.9959,0.0,1.0,1.00e+00,1.00e+00,False,False
IPS7100_MHC_001,pressure,day_to_day,2024-12-23,2024-12-24,288,110,288.0,110.0,984.9959,984.9959,0.0,0.0,0.0,984.9959,984.9959,984.9959,984.9959,0.0,1.0,1.00e+00,1.00e+00,False,False
IPS7100_MHC_001,pressure,day_to_day,2024-12-24,2024-12-25,110,179,110.0,179.0,984.9959,984.9959,0.0,0.0,0.0,984.9959,984.9959,984.9959,984.9959,0.0,1.0,1.00e+00,1.00e+00,False,False
IPS7100_MHC_001,pressure,day_to_day,2024-12-25,2024-12-26,179,288,179.0,288.0,984.9959,984.9959,0.0,0.0,0.0,984.9959,984.9959,984.9959,984.9959,0.0,1.0,1.00e+00,1.00e+00,False,False
IPS7100_MHC_001,pressure,day_to_day,2024-12-26,2024-12-27,288,288,288.0,288.0,984.9959,984.9959,0.0,0.0,0.0,984.9959,984.9959,984.9959,984.9959,0.0,1.0,1.00e+00,1.00e+00,False,False
IPS7100_MHC_001,pressure,day_to_day,2024-12-27,2024-12-28,288,288,288.0,288.0,984.9959,984.9959,0.0,0.0,0.0,984.9959,984.9959,984.9959,984.9959,0.0,1.0,1.00e+00,1.00e+00,False,False
IPS7100_MHC_001,pressure,day_to_day,2024-12-28,2024-12-29,288,288,288.0,288.0,984.9959,984.9959,0.0,0.0,0.0,984.9959,984.9959,984.9959,984.9959,0.0,1.0,1.00e+00,1.00e+00,False,False
IPS7100_MHC_001,pressure,day_to_day,2024-12-29,2024-12-30,288,288,288.0,288.0,984.9959,984.9959,0.0,0.0,0.0,984.9959,984.9959,984.9959,984.9959,0.0,1.0,1.00e+00,1.00e+00,False,False
IPS7100_MHC_001,pressure,day_to_day,2024-12-30,2024-12-31,288,288,288.0,288.0,984.9959,984.9959,0.0,0.0,0.0,984.9959,984.9959,984.9959,984.9959,0.0,1.0,1.00e+00,1.00e+00,False,False
IPS7100_MHC_001,pressure,day_to_day,2024-12-31,2025-01-01,288,288,288.0,288.0,984.9959,984.9959,0.0,0.0,0.0,984.9959,984.9959,984.9959,984.9959,0.0,1.0,1.00e+00,1.00e+00,False,False
IPS7100_MHC_001,pressure,day_to_day,2025-01-01,2025-01-02,288,288,288.0,288.0,984.9959,984.9959,0.0,0.0,0.0,984.9959,984.9959,984.9959,984.9959,0.0,1.0,1.00e+00,1.00e+00,False,False
IPS7100_MHC_001,pressure,day_to_day,2025-01-02,2025-01-03,288,288,288.0,288.0,984.9959,984.9959,0.0,0.0,0.0,984.9959,984.9959,984.9959,984.9959,0.0,1.0,1.00e+00,1.00e+00,False,False
IPS7100_MHC_001,pressure,day_to_day,2025-01-03,2025-01-04,288,288,288.0,288.0,984.9959,984.9959,0.0,0.0,0.0,984.9959,984.9959,984.9959,984.9959,0.0,1.0,1.00e+00,1.00e+00,False,False
IPS7100_MHC_001,pressure,day_to_day,2025-01-04,2025-01-05,288,288,288.0,288.0,984.9959,984.9959,0.0,0.0,0.0,984.9959,984.9959,984.9959,984.9959,0.0,1.0,1.00e+00,1.00e+00,False,False
IPS7100_MHC_001,pressure,day_to_day,2025-01-05,2025-01-06,288,288,288.0,288.0,984.9959,984.9959,0.0,0.0,0.0,984.9959,984.9959,984.9959,984.9959,0.0,1.0,1.00e+00,1.00e+00,False,False
IPS7100_MHC_001,pressure,day_to_day,2025-01-06,2025-01-07,288,288,288.0,288.0,984.9959,984.9959,0.0,0.0,0.0,984.9959,984.9959,984.9959,984.9959,0.0,1.0,1.00e+00,1.00e+00,False,False
IPS7100_MHC_001,pressure,day_to_day,2025-01-07,2025-01-08,288,288,288.0,288.0,984.9959,984.9959,0.0,0.0,0.0,984.9959,984.9959,984.9959,984.9959,0.0,1.0,1.00e+00,1.00e+00,False,False
IPS7100_MHC_001,pressure,day_to_day,2025-01-08,2025-01-09,288,288,288.0,288.0,984.9959,984.9959,0.0,0.0,0.0,984.9959,984.9959,984.9959,984.9959,0.0,1.0,1.00e+00,1.00e+00,False,False
IPS7100_MHC_001,pressure,day_to_day,2025-01-09,2025-01-10,288,288,288.0,288.0,984.9959,984.9959,0.0,0.0,0.0,984.9959,984.9959,984.9959,984.9959,0.0,1.0,1.00e+00,1.00e+00,False,False
IPS7100_MHC_001,pressure,day_to_day,2025-01-10,2025-01-11,288,288,288.0,288.0,984.9959,984.9959,0.0,0.0,0.0,984.9959,984.9959,984.9959,984.9959,0.0,1.0,1.00e+00,1.00e+00,False,False
IPS7100_MHC_001,pressure,day_to_day,2025-01-11,2025-01-12,288,288,288.0,288.0,984.9959,984.9959,0.0,0.0,0.0,984.9959,984.9959,984.9959,984.9959,0.0,1.0,1.00e+00,1.00e+00,False,False
IPS7100_MHC_001,pressure,day_to_day,2025-01-12,2025-01-13,288,288,288.0,288.0,984.9959,984.9959,0.0,0.0,0.0,984.9959,984.9959,984.9959,984.9959,0.0,1.0,1.00e+00,1.00e+00,False,False
IPS7100_MHC_001,pressure,day_to_day,2025-01-13,2025-01-14,288,288,288.0,288.0,984.9959,984.9959,0.0,0.0,0.0,984.9959,984.9959,984.9959,984.9959,0.0,1.0,1.00e+00,1.00e+00,False,False
IPS7100_MHC_001,pressure,day_to_day,2025-01-14,2025-01-15,288,288,288.0,288.0,984.9959,984.9959,0.0,0.0,0.0,984.9959,984.9959,984.9959,984.9959,0.0,1.0,1.00e+00,1.00e+00,False,False
IPS7100_MHC_001,pressure,day_to_day,2025-01-15,2025-01-16,288,288,288.0,288.0,984.9959,984.9959,0.0,0.0,0.0,984.9959,984.9959,984.9959,984.9959,0.0,1.0,1.00e+00,1.00e+00,False,False
IPS7100_MHC_001,pressure,day_to_day,2025-01-16,2025-01-17,288,288,288.0,288.0,984.9959,984.9959,0.0,0.0,0.0,984.9959,984.9959,984.9959,984.9959,0.0,1.0,1.00e+00,1.00e+00,False,False
IPS7100_MHC_001,pressure,day_to_day,2025-01-17,2025-01-18,288,288,288.0,288.0,984.9959,984.9959,0.0,0.0,0.0,984.9959,984.9959,984.9959,984.9959,0.0,1.0,1.00e+00,1.00e+00,False,False
IPS7100_MHC_001,pressure,day_to_day,2025-01-18,2025-01-19,288,288,288.0,288.0,984.9959,984.9959,0.0,0.0,0.0,984.9959,984.9959,984.9959,984.9959,0.0,1.0,1.00e+00,1.00e+00,False,False
IPS7100_MHC_001,pressure,day_to_day,2025-01-19,2025-01-20,288,288,288.0,288.0,984.9959,984.9959,0.0,0.0,0.0,984.9959,984.9959,984.9959,984.9959,0.0,1.0,1.00e+00,1.00e+00,False,False
IPS7100_MHC_001,pressure,day_to_day,2025-01-20,2025-01-21,288,288,288.0,288.0,984.9959,984.9959,0.0,0.0,0.0,984.9959,984.9959,984.9959,984.9959,0.0,1.0,1.00e+00,1.00e+00,False,False
IPS7100_MHC_001,pressure,day_to_day,2025-01-21,2025-01-22,288,288,288.0,288.0,984.9959,984.9959,0.0,0.0,0.0,984.9959,984.9959,984.9959,984.9959,0.0,1.0,1.00e+00,1.00e+00,False,False
IPS7100_MHC_001,pressure,day_to_day,2025-01-22,2025-01-23,288,288,288.0,288.0,984.9959,984.9959,0.0,0.0,0.0,984.9959,984.9959,984.9959,984.9959,0.0,1.0,1.00e+00,1.00e+00,False,False
IPS7100_MHC_001,pressure,day_to_day,2025-01-23,2025-01-24,288,288,288.0,288.0,984.9959,984.9959,0.0,0.0,0.0,984.9959,984.9959,984.9959,984.9959,0.0,1.0,1.00e+00,1.00e+00,False,False
IPS7100_MHC_001,pressure,day_to_day,2025-01-24,2025-01-25,288,288,288.0,288.0,984.9959,984.9959,0.0,0.0,0.0,984.9959,984.9959,984.9959,984.9959,0.0,1.0,1.00e+00,1.00e+00,False,False
IPS7100_MHC_001,pressure,day_to_day,2025-01-25,2025-01-26,288,288,288.0,288.0,984.9959,984.9959,0.0,0.0,0.0,984.9959,984.9959,984.9959,984.9959,0.0,1.0,1.00e+00,1.00e+00,False,False
IPS7100_MHC_001,pressure,day_to_day,2025-01-26,2025-01-27,288,288,288.0,288.0,984.9959,984.9959,0.0,0.0,0.0,984.9959,984.9959,984.9959,984.9959,0.0,1.0,1.00e+00,1.00e+00,False,False
IPS7100_MHC_001,pressure,day_to_day,2025-01-27,2025-01-28,288,288,288.0,288.0,984.9959,984.9959,0.0,0.0,0.0,984.9959,984.9959,984.9959,984.9959,0.0,1.0,1.00e+00,1.00e+00,False,False
IPS7100_MHC_001,pressure,day_to_day,2025-01-28,2025-01-29,288,288,288.0,288.0,984.9959,984.9959,0.0,0.0,0.0,984.9959,984.9959,984.9959,984.9959,0.0,1.0,1.00e+00,1.00e+00,False,False
IPS7100_MHC_001,pressure,day_to_day,2025-01-29,2025-01-30,288,288,288.0,288.0,984.9959,984.9959,0.0,0.0,0.0,984.9959,984.9959,984.9959,984.9959,0.0,1.0,1.00e+00,1.00e+00,False,False
IPS7100_MHC_001,pressure,day_to_day,2025-01-30,2025-01-31,288,288,288.0,288.0,984.9959,984.9959,0.0,0.0,0.0,984.9959,984.9959,984.9959,984.9959,0.0,1.0,1.00e+00,1.00e+00,False,False
IPS7100_MHC_001,pressure,day_to_day,2025-01-31,2025-02-01,288,288,288.0,288.0,984.9959,984.9959,0.0,0.0,0.0,984.9959,984.9959,984.9959,984.9959,0.0,1.0,1.00e+00,1.00e+00,False,False
IPS7100_MHC_001,pressure,day_to_day,2025-02-01,2025-02-02,288,288,288.0,288.0,984.9959,984.9959,0.0,0.0,0.0,984.9959,984.9959,984.9959,984.9959,0.0,1.0,1.00e+00,1.00e+00,False,False
IPS7100_MHC_001,pressure,day_to_day,2025-02-02,2025-02-03,288,288,288.0,288.0,984.9959,984.9959,0.0,0.0,0.0,984.9959,984.9959,984.9959,984.9959,0.0,1.0,1.00e+00,1.00e+00,False,False
IPS7100_MHC_001,pressure,day_to_day,2025-02-03,2025-02-04,288,288,288.0,288.0,984.9959,984.9959,0.0,0.0,0.0,984.9959,984.9959,984.9959,984.9959,0.0,1.0,1.00e+00,1.00e+00,False,False
IPS7100_MHC_001,pressure,day_to_day,2025-02-04,2025-02-05,288,288,288.0,288.0,984.9959,984.9959,0.0,0.0,0.0,984.9959,984.9959,984.9959,984.9959,0.0,1.0,1.00e+00,1.00e+00,False,False
IPS7100_MHC_001,pressure,day_to_day,2025-02-05,2025-02-06,288,288,288.0,288.0,984.9959,984.9959,0.0,0.0,0.0,984.9959,984.9959,984.9959,984.9959,0.0,1.0,1.00e+00,1.00e+00,False,False
IPS7100_MHC_001,pressure,day_to_day,2025-02-06,2025-02-07,288,288,288.0,288.0,984.9959,984.9959,0.0,0.0,0.0,984.9959,984.9959,984.9959,984.9959,0.0,1.0,1.00e+00,1.00e+00,False,False
IPS7100_MHC_001,pressure,day_to_day,2025-02-07,2025-02-08,288,288,288.0,288.0,984.9959,984.9959,0.0,0.0,0.0,984.9959,984.9959,984.9959,984.9959,0.0,1.0,1.00e+00,1.00e+00,False,False
IPS7100_MHC_001,pressure,day_to_day,2025-02-08,2025-02-09,288,288,288.0,288.0,984.9959,984.9959,0.0,0.0,0.0,984.9959,984.9959,984.9959,984.9959,0.0,1.0,1.00e+00,1.00e+00,False,False
IPS7100_MHC_001,pressure,day_to_day,2025-02-09,2025-02-10,288,288,288.0,288.0,984.9959,984.9959,0.0,0.0,0.0,984.9959,984.9959,984.9959,984.9959,0.0,1.0,1.00e+00,1.00e+00,False,False
IPS7100_MHC_001,pressure,day_to_day,2025-02-10,2025-02-11,288,288,288.0,288.0,984.9959,984.9959,0.0,0.0,0.0,984.9959,984.9959,984.9959,984.9959,0.0,1.0,1.00e+00,1.00e+00,False,False
IPS7100_MHC_001,pressure,day_to_day,2025-02-11,2025-02-12,288,288,288.0,288.0,984.9959,984.9959,0.0,0.0,0.0,984.9959,984.9959,984.9959,984.9959,0.0,1.0,1.00e+00,1.00e+00,False,False
IPS7100_MHC_001,pressure,day_to_day,2025-02-12,2025-02-13,288,288,288.0,288.0,984.9959,984.9959,0.0,0.0,0.0,984.9959,984.9959,984.9959,984.9959,0.0,1.0,1.00e+00,1.00e+00,False,False
IPS7100_MHC_001,pressure,day_to_day,2025-02-13,2025-02-14,288,288,288.0,288.0,984.9959,984.9959,0.0,0.0,0.0,984.9959,984.9959,984.9959,984.9959,0.0,1.0,1.00e+00,1.00e+00,False,False
IPS7100_MHC_001,pressure,day_to_day,2025-02-14,2025-02-15,288,288,288.0,288.0,984.9959,984.9959,0.0,0.0,0.0,984.9959,984.9959,984.9959,984.9959,0.0,1.0,1.00e+00,1.00e+00,False,False
IPS7100_MHC_001,pressure,day_to_day,2025-02-15,2025-02-16,288,288,288.0,288.0,984.9959,984.9959,0.0,0.0,0.0,984.9959,984.9959,984.9959,984.9959,0.0,1.0,1.00e+00,1.00e+00,False,False
IPS7100_MHC_001,pressure,day_to_day,2025-02-16,2025-02-17,288,288,288.0,288.0,984.9959,984.9959,0.0,0.0,0.0,984.9959,984.9959,984.9959,984.9959,0.0,1.0,1.00e+00,1.00e+00,False,False
IPS7100_MHC_001,pressure,day_to_day,2025-02-17,2025-02-18,288,288,288.0,288.0,984.9959,984.9959,0.0,0.0,0.0,984.9959,984.9959,984.9959,984.9959,0.0,1.0,1.00e+00,1.00e+00,False,False
IPS7100_MHC_001,pressure,day_to_day,2025-02-18,2025-02-19,288,288,288.0,288.0,984.9959,984.9959,0.0,0.0,0.0,984.9959,984.9959,984.9959,984.9959,0.0,1.0,1.00e+00,1.00e+00,False,False
IPS7100_MHC_001,pressure,day_to_day,2025-02-19,2025-02-20,288,288,288.0,288.0,984.9959,984.9959,0.0,0.0,0.0,984.9959,984.9959,984.9959,984.9959,0.0,1.0,1.00e+00,1.00e+00,False,False
IPS7100_MHC_001,pressure,day_to_day,2025-02-20,2025-02-21,288,288,288.0,288.0,984.9959,984.9959,0.0,0.0,0.0,984.9959,984.9959,984.9959,984.9959,0.0,1.0,1.00e+00,1.00e+00,False,False
IPS7100_MHC_001,pressure,day_to_day,2025-02-21,2025-02-22,288,288,288.0,288.0,984.9959,984.9959,0.0,0.0,0.0,984.9959,984.9959,984.9959,984.9959,0.0,1.0,1.00e+00,1.00e+00,False,False
IPS7100_MHC_001,pressure,day_to_day,2025-02-22,2025-02-23,288,288,288.0,288.0,984.9959,984.9959,0.0,0.0,0.0,984.9959,984.9959,984.9959,984.9959,0.0,1.0,1.00e+00,1.00e+00,False,False
IPS7100_MHC_001,pressure,day_to_day,2025-02-23,2025-02-24,288,288,288.0,288.0,984.9959,984.9959,0.0,0.0,0.0,984.9959,984.9959,984.9959,984.9959,0.0,1.0,1.00e+00,1.00e+00,False,False
IPS7100_MHC_001,pressure,day_to_day,2025-02-24,2025-02-25,288,288,288.0,288.0,984.9959,984.9959,0.0,0.0,0.0,984.9959,984.9959,984.9959,984.9959,0.0,1.0,1.00e+00,1.00e+00,False,False
IPS7100_MHC_001,pressure,day_to_day,2025-02-25,2025-02-26,288,288,288.0,288.0,984.9959,984.9959,0.0,0.0,0.0,984.9959,984.9959,984.9959,984.9959,0.0,1.0,1.00e+00,1.00e+00,False,False
IPS7100_MHC_001,pressure,day_to_day,2025-02-26,2025-02-27,288,288,288.0,288.0,984.9959,984.9959,0.0,0.0,0.0,984.9959,984.9959,984.9959,984.9959,0.0,1.0,1.00e+00,1.00e+00,False,False
IPS7100_MHC_001,pressure,day_to_day,2025-02-27,2025-02-28,288,156,288.0,156.0,984.9959,984.9959,-0.0,0.0,0.0,984.9959,984.9959,984.9959,984.9959,0.0,1.0,1.00e+00,1.00e+00,False,False
IPS7100_MHC_001,pressure,day_to_day,2025-02-28,2025-03-01,156,288,156.0,288.0,984.9959,984.9959,0.0,0.0,0.0,984.9959,984.9959,984.9959,984.9959,0.0,1.0,1.00e+00,1.00e+00,False,False
IPS7100_MHC_001,pressure,day_to_day,2025-03-01,2025-03-02,288,288,288.0,288.0,984.9959,984.9959,0.0,0.0,0.0,984.9959,984.9959,984.9959,984.9959,0.0,1.0,1.00e+00,1.00e+00,False,False
IPS7100_MHC_001,pressure,day_to_day,2025-03-02,2025-03-03,288,288,288.0,288.0,984.9959,984.9959,0.0,0.0,0.0,984.9959,984.9959,984.9959,984.9959,0.0,1.0,1.00e+00,1.00e+00,False,False
IPS7100_MHC_001,pressure,day_to_day,2025-03-03,2025-03-04,288,288,288.0,288.0,984.9959,984.9959,0.0,0.0,0.0,984.9959,984.9959,984.9959,984.9959,0.0,1.0,1.00e+00,1.00e+00,False,False
IPS7100_MHC_001,pressure,day_to_day,2025-03-04,2025-03-05,288,288,288.0,288.0,984.9959,984.9959,0.0,0.0,0.0,984.9959,984.9959,984.9959,984.9959,0.0,1.0,1.00e+00,1.00e+00,False,False
IPS7100_MHC_001,pressure,day_to_day,2025-03-05,2025-03-06,288,288,288.0,288.0,984.9959,984.9959,0.0,0.0,0.0,984.9959,984.9959,984.9959,984.9959,0.0,1.0,1.00e+00,1.00e+00,False,False
IPS7100_MHC_001,pressure,day_to_day,2025-03-06,2025-03-07,288,288,288.0,288.0,984.9959,984.9959,0.0,0.0,0.0,984.9959,984.9959,984.9959,984.9959,0.0,1.0,1.00e+00,1.00e+00,False,False
IPS7100_MHC_001,pressure,day_to_day,2025-03-07,2025-03-08,288,288,288.0,288.0,984.9959,984.9959,0.0,0.0,0.0,984.9959,984.9959,984.9959,984.9959,0.0,1.0,1.00e+00,1.00e+00,False,False
IPS7100_MHC_001,pressure,day_to_day,2025-03-08,2025-03-09,288,288,288.0,288.0,984.9959,984.9959,0.0,0.0,0.0,984.9959,984.9959,984.9959,984.9959,0.0,1.0,1.00e+00,1.00e+00,False,False
IPS7100_MHC_001,pressure,day_to_day,2025-03-09,2025-03-10,288,288,288.0,288.0,984.9959,984.9959,0.0,0.0,0.0,984.9959,984.9959,984.9959,984.9959,0.0,1.0,1.00e+00,1.00e+00,False,False
IPS7100_MHC_001,pressure,day_to_day,2025-03-10,2025-03-11,288,288,288.0,288.0,984.9959,984.9959,0.0,0.0,0.0,984.9959,984.9959,984.9959,984.9959,0.0,1.0,1.00e+00,1.00e+00,False,False
IPS7100_MHC_001,pressure,day_to_day,2025-03-11,2025-03-12,288,288,288.0,288.0,984.9959,984.9959,0.0,0.0,0.0,984.9959,984.9959,984.9959,984.9959,0.0,1.0,1.00e+00,1.00e+00,False,False
IPS7100_MHC_001,pressure,day_to_day,2025-03-12,2025-03-13,288,288,288.0,288.0,984.9959,984.9959,0.0,0.0,0.0,984.9959,984.9959,984.9959,984.9959,0.0,1.0,1.00e+00,1.00e+00,False,False
IPS7100_MHC_001,pressure,day_to_day,2025-03-13,2025-03-14,288,288,288.0,288.0,984.9959,984.9959,0.0,0.0,0.0,984.9959,984.9959,984.9959,984.9959,0.0,1.0,1.00e+00,1.00e+00,False,False
IPS7100_MHC_001,pressure,day_to_day,2025-03-14,2025-03-15,288,288,288.0,288.0,984.9959,984.9959,0.0,0.0,0.0,984.9959,984.9959,984.9959,984.9959,0.0,1.0,1.00e+00,1.00e+00,False,False
IPS7100_MHC_001,pressure,day_to_day,2025-03-15,2025-03-16,288,288,288.0,288.0,984.9959,984.9959,0.0,0.0,0.0,984.9959,984.9959,984.9959,984.9959,0.0,1.0,1.00e+00,1.00e+00,False,False
IPS7100_MHC_001,pressure,day_to_day,2025-03-16,2025-03-17,288,288,288.0,288.0,984.9959,984.9959,0.0,0.0,0.0,984.9959,984.9959,984.9959,984.9959,0.0,1.0,1.00e+00,1.00e+00,False,False
IPS7100_MHC_001,pressure,day_to_day,2025-03-17,2025-03-18,288,288,288.0,288.0,984.9959,984.9959,0.0,0.0,0.0,984.9959,984.9959,984.9959,984.9959,0.0,1.0,1.00e+00,1.00e+00,False,False
IPS7100_MHC_001,pressure,day_to_day,2025-03-18,2025-03-19,288,288,288.0,288.0,984.9959,984.9959,0.0,0.0,0.0,984.9959,984.9959,984.9959,984.9959,0.0,1.0,1.00e+00,1.00e+00,False,False
IPS7100_MHC_001,pressure,day_to_day,2025-03-19,2025-03-20,288,288,288.0,288.0,984.9959,984.9959,0.0,0.0,0.0,984.9959,984.9959,984.9959,984.9959,0.0,1.0,1.00e+00,1.00e+00,False,False
IPS7100_MHC_001,pressure,day_to_day,2025-03-20,2025-03-21,288,288,288.0,288.0,984.9959,984.9959,0.0,0.0,0.0,984.9959,984.9959,984.9959,984.9959,0.0,1.0,1.00e+00,1.00e+00,False,False
IPS7100_MHC_001,pressure,day_to_day,2025-03-21,2025-03-22,288,287,288.0,287.0,984.9959,984.9959,0.0,0.0,0.0,984.9959,984.9959,984.9959,984.9959,0.0,1.0,1.00e+00,1.00e+00,False,False
IPS7100_MHC_001,pressure,day_to_day,2025-03-22,2025-03-23,287,288,287.0,288.0,984.9959,984.9959,0.0,0.0,0.0,984.9959,984.9959,984.9959,984.9959,0.0,1.0,1.00e+00,1.00e+00,False,False
IPS7100_MHC_001,pressure,day_to_day,2025-03-23,2025-03-24,288,288,288.0,288.0,984.9959,984.9959,0.0,0.0,0.0,984.9959,984.9959,984.9959,984.9959,0.0,1.0,1.00e+00,1.00e+00,False,False
IPS7100_MHC_001,pressure,day_to_day,2025-03-24,2025-03-25,288,288,288.0,288.0,984.9959,984.9959,0.0,0.0,0.0,984.9959,984.9959,984.9959,984.9959,0.0,1.0,1.00e+00,1.00e+00,False,False
IPS7100_MHC_001,pressure,day_to_day,2025-03-25,2025-03-26,288,288,288.0,288.0,984.9959,984.9959,0.0,0.0,0.0,984.9959,984.9959,984.9959,984.9959,0.0,1.0,1.00e+00,1.00e+00,False,False
IPS7100_MHC_001,pressure,day_to_day,2025-03-26,2025-03-27,288,288,288.0,288.0,984.9959,984.9959,0.0,0.0,0.0,984.9959,984.9959,984.9959,984.9959,0.0,1.0,1.00e+00,1.00e+00,False,False
IPS7100_MHC_001,pressure,day_to_day,2025-03-27,2025-03-28,288,288,288.0,288.0,984.9959,984.9959,0.0,0.0,0.0,984.9959,984.9959,984.9959,984.9959,0.0,1.0,1.00e+00,1.00e+00,False,False
IPS7100_MHC_001,pressure,day_to_day,2025-03-28,2025-03-29,288,288,288.0,288.0,984.9959,984.9959,0.0,0.0,0.0,984.9959,984.9959,984.9959,984.9959,0.0,1.0,1.00e+00,1.00e+00,False,False
IPS7100_MHC_001,pressure,day_to_day,2025-03-29,2025-03-30,288,288,288.0,288.0,984.9959,984.9959,0.0,0.0,0.0,984.9959,984.9959,984.9959,984.9959,0.0,1.0,1.00e+00,1.00e+00,False,False
IPS7100_MHC_001,pressure,day_to_day,2025-03-30,2025-03-31,288,288,288.0,288.0,984.9959,984.9959,0.0,0.0,0.0,984.9959,984.9959,984.9959,984.9959,0.0,1.0,1.00e+00,1.00e+00,False,False
IPS7100_MHC_001,pressure,day_to_day,2025-03-31,2025-04-01,288,288,288.0,288.0,984.9959,984.9959,0.0,0.0,0.0,984.9959,984.9959,984.9959,984.9959,0.0,1.0,1.00e+00,1.00e+00,False,False
IPS7100_MHC_001,pressure,day_to_day,2025-04-01,2025-04-02,288,288,288.0,288.0,984.9959,984.9959,0.0,0.0,0.0,984.9959,984.9959,984.9959,984.9959,0.0,1.0,1.00e+00,1.00e+00,False,False
IPS7100_MHC_001,pressure,day_to_day,2025-04-02,2025-04-03,288,288,288.0,288.0,984.9959,984.9959,0.0,0.0,0.0,984.9959,984.9959,984.9959,984.9959,0.0,1.0,1.00e+00,1.00e+00,False,False
IPS7100_MHC_001,pressure,day_to_day,2025-04-03,2025-04-04,288,288,288.0,2.9,984.9959,986.6634,1.6676,0.0,2.308,984.9959,984.9959,984.9959,991.1122,1.02,inf,1.00e+00,1.00e+00,False,False
IPS7100_MHC_001,pressure,day_to_day,2025-04-04,2025-04-05,288,62,2.9,0.6,986.6634,991.1218,4.4584,2.308,0.91,984.9959,991.1122,989.6417,992.5356,2.0887,0.3943,1.00e+00,1.00e+00,False,False
IPS7100_MHC_001,pressure,day_to_day,2025-04-05,2025-04-06,62,179,0.6,1.8,991.1218,997.9538,6.832,0.91,0.6874,989.6417,992.5356,996.2946,999.2746,9.0597,0.7554,1.00e+00,1.00e+00,False,False
IPS7100_MHC_001,pressure,day_to_day,2025-04-06,2025-04-07,179,288,1.8,2.9,997.9538,997.3719,-0.5819,0.6874,0.9517,996.2946,999.2746,995.514,998.874,-0.6751,1.3846,1.00e+00,1.00e+00,False,False
IPS7100_MHC_001,pressure,day_to_day,2025-04-07,2025-04-08,288,288,2.9,2.9,997.3719,997.293,-0.079,0.9517,1.2235,995.514,998.874,995.0701,999.5575,-0.0719,1.2855,1.00e+00,1.00e+00,False,False
IPS7100_MHC_001,pressure,day_to_day,2025-04-08,2025-04-09,288,288,2.9,2.9,997.293,994.6326,-2.6603,1.2235,1.3952,995.0701,999.5575,991.3319,996.254,-2.0239,1.1404,1.00e+00,1.00e+00,False,False
IPS7100_MHC_001,pressure,day_to_day,2025-04-09,2025-04-10,288,288,2.9,2.9,994.6326,996.0879,1.4552,1.3952,2.0531,991.3319,996.254,991.9414,998.641,0.8276,1.4715,1.00e+00,1.00e+00,False,False
IPS7100_MHC_001,pressure,day_to_day,2025-04-10,2025-04-11,288,288,2.9,2.9,996.0879,1000.5193,4.4315,2.0531,1.5523,991.9414,998.641,997.7317,1003.1866,2.4307,0.7561,1.00e+00,1.00e+00,False,False
IPS7100_MHC_001,pressure,day_to_day,2025-04-11,2025-04-12,288,288,2.9,2.9,1000.5193,997.1669,-3.3524,1.5523,2.0958,997.7317,1003.1866,991.7577,999.0189,-1.8147,1.3501,1.00e+00,1.00e+00,False,False
IPS7100_MHC_001,pressure,day_to_day,2025-04-12,2025-04-13,288,288,2.9,2.9,997.1669,990.0258,-7.1411,2.0958,1.3038,991.7577,999.0189,987.0969,991.7183,-4.0845,0.6221,1.00e+00,1.00e+00,False,False
IPS7100_MHC_001,pressure,day_to_day,2025-04-13,2025-04-14,288,288,2.9,2.9,990.0258,990.7401,0.7142,1.3038,1.8962,987.0969,991.7183,987.0935,993.919,0.4382,1.4543,1.00e+00,1.00e+00,False,False
IPS7100_MHC_001,pressure,day_to_day,2025-04-14,2025-04-15,288,288,2.9,2.9,990.7401,1000.4325,9.6924,1.8962,3.2555,987.0935,993.919,993.1871,1004.9202,3.632,1.7169,1.00e+00,1.00e+00,False,False
IPS7100_MHC_001,pressure,day_to_day,2025-04-15,2025-04-16,288,288,2.9,2.9,1000.4325,996.2858,-4.1467,3.2555,2.8503,993.1871,1004.9202,990.0065,999.3569,-1.353,0.8755,1.00e+00,1.00e+00,False,False
IPS7100_MHC_001,pressure,day_to_day,2025-04-16,2025-04-17,288,288,2.9,2.9,996.2858,989.2513,-7.0344,2.8503,1.4396,990.0065,999.3569,986.0091,990.6111,-3.11,0.5051,1.00e+00,1.00e+00,False,False
IPS7100_MHC_001,pressure,day_to_day,2025-04-17,2025-04-18,288,288,2.9,2.9,989.2513,987.9173,-1.334,1.4396,1.1262,986.0091,990.6111,986.0918,990.3232,-1.0304,0.7823,1.00e+00,1.00e+00,False,False
IPS7100_MHC_001,pressure,day_to_day,2025-04-18,2025-04-19,288,288,2.9,2.9,987.9173,992.3157,4.3983,1.1262,2.7396,986.0918,990.3232,987.6765,996.7704,2.0963,2.4325,1.00e+00,1.00e+00,False,False
IPS7100_MHC_001,pressure,day_to_day,2025-04-19,2025-04-20,288,288,2.9,2.9,992.3157,991.8367,-0.4789,2.7396,0.7238,987.6765,996.7704,990.1766,993.5345,-0.2386,0.2642,1.00e+00,1.00e+00,False,False
IPS7100_MHC_001,pressure,day_to_day,2025-04-20,2025-04-21,288,288,2.9,2.9,991.8367,995.3073,3.4706,0.7238,1.3704,990.1766,993.5345,991.9935,997.4608,3.1613,1.8933,1.00e+00,1.00e+00,False,False
IPS7100_MHC_001,pressure,day_to_day,2025-04-21,2025-04-22,288,153,2.9,1.5,995.3073,992.8575,-2.4498,1.3704,1.8025,991.9935,997.4608,989.5087,994.7218,-1.5932,1.3153,1.00e+00,1.00e+00,False,False
IPS7100_MHC_001,pressure,day_to_day,2025-04-22,2025-04-23,153,288,1.5,2.9,992.8575,992.8214,-0.0361,1.8025,1.9526,989.5087,994.7218,989.5289,997.5794,-0.0189,1.0833,1.00e+00,1.00e+00,False,False
IPS7100_MHC_001,pressure,day_to_day,2025-04-23,2025-04-24,288,288,2.9,2.9,992.8214,994.4123,1.5909,1.9526,1.5042,989.5289,997.5794,991.0324,997.7633,0.9112,0.7704,1.00e+00,1.00e+00,False,False
IPS7100_MHC_001,pressure,day_to_day,2025-04-24,2025-04-25,288,288,2.9,2.9,994.4123,995.3095,0.8973,1.5042,1.5489,991.0324,997.7633,990.672,998.0751,0.5867,1.0297,1.00e+00,1.00e+00,False,False
IPS7100_MHC_001,pressure,day_to_day,2025-04-25,2025-04-26,288,288,2.9,2.9,995.3095,995.8036,0.4941,1.5489,1.1295,990.672,998.0751,993.4711,997.3556,0.3638,0.7293,1.00e+00,1.00e+00,False,False
IPS7100_MHC_001,pressure,day_to_day,2025-04-26,2025-04-27,288,288,2.9,2.9,995.8036,994.5358,-1.2678,1.1295,1.3754,993.4711,997.3556,992.2274,997.1515,-1.0056,1.2177,1.00e+00,1.00e+00,False,False
IPS7100_MHC_001,pressure,day_to_day,2025-04-27,2025-04-28,288,288,2.9,2.9,994.5358,993.0997,-1.4361,1.3754,0.712,992.2274,997.1515,990.8464,994.1865,-1.309,0.5177,1.00e+00,1.00e+00,False,False
IPS7100_MHC_001,pressure,day_to_day,2025-04-28,2025-04-29,288,288,2.9,2.9,993.0997,993.9758,0.8761,0.712,1.2936,990.8464,994.1865,991.4672,996.6909,0.8376,1.8168,1.00e+00,1.00e+00,False,False
IPS7100_MHC_001,pressure,day_to_day,2025-04-29,2025-04-30,288,288,2.9,2.9,993.9758,991.6619,-2.3139,1.2936,1.7428,991.4672,996.6909,987.956,994.9831,-1.5051,1.3472,1.00e+00,1.00e+00,False,False
IPS7100_MHC_001,pressure,day_to_day,2025-04-30,2025-05-01,288,288,2.9,2.9,991.6619,991.8282,0.1663,1.7428,1.5453,987.956,994.9831,989.0041,994.537,0.1008,0.8867,1.00e+00,1.00e+00,False,False
IPS7100_MHC_001,pressure,day_to_day,2025-05-01,2025-05-02,288,288,2.9,2.9,991.8282,991.9459,0.1177,1.5453,2.1842,989.0041,994.537,987.7319,997.3759,0.0621,1.4134,1.00e+00,1.00e+00,False,False
IPS7100_MHC_001,pressure,day_to_day,2025-05-02,2025-05-03,288,288,2.9,2.9,991.9459,994.8408,2.8949,2.1842,1.1786,987.7319,997.3759,991.5397,996.5615,1.6467,0.5396,1.00e+00,1.00e+00,False,False
IPS7100_MHC_001,pressure,day_to_day,2025-05-03,2025-05-04,288,288,2.9,2.9,994.8408,993.5925,-1.2484,1.1786,1.3443,991.5397,996.5615,989.7809,995.0184,-0.9858,1.1407,1.00e+00,1.00e+00,False,False
IPS7100_MHC_001,pressure,day_to_day,2025-05-04,2025-05-05,288,288,2.9,2.9,993.5925,991.7279,-1.8646,1.3443,1.0474,989.7809,995.0184,989.7271,994.6397,-1.5446,0.7791,1.00e+00,1.00e+00,False,False
IPS7100_MHC_001,pressure,day_to_day,2025-05-05,2025-05-06,288,288,2.9,2.9,991.7279,989.7834,-1.9445,1.0474,1.5222,989.7271,994.6397,986.7376,992.8088,-1.4857,1.4533,1.00e+00,1.00e+00,False,False
IPS7100_MHC_001,pressure,day_to_day,2025-05-06,2025-05-07,288,288,2.9,2.9,989.7834,992.1101,2.3267,1.5222,1.3522,986.7376,992.8088,988.5345,993.9568,1.6133,0.8884,1.00e+00,1.00e+00,False,False
IPS7100_MHC_001,pressure,day_to_day,2025-05-07,2025-05-08,288,288,2.9,2.9,992.1101,994.8318,2.7217,1.3522,1.2326,988.5345,993.9568,992.156,997.2485,2.1,0.9116,1.00e+00,1.00e+00,False,False
IPS7100_MHC_001,pressure,day_to_day,2025-05-08,2025-05-09,288,288,2.9,2.9,994.8318,995.8021,0.9703,1.2326,0.7287,992.156,997.2485,994.3494,996.894,0.9566,0.5912,1.00e+00,1.00e+00,False,False
IPS7100_MHC_001,pressure,day_to_day,2025-05-09,2025-05-10,288,288,2.9,2.9,995.8021,996.4148,0.6127,0.7287,0.735,994.3494,996.894,994.7935,997.4904,0.8358,1.0087,1.00e+00,1.00e+00,False,False
IPS7100_MHC_001,pressure,day_to_day,2025-05-10,2025-05-11,288,288,2.9,2.9,996.4148,995.2351,-1.1797,0.735,1.5311,994.7935,997.4904,991.8253,997.5916,-0.9806,2.083,1.00e+00,1.00e+00,False,False
IPS7100_MHC_001,pressure,day_to_day,2025-05-11,2025-05-12,288,288,2.9,2.9,995.2351,991.7671,-3.4681,1.5311,2.1522,991.8253,997.5916,985.9099,993.9133,-1.8537,1.4056,1.00e+00,1.00e+00,False,False
IPS7100_MHC_001,pressure,day_to_day,2025-05-12,2025-05-13,288,288,2.9,2.9,991.7671,984.6024,-7.1647,2.1522,2.6792,985.9099,993.9133,978.6466,987.3839,-2.9433,1.2449,1.00e+00,1.00e+00,False,False
IPS7100_MHC_001,pressure,day_to_day,2025-05-13,2025-05-14,288,288,2.9,2.9,984.6024,980.2214,-4.381,2.6792,0.7366,978.6466,987.3839,978.622,981.3783,-2.2259,0.2749,1.00e+00,1.00e+00,False,False
IPS7100_MHC_001,pressure,day_to_day,2025-05-14,2025-05-15,288,288,2.9,2.9,980.2214,983.3249,3.1035,0.7366,1.8304,978.622,981.3783,979.9465,986.543,2.2207,2.4849,1.00e+00,1.00e+00,False,False
IPS7100_MHC_001,pressure,day_to_day,2025-05-15,2025-05-16,288,288,2.9,2.9,983.3249,986.5278,3.2029,1.8304,0.8329,979.9465,986.543,984.349,987.9752,2.2485,0.4551,1.00e+00,1.00e+00,False,False
IPS7100_MHC_001,pressure,day_to_day,2025-05-16,2025-05-17,288,288,2.9,2.9,986.5278,989.4793,2.9515,0.8329,1.5165,984.349,987.9752,985.9694,991.1942,2.4084,1.8207,1.00e+00,1.00e+00,False,False
IPS7100_MHC_001,pressure,day_to_day,2025-05-17,2025-05-18,288,288,2.9,2.9,989.4793,987.9411,-1.5383,1.5165,1.128,985.9694,991.1942,985.0485,989.766,-1.149,0.7438,1.00e+00,1.00e+00,False,False
IPS7100_MHC_001,pressure,day_to_day,2025-05-18,2025-05-19,288,288,2.9,2.9,987.9411,985.0212,-2.9199,1.128,2.102,985.0485,989.766,980.0516,989.1109,-1.728,1.8635,1.00e+00,1.00e+00,False,False
IPS7100_MHC_001,pressure,day_to_day,2025-05-19,2025-05-20,288,288,2.9,2.9,985.0212,985.8213,0.8002,2.102,2.9564,980.0516,989.1109,979.5868,989.3492,0.3114,1.4064,1.00e+00,1.00e+00,False,False
IPS7100_MHC_001,pressure,day_to_day,2025-05-20,2025-05-21,288,288,2.9,2.9,985.8213,992.0997,6.2784,2.9564,1.4854,979.5868,989.3492,988.8765,994.8059,2.6789,0.5024,1.00e+00,1.00e+00,False,False
IPS7100_MHC_001,pressure,day_to_day,2025-05-21,2025-05-22,288,288,2.9,2.9,992.0997,992.8081,0.7084,1.4854,1.4151,988.8765,994.8059,990.412,995.5491,0.4874,0.9527,1.00e+00,1.00e+00,False,False
IPS7100_MHC_001,pressure,day_to_day,2025-05-22,2025-05-23,288,288,2.9,2.9,992.8081,992.2418,-0.5662,1.4151,1.4188,990.412,995.5491,988.5511,994.6107,-0.3989,1.0026,1.00e+00,1.00e+00,False,False
IPS7100_MHC_001,pressure,day_to_day,2025-05-23,2025-05-24,288,288,2.9,2.9,992.2418,990.7773,-1.4645,1.4188,1.3745,988.5511,994.6107,988.1559,992.8714,-1.0467,0.9688,1.00e+00,1.00e+00,False,False
IPS7100_MHC_001,pressure,day_to_day,2025-05-24,2025-05-25,288,288,2.9,2.9,990.7773,991.1718,0.3945,1.3745,1.7575,988.1559,992.8714,987.7426,993.7092,0.2496,1.2787,1.00e+00,1.00e+00,False,False
IPS7100_MHC_001,pressure,day_to_day,2025-05-25,2025-05-26,288,288,2.9,2.9,991.1718,992.4228,1.251,1.7575,1.9608,987.7426,993.7092,987.7322,994.3486,0.6707,1.1157,1.00e+00,1.00e+00,False,False
IPS7100_MHC_001,pressure,day_to_day,2025-05-26,2025-05-27,288,288,2.9,2.9,992.4228,994.329,1.9062,1.9608,0.747,987.7322,994.3486,993.2905,995.9337,1.2825,0.381,1.00e+00,1.00e+00,False,False
IPS7100_MHC_001,pressure,day_to_day,2025-05-27,2025-05-28,288,288,2.9,2.9,994.329,996.5533,2.2243,0.747,1.2971,993.2905,995.9337,993.4234,998.2927,2.0979,1.7365,1.00e+00,1.00e+00,False,False
IPS7100_MHC_001,pressure,day_to_day,2025-05-28,2025-05-29,288,288,2.9,2.9,996.5533,995.4855,-1.0679,1.2971,1.6541,993.4234,998.2927,992.5846,998.4116,-0.7172,1.2752,1.00e+00,1.00e+00,False,False
IPS7100_MHC_001,pressure,day_to_day,2025-05-29,2025-05-30,288,288,2.9,2.9,995.4855,996.2329,0.7474,1.6541,1.4771,992.5846,998.4116,992.9592,998.2229,0.4758,0.893,1.00e+00,1.00e+00,False,False
IPS7100_MHC_001,pressure,day_to_day,2025-05-30,2025-05-31,288,288,2.9,2.9,996.2329,994.135,-2.098,1.4771,1.7571,992.9592,998.2229,989.6887,995.8394,-1.2903,1.1895,1.00e+00,1.00e+00,False,False
IPS7100_MHC_001,pressure,day_to_day,2025-05-31,2025-06-01,288,288,2.9,2.9,994.135,990.1649,-3.9701,1.7571,1.3259,989.6887,995.8394,987.197,993.3203,-2.5463,0.7546,1.00e+00,1.00e+00,False,False
IPS7100_MHC_001,pressure,day_to_day,2025-06-01,2025-06-02,288,288,2.9,2.9,990.1649,990.7199,0.555,1.3259,1.4037,987.197,993.3203,987.1843,992.6611,0.4058,1.0587,1.00e+00,1.00e+00,False,False
IPS7100_MHC_001,pressure,day_to_day,2025-06-02,2025-06-03,288,288,2.9,2.9,990.7199,989.3914,-1.3285,1.4037,1.8268,987.1843,992.6611,985.3207,992.0588,-0.8141,1.3015,1.00e+00,1.00e+00,False,False
IPS7100_MHC_001,pressure,day_to_day,2025-06-03,2025-06-04,288,286,2.9,2.9,989.3914,991.6127,2.2213,1.8268,2.4375,985.3207,992.0588,985.7115,994.5514,1.03,1.3343,1.00e+00,1.00e+00,False,False
IPS7100_MHC_001,pressure,day_to_day,2025-06-04,2025-06-05,286,286,2.9,2.9,991.6127,993.9992,2.3865,2.4375,1.8256,985.7115,994.5514,990.123,997.7017,1.1063,0.749,1.00e+00,1.00e+00,False,False
IPS7100_MHC_001,pressure,day_to_day,2025-06-05,2025-06-06,286,288,2.9,2.9,993.9992,992.2309,-1.7683,1.8256,1.2382,990.123,997.7017,988.8354,993.953,-1.1324,0.6782,1.00e+00,1.00e+00,False,False
IPS7100_MHC_001,pressure,day_to_day,2025-06-06,2025-06-07,288,288,2.9,2.9,992.2309,990.5734,-1.6576,1.2382,1.4901,988.8354,993.953,987.653,992.9276,-1.2078,1.2035,1.00e+00,1.00e+00,False,False
IPS7100_MHC_001,pressure,day_to_day,2025-06-07,2025-06-08,288,288,2.9,2.9,990.5734,989.0366,-1.5368,1.4901,1.6364,987.653,992.9276,984.6534,991.6645,-0.9803,1.0982,1.00e+00,1.00e+00,False,False
IPS7100_MHC_001,pressure,day_to_day,2025-06-08,2025-06-09,288,288,2.9,2.9,989.0366,990.0404,1.0039,1.6364,2.4282,984.6534,991.6645,984.5283,996.4168,0.484,1.4838,1.00e+00,1.00e+00,False,False
IPS7100_MHC_001,pressure,day_to_day,2025-06-09,2025-06-10,288,288,2.9,2.9,990.0404,992.714,2.6735,2.4282,1.6846,984.5283,996.4168,988.845,995.9894,1.2771,0.6937,1.00e+00,1.00e+00,False,False
IPS7100_MHC_001,pressure,day_to_day,2025-06-10,2025-06-11,288,288,2.9,2.9,992.714,994.9008,2.1869,1.6846,0.8868,988.845,995.9894,992.1019,996.1729,1.6217,0.5264,1.00e+00,1.00e+00,False,False
IPS7100_MHC_001,pressure,day_to_day,2025-06-11,2025-06-12,288,288,2.9,5.9,994.9008,994.7392,-0.1617,0.8868,0.0291,992.1019,996.1729,994.7348,994.9561,-0.2572,0.0328,1.00e+00,1.00e+00,False,False
IPS7100_MHC_001,pressure,day_to_day,2025-06-12,2025-06-13,288,288,5.9,288.0,994.7392,994.7348,-0.0044,0.0291,0.0,994.7348,994.9561,994.7348,994.7348,-0.2117,0.0,7.30e-01,5.13e-13,False,True
IPS7100_MHC_001,pressure,day_to_day,2025-06-13,2025-06-14,288,288,288.0,288.0,994.7348,994.7348,0.0,0.0,0.0,994.7348,994.7348,994.7348,994.7348,0.0,1.0,1.00e+00,1.00e+00,False,False
IPS7100_MHC_001,pressure,day_to_day,2025-06-14,2025-06-15,288,288,288.0,2.9,994.7348,994.4902,-0.2446,0.0,1.9825,994.7348,994.7348,989.2292,998.3693,-0.1742,inf,1.00e+00,1.00e+00,False,False
IPS7100_MHC_001,pressure,day_to_day,2025-06-15,2025-06-16,288,288,2.9,2.9,994.4902,992.6311,-1.8591,1.9825,1.7432,989.2292,998.3693,988.3041,994.7945,-0.9942,0.8793,1.00e+00,1.00e+00,False,False
IPS7100_MHC_001,pressure,day_to_day,2025-06-16,2025-06-17,288,288,2.9,2.9,992.6311,989.0843,-3.5468,1.7432,1.2252,988.3041,994.7945,985.8584,990.7999,-2.35,0.7028,1.00e+00,1.00e+00,False,False
IPS7100_MHC_001,pressure,day_to_day,2025-06-17,2025-06-18,288,288,2.9,2.9,989.0843,988.1457,-0.9386,1.2252,1.0318,985.8584,990.7999,985.5227,988.9927,-0.8272,0.8421,1.00e+00,1.00e+00,False,False
IPS7100_MHC_001,pressure,day_to_day,2025-06-18,2025-06-19,288,288,2.9,288.0,988.1457,988.6915,0.5459,1.0318,0.0,985.5227,988.9927,988.6915,988.6915,0.7469,0.0,1.00e+00,1.00e+00,False,False
IPS7100_MHC_001,pressure,day_to_day,2025-06-19,2025-06-20,288,288,288.0,288.0,988.6915,988.6915,0.0,0.0,0.0,988.6915,988.6915,988.6915,988.6915,0.0,1.0,1.00e+00,1.00e+00,False,False
IPS7100_MHC_001,pressure,day_to_day,2025-06-20,2025-06-21,288,288,288.0,288.0,988.6915,988.6915,0.0,0.0,0.0,988.6915,988.6915,988.6915,988.6915,0.0,1.0,1.00e+00,1.00e+00,False,False
IPS7100_MHC_001,pressure,day_to_day,2025-06-21,2025-06-22,288,288,288.0,288.0,988.6915,988.6915,0.0,0.0,0.0,988.6915,988.6915,988.6915,988.6915,0.0,1.0,1.00e+00,1.00e+00,False,False
IPS7100_MHC_001,pressure,day_to_day,2025-06-22,2025-06-23,288,288,288.0,288.0,988.6915,988.6915,0.0,0.0,0.0,988.6915,988.6915,988.6915,988.6915,0.0,1.0,1.00e+00,1.00e+00,False,False
IPS7100_MHC_001,pressure,day_to_day,2025-06-23,2025-06-24,288,288,288.0,288.0,988.6915,988.6915,0.0,0.0,0.0,988.6915,988.6915,988.6915,988.6915,0.0,1.0,1.00e+00,1.00e+00,False,False
IPS7100_MHC_001,pressure,day_to_day,2025-06-24,2025-06-25,288,288,288.0,288.0,988.6915,988.6915,0.0,0.0,0.0,988.6915,988.6915,988.6915,988.6915,0.0,1.0,1.00e+00,1.00e+00,False,False
IPS7100_MHC_001,pressure,day_to_day,2025-06-25,2025-06-26,288,288,288.0,288.0,988.6915,988.6915,0.0,0.0,0.0,988.6915,988.6915,988.6915,988.6915,0.0,1.0,1.00e+00,1.00e+00,False,False
IPS7100_MHC_001,pressure,day_to_day,2025-06-26,2025-06-27,288,288,288.0,288.0,988.6915,988.6915,0.0,0.0,0.0,988.6915,988.6915,988.6915,988.6915,0.0,1.0,1.00e+00,1.00e+00,False,False
IPS7100_MHC_001,pressure,day_to_day,2025-06-27,2025-06-28,288,288,288.0,288.0,988.6915,988.6915,0.0,0.0,0.0,988.6915,988.6915,988.6915,988.6915,0.0,1.0,1.00e+00,1.00e+00,False,False
IPS7100_MHC_001,pressure,day_to_day,2025-06-28,2025-06-29,288,288,288.0,288.0,988.6915,988.6915,0.0,0.0,0.0,988.6915,988.6915,988.6915,988.6915,0.0,1.0,1.00e+00,1.00e+00,False,False
IPS7100_MHC_001,pressure,day_to_day,2025-06-29,2025-06-30,288,288,288.0,288.0,988.6915,988.6915,0.0,0.0,0.0,988.6915,988.6915,988.6915,988.6915,0.0,1.0,1.00e+00,1.00e+00,False,False
IPS7100_MHC_001,pressure,day_to_day,2025-06-30,2025-07-01,288,288,288.0,288.0,988.6915,988.6915,0.0,0.0,0.0,988.6915,988.6915,988.6915,988.6915,0.0,1.0,1.00e+00,1.00e+00,False,False
IPS7100_MHC_001,pressure,day_to_day,2025-07-01,2025-07-02,288,288,288.0,288.0,988.6915,988.6915,0.0,0.0,0.0,988.6915,988.6915,988.6915,988.6915,0.0,1.0,1.00e+00,1.00e+00,False,False
IPS7100_MHC_001,pressure,day_to_day,2025-07-02,2025-07-03,288,288,288.0,288.0,988.6915,988.6915,0.0,0.0,0.0,988.6915,988.6915,988.6915,988.6915,0.0,1.0,1.00e+00,1.00e+00,False,False
IPS7100_MHC_001,pressure,day_to_day,2025-07-03,2025-07-04,288,288,288.0,288.0,988.6915,988.6915,0.0,0.0,0.0,988.6915,988.6915,988.6915,988.6915,0.0,1.0,1.00e+00,1.00e+00,False,False
IPS7100_MHC_001,pressure,day_to_day,2025-07-04,2025-07-05,288,288,288.0,288.0,988.6915,988.6915,0.0,0.0,0.0,988.6915,988.6915,988.6915,988.6915,0.0,1.0,1.00e+00,1.00e+00,False,False
IPS7100_MHC_001,pressure,day_to_day,2025-07-05,2025-07-06,288,288,288.0,288.0,988.6915,988.6915,0.0,0.0,0.0,988.6915,988.6915,988.6915,988.6915,0.0,1.0,1.00e+00,1.00e+00,False,False
IPS7100_MHC_001,pressure,day_to_day,2025-07-06,2025-07-07,288,288,288.0,288.0,988.6915,988.6915,0.0,0.0,0.0,988.6915,988.6915,988.6915,988.6915,0.0,1.0,1.00e+00,1.00e+00,False,False
IPS7100_MHC_001,pressure,day_to_day,2025-07-07,2025-07-08,288,287,288.0,287.0,988.6915,988.6915,0.0,0.0,0.0,988.6915,988.6915,988.6915,988.6915,0.0,1.0,1.00e+00,1.00e+00,False,False
IPS7100_MHC_001,pressure,day_to_day,2025-07-08,2025-07-09,287,288,287.0,288.0,988.6915,988.6915,-0.0,0.0,0.0,988.6915,988.6915,988.6915,988.6915,0.0,1.0,1.00e+00,1.00e+00,False,False
IPS7100_MHC_001,pressure,day_to_day,2025-07-09,2025-07-10,288,288,288.0,288.0,988.6915,988.6915,0.0,0.0,0.0,988.6915,988.6915,988.6915,988.6915,0.0,1.0,1.00e+00,1.00e+00,False,False
IPS7100_MHC_001,pressure,day_to_day,2025-07-10,2025-07-11,288,288,288.0,288.0,988.6915,988.6915,0.0,0.0,0.0,988.6915,988.6915,988.6915,988.6915,0.0,1.0,1.00e+00,1.00e+00,False,False
IPS7100_MHC_001,pressure,day_to_day,2025-07-11,2025-07-12,288,288,288.0,288.0,988.6915,988.6915,0.0,0.0,0.0,988.6915,988.6915,988.6915,988.6915,0.0,1.0,1.00e+00,1.00e+00,False,False
IPS7100_MHC_001,pressure,day_to_day,2025-07-12,2025-07-13,288,288,288.0,288.0,988.6915,988.6915,0.0,0.0,0.0,988.6915,988.6915,988.6915,988.6915,0.0,1.0,1.00e+00,1.00e+00,False,False
IPS7100_MHC_001,pressure,day_to_day,2025-07-13,2025-07-14,288,288,288.0,288.0,988.6915,988.6915,0.0,0.0,0.0,988.6915,988.6915,988.6915,988.6915,0.0,1.0,1.00e+00,1.00e+00,False,False
IPS7100_MHC_001,pressure,day_to_day,2025-07-14,2025-07-15,288,288,288.0,288.0,988.6915,988.6915,0.0,0.0,0.0,988.6915,988.6915,988.6915,988.6915,0.0,1.0,1.00e+00,1.00e+00,False,False
IPS7100_MHC_001,pressure,day_to_day,2025-07-15,2025-07-16,288,288,288.0,288.0,988.6915,988.6915,0.0,0.0,0.0,988.6915,988.6915,988.6915,988.6915,0.0,1.0,1.00e+00,1.00e+00,False,False
IPS7100_MHC_001,pressure,day_to_day,2025-07-16,2025-07-17,288,288,288.0,288.0,988.6915,988.6915,0.0,0.0,0.0,988.6915,988.6915,988.6915,988.6915,0.0,1.0,1.00e+00,1.00e+00,False,False
IPS7100_MHC_001,pressure,day_to_day,2025-07-17,2025-07-18,288,288,288.0,288.0,988.6915,988.6915,0.0,0.0,0.0,988.6915,988.6915,988.6915,988.6915,0.0,1.0,1.00e+00,1.00e+00,False,False
IPS7100_MHC_001,pressure,day_to_day,2025-07-18,2025-07-19,288,288,288.0,288.0,988.6915,988.6915,0.0,0.0,0.0,988.6915,988.6915,988.6915,988.6915,0.0,1.0,1.00e+00,1.00e+00,False,False
IPS7100_MHC_001,pressure,day_to_day,2025-07-19,2025-07-20,288,288,288.0,288.0,988.6915,988.6915,0.0,0.0,0.0,988.6915,988.6915,988.6915,988.6915,0.0,1.0,1.00e+00,1.00e+00,False,False
IPS7100_MHC_001,pressure,day_to_day,2025-07-20,2025-07-21,288,288,288.0,288.0,988.6915,988.6915,0.0,0.0,0.0,988.6915,988.6915,988.6915,988.6915,0.0,1.0,1.00e+00,1.00e+00,False,False
IPS7100_MHC_001,pressure,day_to_day,2025-07-21,2025-07-22,288,288,288.0,288.0,988.6915,988.6915,0.0,0.0,0.0,988.6915,988.6915,988.6915,988.6915,0.0,1.0,1.00e+00,1.00e+00,False,False
IPS7100_MHC_001,pressure,day_to_day,2025-07-22,2025-07-23,288,288,288.0,288.0,988.6915,988.6915,0.0,0.0,0.0,988.6915,988.6915,988.6915,988.6915,0.0,1.0,1.00e+00,1.00e+00,False,False
IPS7100_MHC_001,pressure,day_to_day,2025-07-23,2025-07-24,288,288,288.0,288.0,988.6915,988.6915,0.0,0.0,0.0,988.6915,988.6915,988.6915,988.6915,0.0,1.0,1.00e+00,1.00e+00,False,False
IPS7100_MHC_001,pressure,day_to_day,2025-07-24,2025-07-25,288,288,288.0,288.0,988.6915,988.6915,0.0,0.0,0.0,988.6915,988.6915,988.6915,988.6915,0.0,1.0,1.00e+00,1.00e+00,False,False
IPS7100_MHC_001,pressure,day_to_day,2025-07-25,2025-07-26,288,288,288.0,288.0,988.6915,988.6915,0.0,0.0,0.0,988.6915,988.6915,988.6915,988.6915,0.0,1.0,1.00e+00,1.00e+00,False,False
IPS7100_MHC_001,pressure,day_to_day,2025-07-26,2025-07-27,288,288,288.0,288.0,988.6915,988.6915,0.0,0.0,0.0,988.6915,988.6915,988.6915,988.6915,0.0,1.0,1.00e+00,1.00e+00,False,False
IPS7100_MHC_001,pressure,day_to_day,2025-07-27,2025-07-28,288,288,288.0,288.0,988.6915,988.6915,0.0,0.0,0.0,988.6915,988.6915,988.6915,988.6915,0.0,1.0,1.00e+00,1.00e+00,False,False
IPS7100_MHC_001,pressure,day_to_day,2025-07-28,2025-07-29,288,288,288.0,288.0,988.6915,988.6915,0.0,0.0,0.0,988.6915,988.6915,988.6915,988.6915,0.0,1.0,1.00e+00,1.00e+00,False,False
IPS7100_MHC_001,pressure,day_to_day,2025-07-29,2025-07-30,288,288,288.0,288.0,988.6915,988.6915,0.0,0.0,0.0,988.6915,988.6915,988.6915,988.6915,0.0,1.0,1.00e+00,1.00e+00,False,False
IPS7100_MHC_001,pressure,day_to_day,2025-07-30,2025-07-31,288,288,288.0,288.0,988.6915,988.6915,0.0,0.0,0.0,988.6915,988.6915,988.6915,988.6915,0.0,1.0,1.00e+00,1.00e+00,False,False
IPS7100_MHC_001,pressure,day_to_day,2025-07-31,2025-08-01,288,288,288.0,288.0,988.6915,988.6915,0.0,0.0,0.0,988.6915,988.6915,988.6915,988.6915,0.0,1.0,1.00e+00,1.00e+00,False,False
IPS7100_MHC_001,pressure,day_to_day,2025-08-01,2025-08-02,288,288,288.0,288.0,988.6915,988.6915,0.0,0.0,0.0,988.6915,988.6915,988.6915,988.6915,0.0,1.0,1.00e+00,1.00e+00,False,False
IPS7100_MHC_001,pressure,day_to_day,2025-08-02,2025-08-03,288,288,288.0,288.0,988.6915,988.6915,0.0,0.0,0.0,988.6915,988.6915,988.6915,988.6915,0.0,1.0,1.00e+00,1.00e+00,False,False
IPS7100_MHC_001,pressure,day_to_day,2025-08-03,2025-08-04,288,288,288.0,288.0,988.6915,988.6915,0.0,0.0,0.0,988.6915,988.6915,988.6915,988.6915,0.0,1.0,1.00e+00,1.00e+00,False,False
IPS7100_MHC_001,pressure,day_to_day,2025-08-04,2025-08-05,288,288,288.0,288.0,988.6915,988.6915,0.0,0.0,0.0,988.6915,988.6915,988.6915,988.6915,0.0,1.0,1.00e+00,1.00e+00,False,False
IPS7100_MHC_001,pressure,day_to_day,2025-08-05,2025-08-06,288,288,288.0,288.0,988.6915,988.6915,0.0,0.0,0.0,988.6915,988.6915,988.6915,988.6915,0.0,1.0,1.00e+00,1.00e+00,False,False
IPS7100_MHC_001,pressure,day_to_day,2025-08-06,2025-08-07,288,288,288.0,288.0,988.6915,988.6915,0.0,0.0,0.0,988.6915,988.6915,988.6915,988.6915,0.0,1.0,1.00e+00,1.00e+00,False,False
IPS7100_MHC_001,pressure,day_to_day,2025-08-07,2025-08-08,288,288,288.0,288.0,988.6915,988.6915,0.0,0.0,0.0,988.6915,988.6915,988.6915,988.6915,0.0,1.0,1.00e+00,1.00e+00,False,False
IPS7100_MHC_001,pressure,day_to_day,2025-08-08,2025-08-09,288,288,288.0,288.0,988.6915,988.6915,0.0,0.0,0.0,988.6915,988.6915,988.6915,988.6915,0.0,1.0,1.00e+00,1.00e+00,False,False
IPS7100_MHC_001,pressure,day_to_day,2025-08-09,2025-08-10,288,288,288.0,288.0,988.6915,988.6915,0.0,0.0,0.0,988.6915,988.6915,988.6915,988.6915,0.0,1.0,1.00e+00,1.00e+00,False,False
IPS7100_MHC_001,pressure,day_to_day,2025-08-10,2025-08-11,288,288,288.0,288.0,988.6915,988.6915,0.0,0.0,0.0,988.6915,988.6915,988.6915,988.6915,0.0,1.0,1.00e+00,1.00e+00,False,False
IPS7100_MHC_001,pressure,day_to_day,2025-08-11,2025-08-12,288,288,288.0,288.0,988.6915,988.6915,0.0,0.0,0.0,988.6915,988.6915,988.6915,988.6915,0.0,1.0,1.00e+00,1.00e+00,False,False
IPS7100_MHC_001,pressure,day_to_day,2025-08-12,2025-08-13,288,288,288.0,288.0,988.6915,988.6915,0.0,0.0,0.0,988.6915,988.6915,988.6915,988.6915,0.0,1.0,1.00e+00,1.00e+00,False,False
IPS7100_MHC_001,pressure,day_to_day,2025-08-13,2025-08-14,288,288,288.0,288.0,988.6915,988.6915,0.0,0.0,0.0,988.6915,988.6915,988.6915,988.6915,0.0,1.0,1.00e+00,1.00e+00,False,False
IPS7100_MHC_001,pressure,day_to_day,2025-08-14,2025-08-15,288,288,288.0,288.0,988.6915,988.6915,0.0,0.0,0.0,988.6915,988.6915,988.6915,988.6915,0.0,1.0,1.00e+00,1.00e+00,False,False
IPS7100_MHC_001,pressure,day_to_day,2025-08-15,2025-08-16,288,288,288.0,288.0,988.6915,988.6915,0.0,0.0,0.0,988.6915,988.6915,988.6915,988.6915,0.0,1.0,1.00e+00,1.00e+00,False,False
IPS7100_MHC_001,pressure,day_to_day,2025-08-16,2025-08-17,288,288,288.0,288.0,988.6915,988.6915,0.0,0.0,0.0,988.6915,988.6915,988.6915,988.6915,0.0,1.0,1.00e+00,1.00e+00,False,False
IPS7100_MHC_001,pressure,day_to_day,2025-08-17,2025-08-18,288,288,288.0,52.5,988.6915,991.8178,3.1262,0.0,3.2015,988.6915,988.6915,988.6915,1009.4995,1.3786,inf,4.07e-09,1.00e-15,True,True
IPS7100_MHC_001,pressure,day_to_day,2025-08-18,2025-08-19,288,288,52.5,193.1,991.8178,992.9812,1.1634,3.2015,1.263,988.6915,1009.4995,990.2731,1000.8748,0.4772,0.3945,1.27e-02,1.00e-15,False,True
IPS7100_MHC_001,pressure,day_to_day,2025-08-19,2025-08-20,288,288,193.1,288.0,992.9812,993.1429,0.1617,1.263,0.0,990.2731,1000.8748,993.1429,993.1429,0.1807,0.0,7.74e-02,1.73e-10,False,True
IPS7100_MHC_001,pressure,day_to_day,2025-08-20,2025-08-21,288,288,288.0,288.0,993.1429,993.1429,0.0,0.0,0.0,993.1429,993.1429,993.1429,993.1429,0.0,1.0,1.00e+00,1.00e+00,False,False
IPS7100_MHC_001,pressure,day_to_day,2025-08-21,2025-08-22,288,288,288.0,288.0,993.1429,993.1429,0.0,0.0,0.0,993.1429,993.1429,993.1429,993.1429,0.0,1.0,1.00e+00,1.00e+00,False,False
IPS7100_MHC_001,pressure,day_to_day,2025-08-22,2025-08-23,288,288,288.0,288.0,993.1429,993.1429,0.0,0.0,0.0,993.1429,993.1429,993.1429,993.1429,0.0,1.0,1.00e+00,1.00e+00,False,False
IPS7100_MHC_001,pressure,day_to_day,2025-08-23,2025-08-24,288,288,288.0,288.0,993.1429,993.1429,0.0,0.0,0.0,993.1429,993.1429,993.1429,993.1429,0.0,1.0,1.00e+00,1.00e+00,False,False
IPS7100_MHC_001,pressure,day_to_day,2025-08-24,2025-08-25,288,288,288.0,55.9,993.1429,993.7113,0.5684,0.0,1.1659,993.1429,993.1429,992.3325,1003.3804,0.6883,inf,6.10e-04,1.00e-15,True,True
IPS7100_MHC_001,pressure,day_to_day,2025-08-25,2025-08-26,288,288,55.9,81.0,993.7113,995.8123,2.101,1.1659,1.4673,992.3325,1003.3804,992.5622,1004.6228,1.5827,1.2584,1.00e-15,4.20e-01,True,False
IPS7100_MHC_001,pressure,day_to_day,2025-08-26,2025-08-27,288,288,81.0,288.0,995.8123,996.3462,0.5338,1.4673,0.0,992.5622,1004.6228,996.3462,996.3462,0.5136,0.0,1.59e-03,1.00e-15,True,True
IPS7100_MHC_001,pressure,day_to_day,2025-08-27,2025-08-28,288,288,288.0,288.0,996.3462,996.3462,0.0,0.0,0.0,996.3462,996.3462,996.3462,996.3462,0.0,1.0,1.00e+00,1.00e+00,False,False
IPS7100_MHC_001,pressure,day_to_day,2025-08-28,2025-08-29,288,288,288.0,288.0,996.3462,996.3462,0.0,0.0,0.0,996.3462,996.3462,996.3462,996.3462,0.0,1.0,1.00e+00,1.00e+00,False,False
IPS7100_MHC_001,pressure,day_to_day,2025-08-29,2025-08-30,288,288,288.0,288.0,996.3462,996.3462,0.0,0.0,0.0,996.3462,996.3462,996.3462,996.3462,0.0,1.0,1.00e+00,1.00e+00,False,False
IPS7100_MHC_001,pressure,day_to_day,2025-08-30,2025-08-31,288,288,288.0,288.0,996.3462,996.3462,0.0,0.0,0.0,996.3462,996.3462,996.3462,996.3462,0.0,1.0,1.00e+00,1.00e+00,False,False
IPS7100_MHC_001,pressure,day_to_day,2025-08-31,2025-09-01,288,288,288.0,288.0,996.3462,996.3462,0.0,0.0,0.0,996.3462,996.3462,996.3462,996.3462,0.0,1.0,1.00e+00,1.00e+00,False,False
IPS7100_MHC_001,pressure,day_to_day,2025-09-01,2025-09-02,288,288,288.0,288.0,996.3462,996.3462,0.0,0.0,0.0,996.3462,996.3462,996.3462,996.3462,0.0,1.0,1.00e+00,1.00e+00,False,False
IPS7100_MHC_001,pressure,day_to_day,2025-09-02,2025-09-03,288,288,288.0,57.6,996.3462,994.4676,-1.8785,0.0,2.7556,996.3462,996.3462,988.8095,1004.3951,-0.9624,inf,3.25e-06,1.00e-15,True,True
IPS7100_MHC_001,pressure,day_to_day,2025-09-03,2025-09-04,288,109,57.6,79.2,994.4676,990.1886,-4.279,2.7556,1.7489,988.8095,1004.3951,988.4662,998.7407,-1.694,0.6347,1.00e-15,3.29e-03,True,True
IPS7100_MHC_001,pressure,day_to_day,2025-09-04,2025-09-05,109,179,79.2,179.0,990.1886,988.8477,-1.341,1.7489,4.8707,988.4662,998.7407,985.5819,1050.0343,-0.3351,2.7851,1.40e-03,3.88e-01,True,False
IPS7100_MHC_001,pressure,day_to_day,2025-09-05,2025-09-06,179,288,179.0,9.8,988.8477,996.2449,7.3972,4.8707,2.6943,985.5819,1050.0343,987.4692,999.8044,2.0038,0.5532,3.62e-06,8.37e-01,True,False
IPS7100_MHC_001,pressure,day_to_day,2025-09-06,2025-09-07,288,288,9.8,61.4,996.2449,999.2232,2.9783,2.6943,2.4015,987.4692,999.8044,997.0858,1018.7229,1.165,0.8913,7.43e-03,7.69e-01,True,False
IPS7100_MHC_001,pressure,day_to_day,2025-09-07,2025-09-08,288,288,61.4,110.8,999.2232,1000.0927,0.8695,2.4015,1.2034,997.0858,1018.7229,997.2743,1008.4736,0.457,0.5011,9.64e-03,1.31e-05,True,True
IPS7100_MHC_001,pressure,day_to_day,2025-09-08,2025-09-09,288,288,110.8,288.0,1000.0927,1000.5117,0.4189,1.2034,0.0,997.2743,1008.4736,1000.5117,1000.5117,0.4915,0.0,3.92e-04,1.00e-15,True,True
IPS7100_MHC_001,pressure,day_to_day,2025-09-09,2025-09-10,288,288,288.0,288.0,1000.5117,1000.5117,0.0,0.0,0.0,1000.5117,1000.5117,1000.5117,1000.5117,0.0,1.0,1.00e+00,1.00e+00,False,False
IPS7100_MHC_001,pressure,day_to_day,2025-09-10,2025-09-11,288,288,288.0,288.0,1000.5117,1000.5117,0.0,0.0,0.0,1000.5117,1000.5117,1000.5117,1000.5117,0.0,1.0,1.00e+00,1.00e+00,False,False
IPS7100_MHC_001,pressure,day_to_day,2025-09-11,2025-09-12,288,288,288.0,288.0,1000.5117,1000.5117,0.0,0.0,0.0,1000.5117,1000.5117,1000.5117,1000.5117,0.0,1.0,1.00e+00,1.00e+00,False,False
IPS7100_MHC_001,pressure,day_to_day,2025-09-12,2025-09-13,288,288,288.0,7.3,1000.5117,997.1604,-3.3512,0.0,3.1721,1000.5117,1000.5117,991.6243,1004.4656,-1.4915,inf,2.75e-02,1.00e-15,False,True
IPS7100_MHC_001,pressure,day_to_day,2025-09-13,2025-09-14,288,288,7.3,248.3,997.1604,992.8871,-4.2734,3.1721,0.705,991.6243,1004.4656,991.5274,1000.9199,-1.8566,0.2222,9.91e-03,1.00e-15,True,True
IPS7100_MHC_001,pressure,day_to_day,2025-09-14,2025-09-15,288,288,248.3,288.0,992.8871,993.0362,0.1491,0.705,0.0,991.5274,1000.9199,993.0362,993.0362,0.2986,0.0,1.01e-03,1.00e-15,True,True
IPS7100_MHC_001,pressure,day_to_day,2025-09-15,2025-09-16,288,288,288.0,288.0,993.0362,993.0362,0.0,0.0,0.0,993.0362,993.0362,993.0362,993.0362,0.0,1.0,1.00e+00,1.00e+00,False,False
IPS7100_MHC_001,pressure,day_to_day,2025-09-16,2025-09-17,288,288,288.0,288.0,993.0362,993.0362,0.0,0.0,0.0,993.0362,993.0362,993.0362,993.0362,0.0,1.0,1.00e+00,1.00e+00,False,False
IPS7100_MHC_001,pressure,day_to_day,2025-09-17,2025-09-18,288,288,288.0,288.0,993.0362,993.0362,0.0,0.0,0.0,993.0362,993.0362,993.0362,993.0362,0.0,1.0,1.00e+00,1.00e+00,False,False
IPS7100_MHC_001,pressure,day_to_day,2025-09-18,2025-09-19,288,288,288.0,288.0,993.0362,993.0362,0.0,0.0,0.0,993.0362,993.0362,993.0362,993.0362,0.0,1.0,1.00e+00,1.00e+00,False,False
IPS7100_MHC_001,pressure,day_to_day,2025-09-19,2025-09-20,288,288,288.0,288.0,993.0362,993.0362,0.0,0.0,0.0,993.0362,993.0362,993.0362,993.0362,0.0,1.0,1.00e+00,1.00e+00,False,False
IPS7100_MHC_001,pressure,day_to_day,2025-09-20,2025-09-21,288,288,288.0,288.0,993.0362,993.0362,0.0,0.0,0.0,993.0362,993.0362,993.0362,993.0362,0.0,1.0,1.00e+00,1.00e+00,False,False
IPS7100_MHC_001,pressure,day_to_day,2025-09-21,2025-09-22,288,288,288.0,288.0,993.0362,993.0362,0.0,0.0,0.0,993.0362,993.0362,993.0362,993.0362,0.0,1.0,1.00e+00,1.00e+00,False,False
IPS7100_MHC_001,pressure,day_to_day,2025-09-22,2025-09-23,288,288,288.0,288.0,993.0362,993.0362,0.0,0.0,0.0,993.0362,993.0362,993.0362,993.0362,0.0,1.0,1.00e+00,1.00e+00,False,False
IPS7100_MHC_001,pressure,day_to_day,2025-09-23,2025-09-24,288,288,288.0,288.0,993.0362,993.0362,0.0,0.0,0.0,993.0362,993.0362,993.0362,993.0362,0.0,1.0,1.00e+00,1.00e+00,False,False
IPS7100_MHC_001,pressure,day_to_day,2025-09-24,2025-09-25,288,288,288.0,288.0,993.0362,993.0362,0.0,0.0,0.0,993.0362,993.0362,993.0362,993.0362,0.0,1.0,1.00e+00,1.00e+00,False,False
IPS7100_MHC_001,pressure,day_to_day,2025-09-25,2025-09-26,288,288,288.0,23.2,993.0362,992.4015,-0.6347,0.0,1.6536,993.0362,993.0362,988.9191,999.7915,-0.5419,inf,7.83e-02,1.00e-15,False,True
IPS7100_MHC_001,pressure,day_to_day,2025-09-26,2025-09-27,288,288,23.2,24.0,992.4015,991.9481,-0.4533,1.6536,1.2712,988.9191,999.7915,989.048,999.4777,-0.3068,0.7688,2.99e-01,6.22e-01,False,False
IPS7100_MHC_001,pressure,day_to_day,2025-09-27,2025-09-28,288,288,24.0,288.0,991.9481,992.7073,0.7591,1.2712,0.0,989.048,999.4777,992.7073,992.7073,0.8431,0.0,7.63e-03,1.00e-15,True,True
IPS7100_MHC_001,pressure,day_to_day,2025-09-28,2025-09-29,288,288,288.0,13.8,992.7073,995.3249,2.6176,0.0,2.4785,992.7073,992.7073,992.7073,1006.2192,1.491,inf,1.86e-03,1.00e-15,True,True
IPS7100_MHC_001,pressure,day_to_day,2025-09-29,2025-09-30,288,288,13.8,6.6,995.3249,995.1724,-0.1525,2.4785,0.1193,992.7073,1006.2192,994.6159,995.5314,-0.0867,0.0481,8.24e-01,2.27e-04,False,True
IPS7100_MHC_001,pressure,day_to_day,2025-09-30,2025-10-01,288,288,6.6,32.4,995.1724,995.3483,0.1758,0.1193,1.5591,994.6159,995.5314,992.7842,1005.5782,0.1587,13.0668,5.32e-01,3.17e-02,False,False
IPS7100_MHC_001,pressure,day_to_day,2025-10-01,2025-10-02,288,288,32.4,2.9,995.3483,996.1917,0.8435,1.5591,0.9747,992.7842,1005.5782,993.4339,996.786,0.6476,0.6252,1.00e+00,1.00e+00,False,False
IPS7100_MHC_001,pressure,day_to_day,2025-10-02,2025-10-03,288,288,2.9,288.0,996.1917,996.7734,0.5817,0.9747,0.0,993.4339,996.786,996.7734,996.7734,0.8424,0.0,1.00e+00,1.00e+00,False,False
IPS7100_MHC_001,pressure,day_to_day,2025-10-03,2025-10-04,288,288,288.0,288.0,996.7734,996.7734,0.0,0.0,0.0,996.7734,996.7734,996.7734,996.7734,0.0,1.0,1.00e+00,1.00e+00,False,False
IPS7100_MHC_001,pressure,day_to_day,2025-10-04,2025-10-05,288,288,288.0,16.8,996.7734,993.8135,-2.9599,0.0,2.8859,996.7734,996.7734,988.7119,1001.6992,-1.4479,inf,6.95e-04,1.00e-15,True,True
IPS7100_MHC_001,pressure,day_to_day,2025-10-05,2025-10-06,288,288,16.8,29.4,993.8135,992.3797,-1.4338,2.8859,1.1555,988.7119,1001.6992,988.9315,1001.2171,-0.6511,0.4004,6.67e-02,1.14e-04,False,True
IPS7100_MHC_001,pressure,day_to_day,2025-10-06,2025-10-07,288,288,29.4,288.0,992.3797,992.9252,0.5455,1.1555,0.0,988.9315,1001.2171,992.9252,992.9252,0.6665,0.0,1.62e-02,1.00e-15,False,True
IPS7100_MHC_001,pressure,day_to_day,2025-10-07,2025-10-08,288,288,288.0,288.0,992.9252,992.9252,0.0,0.0,0.0,992.9252,992.9252,992.9252,992.9252,0.0,1.0,1.00e+00,1.00e+00,False,False
IPS7100_MHC_001,pressure,day_to_day,2025-10-08,2025-10-09,288,288,288.0,288.0,992.9252,992.9252,0.0,0.0,0.0,992.9252,992.9252,992.9252,992.9252,0.0,1.0,1.00e+00,1.00e+00,False,False
IPS7100_MHC_001,pressure,day_to_day,2025-10-09,2025-10-10,288,288,288.0,34.0,992.9252,997.5389,4.6136,0.0,4.3393,992.9252,992.9252,992.9252,1026.8331,1.501,inf,5.45e-07,1.00e-15,True,True
IPS7100_MHC_001,pressure,day_to_day,2025-10-10,2025-10-11,288,288,34.0,262.7,997.5389,996.483,-1.0559,4.3393,1.0384,992.9252,1026.8331,996.2356,1005.4088,-0.3341,0.2393,1.67e-01,1.00e-15,False,True
IPS7100_MHC_001,pressure,day_to_day,2025-10-11,2025-10-12,288,288,262.7,288.0,996.483,996.2822,-0.2007,1.0384,0.0,996.2356,1005.4088,996.2822,996.2822,-0.2729,0.0,1.96e-03,9.24e-04,True,True
IPS7100_MHC_001,pressure,day_to_day,2025-10-12,2025-10-13,288,288,288.0,100.6,996.2822,993.9313,-2.3509,0.0,2.6173,996.2822,996.2822,989.0476,1014.5842,-1.2681,inf,1.64e-14,1.00e-15,True,True
IPS7100_MHC_001,pressure,day_to_day,2025-10-13,2025-10-14,288,288,100.6,58.2,993.9313,996.29,2.3586,2.6173,1.4912,989.0476,1014.5842,992.3104,1004.3773,1.1054,0.5697,2.11e-11,9.86e-07,True,True
IPS7100_MHC_001,pressure,day_to_day,2025-10-14,2025-10-15,288,288,58.2,288.0,996.29,997.0313,0.7413,1.4912,0.0,992.3104,1004.3773,997.0313,997.0313,0.7018,0.0,3.71e-04,1.00e-15,True,True
IPS7100_MHC_001,pressure,day_to_day,2025-10-15,2025-10-16,288,288,288.0,288.0,997.0313,997.0313,0.0,0.0,0.0,997.0313,997.0313,997.0313,997.0313,0.0,1.0,1.00e+00,1.00e+00,False,False
IPS7100_MHC_001,pressure,day_to_day,2025-10-16,2025-10-17,288,288,288.0,288.0,997.0313,997.0313,0.0,0.0,0.0,997.0313,997.0313,997.0313,997.0313,0.0,1.0,1.00e+00,1.00e+00,False,False
IPS7100_MHC_001,pressure,day_to_day,2025-10-17,2025-10-18,288,288,288.0,288.0,997.0313,997.0313,0.0,0.0,0.0,997.0313,997.0313,997.0313,997.0313,0.0,1.0,1.00e+00,1.00e+00,False,False
IPS7100_MHC_001,pressure,day_to_day,2025-10-18,2025-10-19,288,288,288.0,288.0,997.0313,997.0313,0.0,0.0,0.0,997.0313,997.0313,997.0313,997.0313,0.0,1.0,1.00e+00,1.00e+00,False,False
IPS7100_MHC_001,pressure,day_to_day,2025-10-19,2025-10-20,288,288,288.0,288.0,997.0313,997.0313,0.0,0.0,0.0,997.0313,997.0313,997.0313,997.0313,0.0,1.0,1.00e+00,1.00e+00,False,False
IPS7100_MHC_001,pressure,day_to_day,2025-10-20,2025-10-21,288,288,288.0,288.0,997.0313,997.0313,0.0,0.0,0.0,997.0313,997.0313,997.0313,997.0313,0.0,1.0,1.00e+00,1.00e+00,False,False
IPS7100_MHC_001,pressure,day_to_day,2025-10-21,2025-10-22,288,288,288.0,288.0,997.0313,997.0313,0.0,0.0,0.0,997.0313,997.0313,997.0313,997.0313,0.0,1.0,1.00e+00,1.00e+00,False,False
IPS7100_MHC_001,pressure,day_to_day,2025-10-22,2025-10-23,288,288,288.0,288.0,997.0313,997.0313,0.0,0.0,0.0,997.0313,997.0313,997.0313,997.0313,0.0,1.0,1.00e+00,1.00e+00,False,False
IPS7100_MHC_001,pressure,day_to_day,2025-10-23,2025-10-24,288,288,288.0,288.0,997.0313,997.0313,0.0,0.0,0.0,997.0313,997.0313,997.0313,997.0313,0.0,1.0,1.00e+00,1.00e+00,False,False
IPS7100_MHC_001,pressure,day_to_day,2025-10-24,2025-10-25,288,288,288.0,288.0,997.0313,997.0313,0.0,0.0,0.0,997.0313,997.0313,997.0313,997.0313,0.0,1.0,1.00e+00,1.00e+00,False,False
IPS7100_MHC_001,pressure,day_to_day,2025-10-25,2025-10-26,288,288,288.0,288.0,997.0313,997.0313,0.0,0.0,0.0,997.0313,997.0313,997.0313,997.0313,0.0,1.0,1.00e+00,1.00e+00,False,False
IPS7100_MHC_001,pressure,day_to_day,2025-10-26,2025-10-27,288,288,288.0,288.0,997.0313,997.0313,0.0,0.0,0.0,997.0313,997.0313,997.0313,997.0313,0.0,1.0,1.00e+00,1.00e+00,False,False
IPS7100_MHC_001,pressure,day_to_day,2025-10-27,2025-10-28,288,288,288.0,288.0,997.0313,997.0313,0.0,0.0,0.0,997.0313,997.0313,997.0313,997.0313,0.0,1.0,1.00e+00,1.00e+00,False,False
IPS7100_MHC_001,pressure,day_to_day,2025-10-28,2025-10-29,288,288,288.0,288.0,997.0313,997.0313,0.0,0.0,0.0,997.0313,997.0313,997.0313,997.0313,0.0,1.0,1.00e+00,1.00e+00,False,False
IPS7100_MHC_001,pressure,day_to_day,2025-10-29,2025-10-30,288,288,288.0,288.0,997.0313,997.0313,0.0,0.0,0.0,997.0313,997.0313,997.0313,997.0313,0.0,1.0,1.00e+00,1.00e+00,False,False
IPS7100_MHC_001,pressure,day_to_day,2025-10-30,2025-10-31,288,288,288.0,288.0,997.0313,997.0313,0.0,0.0,0.0,997.0313,997.0313,997.0313,997.0313,0.0,1.0,1.00e+00,1.00e+00,False,False
IPS7100_MHC_001,pressure,day_to_day,2025-10-31,2025-11-01,288,288,288.0,288.0,997.0313,997.0313,0.0,0.0,0.0,997.0313,997.0313,997.0313,997.0313,0.0,1.0,1.00e+00,1.00e+00,False,False
IPS7100_MHC_001,pressure,day_to_day,2025-11-01,2025-11-02,288,288,288.0,288.0,997.0313,997.0313,0.0,0.0,0.0,997.0313,997.0313,997.0313,997.0313,0.0,1.0,1.00e+00,1.00e+00,False,False
IPS7100_MHC_001,pressure,day_to_day,2025-11-02,2025-11-03,288,288,288.0,288.0,997.0313,997.0313,0.0,0.0,0.0,997.0313,997.0313,997.0313,997.0313,0.0,1.0,1.00e+00,1.00e+00,False,False
IPS7100_MHC_001,pressure,day_to_day,2025-11-03,2025-11-04,288,288,288.0,288.0,997.0313,997.0313,0.0,0.0,0.0,997.0313,997.0313,997.0313,997.0313,0.0,1.0,1.00e+00,1.00e+00,False,False
IPS7100_MHC_001,pressure,day_to_day,2025-11-04,2025-11-05,288,288,288.0,288.0,997.0313,997.0313,0.0,0.0,0.0,997.0313,997.0313,997.0313,997.0313,0.0,1.0,1.00e+00,1.00e+00,False,False
IPS7100_MHC_001,pressure,day_to_day,2025-11-05,2025-11-06,288,288,288.0,288.0,997.0313,997.0313,-0.0,0.0,0.0,997.0313,997.0313,997.0313,997.0313,0.0,1.0,1.00e+00,1.00e+00,False,False
IPS7100_MHC_001,pressure,day_to_day,2025-11-06,2025-11-07,288,288,288.0,288.0,997.0313,997.0313,0.0,0.0,0.0,997.0313,997.0313,997.0313,997.0313,0.0,1.0,1.00e+00,1.00e+00,False,False
IPS7100_MHC_001,pressure,day_to_day,2025-11-07,2025-11-08,288,288,288.0,288.0,997.0313,997.0313,0.0,0.0,0.0,997.0313,997.0313,997.0313,997.0313,0.0,1.0,1.00e+00,1.00e+00,False,False
IPS7100_MHC_001,pressure,day_to_day,2025-11-08,2025-11-09,288,288,288.0,288.0,997.0313,997.0313,0.0,0.0,0.0,997.0313,997.0313,997.0313,997.0313,0.0,1.0,1.00e+00,1.00e+00,False,False
IPS7100_MHC_001,pressure,day_to_day,2025-11-09,2025-11-10,288,288,288.0,288.0,997.0313,997.0313,-0.0,0.0,0.0,997.0313,997.0313,997.0313,997.0313,0.0,1.0,1.00e+00,1.00e+00,False,False
IPS7100_MHC_001,pressure,day_to_day,2025-11-10,2025-11-11,288,288,288.0,42.1,997.0313,997.0313,-0.0,0.0,0.0,997.0313,997.0313,997.0313,997.0313,0.0,inf,1.00e+00,1.00e+00,False,False
IPS7100_MHC_001,pressure,day_to_day,2025-11-11,2025-11-12,288,288,42.1,288.0,997.0313,997.0313,0.0,0.0,0.0,997.0313,997.0313,997.0313,997.0313,0.0,0.1397,1.00e+00,1.00e+00,False,False
IPS7100_MHC_001,pressure,day_to_day,2025-11-12,2025-11-13,288,288,288.0,288.0,997.0313,997.0313,0.0,0.0,0.0,997.0313,997.0313,997.0313,997.0313,0.0,1.0,1.00e+00,1.00e+00,False,False
IPS7100_MHC_001,pressure,day_to_day,2025-11-13,2025-11-14,288,288,288.0,288.0,997.0313,997.0313,0.0,0.0,0.0,997.0313,997.0313,997.0313,997.0313,0.0,1.0,1.00e+00,1.00e+00,False,False
IPS7100_MHC_001,pressure,day_to_day,2025-11-14,2025-11-15,288,288,288.0,288.0,997.0313,997.0313,0.0,0.0,0.0,997.0313,997.0313,997.0313,997.0313,0.0,1.0,1.00e+00,1.00e+00,False,False
IPS7100_MHC_001,pressure,day_to_day,2025-11-15,2025-11-16,288,288,288.0,288.0,997.0313,997.0313,0.0,0.0,0.0,997.0313,997.0313,997.0313,997.0313,0.0,1.0,1.00e+00,1.00e+00,False,False
IPS7100_MHC_001,pressure,day_to_day,2025-11-16,2025-11-17,288,288,288.0,288.0,997.0313,997.0313,0.0,0.0,0.0,997.0313,997.0313,997.0313,997.0313,0.0,1.0,1.00e+00,1.00e+00,False,False
IPS7100_MHC_001,pressure,day_to_day,2025-11-17,2025-11-18,288,288,288.0,288.0,997.0313,997.0313,0.0,0.0,0.0,997.0313,997.0313,997.0313,997.0313,0.0,1.0,1.00e+00,1.00e+00,False,False
IPS7100_MHC_001,pressure,day_to_day,2025-11-18,2025-11-19,288,288,288.0,288.0,997.0313,997.0313,0.0,0.0,0.0,997.0313,997.0313,997.0313,997.0313,0.0,1.0,1.00e+00,1.00e+00,False,False
IPS7100_MHC_001,pressure,day_to_day,2025-11-19,2025-11-20,288,288,288.0,288.0,997.0313,997.0313,0.0,0.0,0.0,997.0313,997.0313,997.0313,997.0313,0.0,1.0,1.00e+00,1.00e+00,False,False
IPS7100_MHC_001,pressure,day_to_day,2025-11-20,2025-11-21,288,288,288.0,288.0,997.0313,997.0313,0.0,0.0,0.0,997.0313,997.0313,997.0313,997.0313,0.0,1.0,1.00e+00,1.00e+00,False,False
IPS7100_MHC_001,pressure,day_to_day,2025-11-21,2025-11-22,288,288,288.0,288.0,997.0313,997.0313,0.0,0.0,0.0,997.0313,997.0313,997.0313,997.0313,0.0,1.0,1.00e+00,1.00e+00,False,False
IPS7100_MHC_001,pressure,day_to_day,2025-11-22,2025-11-23,288,288,288.0,288.0,997.0313,997.0313,0.0,0.0,0.0,997.0313,997.0313,997.0313,997.0313,0.0,1.0,1.00e+00,1.00e+00,False,False
IPS7100_MHC_001,pressure,day_to_day,2025-11-23,2025-11-24,288,288,288.0,288.0,997.0313,997.0313,0.0,0.0,0.0,997.0313,997.0313,997.0313,997.0313,0.0,1.0,1.00e+00,1.00e+00,False,False
IPS7100_MHC_001,pressure,day_to_day,2025-11-24,2025-11-25,288,110,288.0,110.0,997.0313,997.0313,-0.0,0.0,0.0,997.0313,997.0313,997.0313,997.0313,0.0,1.0,1.00e+00,1.00e+00,False,False
IPS7100_MHC_001,pressure,day_to_day,2025-11-25,2025-11-26,110,179,110.0,179.0,997.0313,997.0313,0.0,0.0,0.0,997.0313,997.0313,997.0313,997.0313,0.0,1.0,1.00e+00,1.00e+00,False,False
IPS7100_MHC_001,pressure,day_to_day,2025-11-26,2025-11-27,179,288,179.0,288.0,997.0313,997.0313,0.0,0.0,0.0,997.0313,997.0313,997.0313,997.0313,0.0,1.0,1.00e+00,1.00e+00,False,False
IPS7100_MHC_001,pressure,day_to_day,2025-11-27,2025-11-28,288,288,288.0,288.0,997.0313,997.0313,0.0,0.0,0.0,997.0313,997.0313,997.0313,997.0313,0.0,1.0,1.00e+00,1.00e+00,False,False
IPS7100_MHC_001,pressure,day_to_day,2025-11-28,2025-11-29,288,288,288.0,288.0,997.0313,997.0313,0.0,0.0,0.0,997.0313,997.0313,997.0313,997.0313,0.0,1.0,1.00e+00,1.00e+00,False,False
IPS7100_MHC_001,pressure,day_to_day,2025-11-29,2025-11-30,288,288,288.0,288.0,997.0313,997.0313,0.0,0.0,0.0,997.0313,997.0313,997.0313,997.0313,0.0,1.0,1.00e+00,1.00e+00,False,False
IPS7100_MHC_001,pressure,day_to_day,2025-11-30,2025-12-01,288,288,288.0,288.0,997.0313,997.0313,0.0,0.0,0.0,997.0313,997.0313,997.0313,997.0313,0.0,1.0,1.00e+00,1.00e+00,False,False
IPS7100_MHC_001,pressure,day_to_day,2025-12-01,2025-12-02,288,288,288.0,288.0,997.0313,997.0313,0.0,0.0,0.0,997.0313,997.0313,997.0313,997.0313,0.0,1.0,1.00e+00,1.00e+00,False,False
IPS7100_MHC_001,pressure,day_to_day,2025-12-02,2025-12-03,288,288,288.0,288.0,997.0313,997.0313,0.0,0.0,0.0,997.0313,997.0313,997.0313,997.0313,0.0,1.0,1.00e+00,1.00e+00,False,False
IPS7100_MHC_001,pressure,day_to_day,2025-12-03,2025-12-04,288,288,288.0,288.0,997.0313,997.0313,0.0,0.0,0.0,997.0313,997.0313,997.0313,997.0313,0.0,1.0,1.00e+00,1.00e+00,False,False
IPS7100_MHC_001,pressure,day_to_day,2025-12-04,2025-12-05,288,288,288.0,288.0,997.0313,997.0313,0.0,0.0,0.0,997.0313,997.0313,997.0313,997.0313,0.0,1.0,1.00e+00,1.00e+00,False,False
IPS7100_MHC_001,pressure,day_to_day,2025-12-05,2025-12-06,288,288,288.0,288.0,997.0313,997.0313,0.0,0.0,0.0,997.0313,997.0313,997.0313,997.0313,0.0,1.0,1.00e+00,1.00e+00,False,False
IPS7100_MHC_001,pressure,day_to_day,2025-12-06,2025-12-07,288,288,288.0,288.0,997.0313,997.0313,0.0,0.0,0.0,997.0313,997.0313,997.0313,997.0313,0.0,1.0,1.00e+00,1.00e+00,False,False
IPS7100_MHC_001,pressure,day_to_day,2025-12-07,2025-12-08,288,288,288.0,288.0,997.0313,997.0313,0.0,0.0,0.0,997.0313,997.0313,997.0313,997.0313,0.0,1.0,1.00e+00,1.00e+00,False,False
IPS7100_MHC_001,pressure,day_to_day,2025-12-08,2025-12-09,288,288,288.0,288.0,997.0313,997.0313,0.0,0.0,0.0,997.0313,997.0313,997.0313,997.0313,0.0,1.0,1.00e+00,1.00e+00,False,False
IPS7100_MHC_001,pressure,day_to_day,2025-12-09,2025-12-10,288,288,288.0,288.0,997.0313,997.0313,0.0,0.0,0.0,997.0313,997.0313,997.0313,997.0313,0.0,1.0,1.00e+00,1.00e+00,False,False
IPS7100_MHC_001,pressure,day_to_day,2025-12-10,2025-12-11,288,288,288.0,288.0,997.0313,997.0313,0.0,0.0,0.0,997.0313,997.0313,997.0313,997.0313,0.0,1.0,1.00e+00,1.00e+00,False,False
IPS7100_MHC_001,pressure,day_to_day,2025-12-11,2025-12-12,288,288,288.0,288.0,997.0313,997.0313,0.0,0.0,0.0,997.0313,997.0313,997.0313,997.0313,0.0,1.0,1.00e+00,1.00e+00,False,False
IPS7100_MHC_001,pressure,day_to_day,2025-12-12,2025-12-13,288,288,288.0,288.0,997.0313,997.0313,0.0,0.0,0.0,997.0313,997.0313,997.0313,997.0313,0.0,1.0,1.00e+00,1.00e+00,False,False
IPS7100_MHC_001,pressure,day_to_day,2025-12-13,2025-12-14,288,288,288.0,288.0,997.0313,997.0313,0.0,0.0,0.0,997.0313,997.0313,997.0313,997.0313,0.0,1.0,1.00e+00,1.00e+00,False,False
IPS7100_MHC_001,pressure,day_to_day,2025-12-14,2025-12-15,288,288,288.0,288.0,997.0313,997.0313,0.0,0.0,0.0,997.0313,997.0313,997.0313,997.0313,0.0,1.0,1.00e+00,1.00e+00,False,False
IPS7100_MHC_001,pressure,day_to_day,2025-12-15,2025-12-16,288,288,288.0,288.0,997.0313,997.0313,0.0,0.0,0.0,997.0313,997.0313,997.0313,997.0313,0.0,1.0,1.00e+00,1.00e+00,False,False
IPS7100_MHC_001,pressure,day_to_day,2025-12-16,2025-12-17,288,288,288.0,288.0,997.0313,997.0313,0.0,0.0,0.0,997.0313,997.0313,997.0313,997.0313,0.0,1.0,1.00e+00,1.00e+00,False,False
IPS7100_MHC_001,pressure,day_to_day,2025-12-17,2025-12-18,288,288,288.0,288.0,997.0313,997.0313,0.0,0.0,0.0,997.0313,997.0313,997.0313,997.0313,0.0,1.0,1.00e+00,1.00e+00,False,False
IPS7100_MHC_001,pressure,day_to_day,2025-12-18,2025-12-19,288,288,288.0,288.0,997.0313,997.0313,0.0,0.0,0.0,997.0313,997.0313,997.0313,997.0313,0.0,1.0,1.00e+00,1.00e+00,False,False
IPS7100_MHC_001,pressure,day_to_day,2025-12-19,2025-12-20,288,288,288.0,288.0,997.0313,997.0313,0.0,0.0,0.0,997.0313,997.0313,997.0313,997.0313,0.0,1.0,1.00e+00,1.00e+00,False,False
IPS7100_MHC_001,pressure,day_to_day,2025-12-20,2025-12-21,288,288,288.0,288.0,997.0313,997.0313,0.0,0.0,0.0,997.0313,997.0313,997.0313,997.0313,0.0,1.0,1.00e+00,1.00e+00,False,False
IPS7100_MHC_001,pressure,day_to_day,2025-12-21,2025-12-22,288,288,288.0,288.0,997.0313,997.0313,0.0,0.0,0.0,997.0313,997.0313,997.0313,997.0313,0.0,1.0,1.00e+00,1.00e+00,False,False
IPS7100_MHC_001,pressure,day_to_day,2025-12-22,2025-12-23,288,288,288.0,288.0,997.0313,997.0313,0.0,0.0,0.0,997.0313,997.0313,997.0313,997.0313,0.0,1.0,1.00e+00,1.00e+00,False,False
IPS7100_MHC_001,pressure,day_to_day,2025-12-23,2025-12-24,288,288,288.0,288.0,997.0313,997.0313,0.0,0.0,0.0,997.0313,997.0313,997.0313,997.0313,0.0,1.0,1.00e+00,1.00e+00,False,False
IPS7100_MHC_001,pressure,day_to_day,2025-12-24,2025-12-25,288,288,288.0,288.0,997.0313,997.0313,0.0,0.0,0.0,997.0313,997.0313,997.0313,997.0313,0.0,1.0,1.00e+00,1.00e+00,False,False
IPS7100_MHC_001,pressure,day_to_day,2025-12-25,2025-12-26,288,288,288.0,288.0,997.0313,997.0313,0.0,0.0,0.0,997.0313,997.0313,997.0313,997.0313,0.0,1.0,1.00e+00,1.00e+00,False,False
IPS7100_MHC_001,pressure,day_to_day,2025-12-26,2025-12-27,288,288,288.0,288.0,997.0313,997.0313,0.0,0.0,0.0,997.0313,997.0313,997.0313,997.0313,0.0,1.0,1.00e+00,1.00e+00,False,False
IPS7100_MHC_001,pressure,day_to_day,2025-12-27,2025-12-28,288,288,288.0,288.0,997.0313,997.0313,0.0,0.0,0.0,997.0313,997.0313,997.0313,997.0313,0.0,1.0,1.00e+00,1.00e+00,False,False
IPS7100_MHC_001,pressure,day_to_day,2025-12-28,2025-12-29,288,288,288.0,288.0,997.0313,997.0313,0.0,0.0,0.0,997.0313,997.0313,997.0313,997.0313,0.0,1.0,1.00e+00,1.00e+00,False,False
IPS7100_MHC_001,pressure,day_to_day,2025-12-29,2025-12-30,288,288,288.0,288.0,997.0313,997.0313,0.0,0.0,0.0,997.0313,997.0313,997.0313,997.0313,0.0,1.0,1.00e+00,1.00e+00,False,False
IPS7100_MHC_001,pressure,day_to_day,2025-12-30,2025-12-31,288,288,288.0,288.0,997.0313,997.0313,0.0,0.0,0.0,997.0313,997.0313,997.0313,997.0313,0.0,1.0,1.00e+00,1.00e+00,False,False
IPS7100_MHC_001,pressure,day_to_day,2025-12-31,2026-01-01,288,288,288.0,288.0,997.0313,997.0313,0.0,0.0,0.0,997.0313,997.0313,997.0313,997.0313,0.0,1.0,1.00e+00,1.00e+00,False,False
IPS7100_MHC_001,pressure,day_to_day,2026-01-01,2026-01-02,288,288,288.0,288.0,997.0313,997.0313,0.0,0.0,0.0,997.0313,997.0313,997.0313,997.0313,0.0,1.0,1.00e+00,1.00e+00,False,False
IPS7100_MHC_001,pressure,day_to_day,2026-01-02,2026-01-03,288,288,288.0,288.0,997.0313,997.0313,0.0,0.0,0.0,997.0313,997.0313,997.0313,997.0313,0.0,1.0,1.00e+00,1.00e+00,False,False
IPS7100_MHC_001,pressure,day_to_day,2026-01-03,2026-01-04,288,288,288.0,288.0,997.0313,997.0313,0.0,0.0,0.0,997.0313,997.0313,997.0313,997.0313,0.0,1.0,1.00e+00,1.00e+00,False,False
IPS7100_MHC_001,pressure,day_to_day,2026-01-04,2026-01-05,288,288,288.0,288.0,997.0313,997.0313,0.0,0.0,0.0,997.0313,997.0313,997.0313,997.0313,0.0,1.0,1.00e+00,1.00e+00,False,False
IPS7100_MHC_001,pressure,day_to_day,2026-01-05,2026-01-06,288,288,288.0,288.0,997.0313,997.0313,0.0,0.0,0.0,997.0313,997.0313,997.0313,997.0313,0.0,1.0,1.00e+00,1.00e+00,False,False
IPS7100_MHC_001,pressure,day_to_day,2026-01-06,2026-01-07,288,288,288.0,288.0,997.0313,997.0313,0.0,0.0,0.0,997.0313,997.0313,997.0313,997.0313,0.0,1.0,1.00e+00,1.00e+00,False,False
IPS7100_MHC_001,pressure,day_to_day,2026-01-07,2026-01-08,288,288,288.0,288.0,997.0313,997.0313,0.0,0.0,0.0,997.0313,997.0313,997.0313,997.0313,0.0,1.0,1.00e+00,1.00e+00,False,False
IPS7100_MHC_001,pressure,day_to_day,2026-01-08,2026-01-09,288,288,288.0,288.0,997.0313,997.0313,0.0,0.0,0.0,997.0313,997.0313,997.0313,997.0313,0.0,1.0,1.00e+00,1.00e+00,False,False
IPS7100_MHC_001,pressure,day_to_day,2026-01-09,2026-01-10,288,288,288.0,288.0,997.0313,997.0313,0.0,0.0,0.0,997.0313,997.0313,997.0313,997.0313,0.0,1.0,1.00e+00,1.00e+00,False,False
IPS7100_MHC_001,pressure,day_to_day,2026-01-10,2026-01-11,288,288,288.0,288.0,997.0313,997.0313,0.0,0.0,0.0,997.0313,997.0313,997.0313,997.0313,0.0,1.0,1.00e+00,1.00e+00,False,False
IPS7100_MHC_001,pressure,day_to_day,2026-01-11,2026-01-12,288,288,288.0,288.0,997.0313,997.0313,0.0,0.0,0.0,997.0313,997.0313,997.0313,997.0313,0.0,1.0,1.00e+00,1.00e+00,False,False
IPS7100_MHC_001,pressure,day_to_day,2026-01-12,2026-01-13,288,288,288.0,288.0,997.0313,997.0313,0.0,0.0,0.0,997.0313,997.0313,997.0313,997.0313,0.0,1.0,1.00e+00,1.00e+00,False,False
IPS7100_MHC_001,pressure,day_to_day,2026-01-13,2026-01-14,288,288,288.0,288.0,997.0313,997.0313,0.0,0.0,0.0,997.0313,997.0313,997.0313,997.0313,0.0,1.0,1.00e+00,1.00e+00,False,False
IPS7100_MHC_001,pressure,day_to_day,2026-01-14,2026-01-15,288,288,288.0,288.0,997.0313,997.0313,0.0,0.0,0.0,997.0313,997.0313,997.0313,997.0313,0.0,1.0,1.00e+00,1.00e+00,False,False
IPS7100_MHC_001,pressure,day_to_day,2026-01-15,2026-01-16,288,288,288.0,288.0,997.0313,997.0313,0.0,0.0,0.0,997.0313,997.0313,997.0313,997.0313,0.0,1.0,1.00e+00,1.00e+00,False,False
IPS7100_MHC_001,pressure,day_to_day,2026-01-16,2026-01-17,288,288,288.0,288.0,997.0313,997.0313,0.0,0.0,0.0,997.0313,997.0313,997.0313,997.0313,0.0,1.0,1.00e+00,1.00e+00,False,False
IPS7100_MHC_001,pressure,day_to_day,2026-01-17,2026-01-18,288,288,288.0,288.0,997.0313,997.0313,0.0,0.0,0.0,997.0313,997.0313,997.0313,997.0313,0.0,1.0,1.00e+00,1.00e+00,False,False
IPS7100_MHC_001,pressure,day_to_day,2026-01-18,2026-01-19,288,288,288.0,288.0,997.0313,997.0313,0.0,0.0,0.0,997.0313,997.0313,997.0313,997.0313,0.0,1.0,1.00e+00,1.00e+00,False,False
IPS7100_MHC_001,pressure,day_to_day,2026-01-19,2026-01-20,288,288,288.0,288.0,997.0313,997.0313,0.0,0.0,0.0,997.0313,997.0313,997.0313,997.0313,0.0,1.0,1.00e+00,1.00e+00,False,False
IPS7100_MHC_001,pressure,day_to_day,2026-01-20,2026-01-21,288,288,288.0,288.0,997.0313,997.0313,0.0,0.0,0.0,997.0313,997.0313,997.0313,997.0313,0.0,1.0,1.00e+00,1.00e+00,False,False
IPS7100_MHC_001,pressure,day_to_day,2026-01-21,2026-01-22,288,288,288.0,288.0,997.0313,997.0313,0.0,0.0,0.0,997.0313,997.0313,997.0313,997.0313,0.0,1.0,1.00e+00,1.00e+00,False,False
IPS7100_MHC_001,pressure,day_to_day,2026-01-22,2026-01-23,288,288,288.0,288.0,997.0313,997.0313,0.0,0.0,0.0,997.0313,997.0313,997.0313,997.0313,0.0,1.0,1.00e+00,1.00e+00,False,False
IPS7100_MHC_001,pressure,day_to_day,2026-01-23,2026-01-24,288,288,288.0,288.0,997.0313,997.0313,0.0,0.0,0.0,997.0313,997.0313,997.0313,997.0313,0.0,1.0,1.00e+00,1.00e+00,False,False
IPS7100_MHC_001,pressure,day_to_day,2026-01-24,2026-01-25,288,288,288.0,288.0,997.0313,997.0313,0.0,0.0,0.0,997.0313,997.0313,997.0313,997.0313,0.0,1.0,1.00e+00,1.00e+00,False,False
IPS7100_MHC_001,pressure,day_to_day,2026-01-25,2026-01-26,288,110,288.0,110.0,997.0313,997.0313,-0.0,0.0,0.0,997.0313,997.0313,997.0313,997.0313,0.0,1.0,1.00e+00,1.00e+00,False,False
IPS7100_MHC_001,pressure,day_to_day,2026-01-26,2026-01-27,110,179,110.0,179.0,997.0313,997.0313,0.0,0.0,0.0,997.0313,997.0313,997.0313,997.0313,0.0,1.0,1.00e+00,1.00e+00,False,False
IPS7100_MHC_001,pressure,day_to_day,2026-01-27,2026-01-28,179,288,179.0,288.0,997.0313,997.0313,0.0,0.0,0.0,997.0313,997.0313,997.0313,997.0313,0.0,1.0,1.00e+00,1.00e+00,False,False
IPS7100_MHC_001,pressure,day_to_day,2026-01-28,2026-01-29,288,288,288.0,288.0,997.0313,997.0313,0.0,0.0,0.0,997.0313,997.0313,997.0313,997.0313,0.0,1.0,1.00e+00,1.00e+00,False,False
IPS7100_MHC_001,pressure,day_to_day,2026-01-29,2026-01-30,288,288,288.0,288.0,997.0313,997.0313,0.0,0.0,0.0,997.0313,997.0313,997.0313,997.0313,0.0,1.0,1.00e+00,1.00e+00,False,False
IPS7100_MHC_001,pressure,day_to_day,2026-01-30,2026-01-31,288,288,288.0,288.0,997.0313,997.0313,0.0,0.0,0.0,997.0313,997.0313,997.0313,997.0313,0.0,1.0,1.00e+00,1.00e+00,False,False
IPS7100_MHC_001,pressure,day_to_day,2026-01-31,2026-02-01,288,288,288.0,288.0,997.0313,997.0313,0.0,0.0,0.0,997.0313,997.0313,997.0313,997.0313,0.0,1.0,1.00e+00,1.00e+00,False,False
IPS7100_MHC_001,pressure,day_to_day,2026-02-01,2026-02-02,288,288,288.0,288.0,997.0313,997.0313,0.0,0.0,0.0,997.0313,997.0313,997.0313,997.0313,0.0,1.0,1.00e+00,1.00e+00,False,False
IPS7100_MHC_001,pressure,day_to_day,2026-02-02,2026-02-03,288,288,288.0,288.0,997.0313,997.0313,0.0,0.0,0.0,997.0313,997.0313,997.0313,997.0313,0.0,1.0,1.00e+00,1.00e+00,False,False
IPS7100_MHC_001,pressure,day_to_day,2026-02-03,2026-02-04,288,288,288.0,288.0,997.0313,997.0313,0.0,0.0,0.0,997.0313,997.0313,997.0313,997.0313,0.0,1.0,1.00e+00,1.00e+00,False,False
IPS7100_MHC_001,pressure,day_to_day,2026-02-04,2026-02-05,288,288,288.0,288.0,997.0313,997.0313,0.0,0.0,0.0,997.0313,997.0313,997.0313,997.0313,0.0,1.0,1.00e+00,1.00e+00,False,False
IPS7100_MHC_001,pressure,day_to_day,2026-02-05,2026-02-06,288,288,288.0,288.0,997.0313,997.0313,0.0,0.0,0.0,997.0313,997.0313,997.0313,997.0313,0.0,1.0,1.00e+00,1.00e+00,False,False
IPS7100_MHC_001,pressure,day_to_day,2026-02-06,2026-02-07,288,288,288.0,288.0,997.0313,997.0313,0.0,0.0,0.0,997.0313,997.0313,997.0313,997.0313,0.0,1.0,1.00e+00,1.00e+00,False,False
IPS7100_MHC_001,pressure,day_to_day,2026-02-07,2026-02-08,288,288,288.0,288.0,997.0313,997.0313,0.0,0.0,0.0,997.0313,997.0313,997.0313,997.0313,0.0,1.0,1.00e+00,1.00e+00,False,False
IPS7100_MHC_001,pressure,day_to_day,2026-02-08,2026-02-09,288,288,288.0,288.0,997.0313,997.0313,0.0,0.0,0.0,997.0313,997.0313,997.0313,997.0313,0.0,1.0,1.00e+00,1.00e+00,False,False
IPS7100_MHC_001,pressure,day_to_day,2026-02-09,2026-02-10,288,288,288.0,288.0,997.0313,997.0313,0.0,0.0,0.0,997.0313,997.0313,997.0313,997.0313,0.0,1.0,1.00e+00,1.00e+00,False,False
IPS7100_MHC_001,pressure,day_to_day,2026-02-10,2026-02-11,288,288,288.0,288.0,997.0313,997.0313,0.0,0.0,0.0,997.0313,997.0313,997.0313,997.0313,0.0,1.0,1.00e+00,1.00e+00,False,False
IPS7100_MHC_001,pressure,day_to_day,2026-02-11,2026-02-12,288,288,288.0,288.0,997.0313,997.0313,0.0,0.0,0.0,997.0313,997.0313,997.0313,997.0313,0.0,1.0,1.00e+00,1.00e+00,False,False
IPS7100_MHC_001,pressure,day_to_day,2026-02-12,2026-02-13,288,288,288.0,288.0,997.0313,997.0313,0.0,0.0,0.0,997.0313,997.0313,997.0313,997.0313,0.0,1.0,1.00e+00,1.00e+00,False,False
IPS7100_MHC_001,pressure,day_to_day,2026-02-13,2026-02-14,288,288,288.0,3.4,997.0313,1012.3885,15.3572,0.0,39.3993,997.0313,997.0313,997.0313,1150.3807,0.5503,inf,5.33e-01,1.00e-15,False,True
IPS7100_MHC_001,pressure,day_to_day,2026-02-14,2026-02-15,288,252,3.4,2.5,1012.3885,1047.3642,34.9757,39.3993,28.9281,997.0313,1150.3807,994.7471,1093.5589,1.0001,0.7342,1.00e+00,1.00e+00,False,False
IPS7100_MHC_001,pressure,day_to_day,2026-02-15,2026-02-16,252,288,2.5,2.9,1047.3642,1024.7876,-22.5766,28.9281,9.8315,994.7471,1093.5589,994.7171,1039.6083,-1.0718,0.3399,1.00e+00,1.00e+00,False,False
IPS7100_MHC_001,pressure,day_to_day,2026-02-16,2026-02-17,288,288,2.9,2.9,1024.7876,1039.8054,15.0178,9.8315,16.5624,994.7171,1039.6083,1005.967,1067.8246,1.1008,1.6846,1.00e+00,1.00e+00,False,False
IPS7100_MHC_001,pressure,day_to_day,2026-02-17,2026-02-18,288,288,2.9,2.9,1039.8054,1024.4693,-15.336,16.5624,29.4616,1005.967,1067.8246,981.731,1074.4897,-0.6406,1.7788,1.00e+00,1.00e+00,False,False
IPS7100_MHC_001,pressure,day_to_day,2026-02-18,2026-02-19,288,288,2.9,2.9,1024.4693,1004.0737,-20.3956,29.4616,21.951,981.731,1074.4897,981.1822,1050.8746,-0.7837,0.7451,1.00e+00,1.00e+00,False,False
IPS7100_MHC_001,pressure,day_to_day,2026-02-19,2026-02-20,288,288,2.9,2.9,1004.0737,988.6146,-15.4591,21.951,3.6399,981.1822,1050.8746,982.8921,995.753,-0.9808,0.1658,1.00e+00,1.00e+00,False,False
IPS7100_MHC_001,pressure,day_to_day,2026-02-20,2026-02-21,288,288,2.9,2.9,988.6146,996.6659,8.0513,3.6399,9.7033,982.8921,995.753,986.2854,1020.7715,1.0968,2.6658,1.00e+00,1.00e+00,False,False
IPS7100_MHC_001,pressure,day_to_day,2026-02-21,2026-02-22,288,288,2.9,2.9,996.6659,1015.4541,18.7883,9.7033,6.6092,986.2854,1020.7715,1003.5213,1027.8118,2.2593,0.6811,1.00e+00,1.00e+00,False,False
IPS7100_MHC_001,pressure,day_to_day,2026-02-22,2026-02-23,288,288,2.9,2.9,1015.4541,1012.5039,-2.9502,6.6092,2.0024,1003.5213,1027.8118,1007.168,1014.4586,-0.6031,0.303,1.00e+00,1.00e+00,False,False
IPS7100_MHC_001,pressure,day_to_day,2026-02-23,2026-02-24,288,288,2.9,2.9,1012.5039,997.9603,-14.5436,2.0024,6.4341,1007.168,1014.4586,985.6457,1007.1476,-3.047,3.2132,1.00e+00,1.00e+00,False,False
IPS7100_MHC_001,pressure,day_to_day,2026-02-24,2026-02-25,288,288,2.9,2.9,997.9603,1002.3717,4.4114,6.4341,20.0044,985.6457,1007.1476,979.4897,1034.7157,0.2964,3.1091,1.00e+00,1.00e+00,False,False
IPS7100_MHC_001,pressure,day_to_day,2026-02-25,2026-02-26,288,288,2.9,2.9,1002.3717,1010.6226,8.2509,20.0044,17.846,979.4897,1034.7157,979.8511,1055.276,0.4345,0.8921,1.00e+00,1.00e+00,False,False
IPS7100_MHC_001,pressure,day_to_day,2026-02-26,2026-02-27,288,288,2.9,2.9,1010.6226,992.3959,-18.2268,17.846,2.0039,979.8511,1055.276,987.4931,995.5705,-1.4329,0.1123,1.00e+00,1.00e+00,False,False
IPS7100_MHC_001,pressure,day_to_day,2026-02-27,2026-02-28,288,288,2.9,2.9,992.3959,1007.0156,14.6197,2.0039,23.9207,987.4931,995.5705,989.4108,1060.6852,0.8598,11.9369,1.00e+00,1.00e+00,False,False
IPS7100_MHC_001,pressure,day_to_day,2026-02-28,2026-03-01,288,288,2.9,2.9,1007.0156,1020.5863,13.5707,23.9207,27.8958,989.4108,1060.6852,989.9656,1089.0667,0.5214,1.1662,1.00e+00,1.00e+00,False,False
IPS7100_MHC_001,pressure,day_to_day,2026-03-01,2026-03-02,288,288,2.9,2.9,1020.5863,1012.8482,-7.7381,27.8958,17.8135,989.9656,1089.0667,991.5708,1039.4075,-0.3301,0.6386,1.00e+00,1.00e+00,False,False
IPS7100_MHC_001,pressure,day_to_day,2026-03-02,2026-03-03,288,288,2.9,2.9,1012.8482,1016.982,4.1338,17.8135,11.7113,991.5708,1039.4075,990.5379,1030.7089,0.2737,0.6574,1.00e+00,1.00e+00,False,False
IPS7100_MHC_001,pressure,day_to_day,2026-03-03,2026-03-04,288,288,2.9,2.9,1016.982,1023.9973,7.0153,11.7113,11.6034,990.5379,1030.7089,990.7934,1046.5032,0.6007,0.9908,1.00e+00,1.00e+00,False,False
IPS7100_MHC_001,pressure,day_to_day,2026-03-04,2026-03-05,288,288,2.9,2.9,1023.9973,1035.8306,11.8333,11.6034,17.4937,990.7934,1046.5032,1011.0269,1069.1363,0.7958,1.5076,1.00e+00,1.00e+00,False,False
IPS7100_MHC_001,pressure,day_to_day,2026-03-05,2026-03-06,288,288,2.9,2.9,1035.8306,1028.7955,-7.0351,17.4937,13.8689,1011.0269,1069.1363,1005.1771,1055.7378,-0.4449,0.7928,1.00e+00,1.00e+00,False,False
IPS7100_MHC_001,pressure,day_to_day,2026-03-06,2026-03-07,288,288,2.9,2.9,1028.7955,1024.4123,-4.3833,13.8689,12.6286,1005.1771,1055.7378,1005.7413,1065.5298,-0.3299,0.9106,1.00e+00,1.00e+00,False,False
IPS7100_MHC_001,pressure,day_to_day,2026-03-07,2026-03-08,288,288,2.9,2.9,1024.4123,1019.1892,-5.223,12.6286,14.5486,1005.7413,1065.5298,992.402,1036.2764,-0.3827,1.152,1.00e+00,1.00e+00,False,False
IPS7100_MHC_001,pressure,day_to_day,2026-03-08,2026-03-09,288,288,2.9,2.9,1019.1892,1030.013,10.8238,14.5486,9.0137,992.402,1036.2764,994.2057,1042.4953,0.8928,0.6196,1.00e+00,1.00e+00,False,False
IPS7100_MHC_001,pressure,day_to_day,2026-03-09,2026-03-10,288,286,2.9,2.9,1030.013,1026.8662,-3.1468,9.0137,6.7137,994.2057,1042.4953,1011.8367,1043.2974,-0.3951,0.7448,1.00e+00,1.00e+00,False,False
IPS7100_MHC_001,pressure,day_to_day,2026-03-10,2026-03-11,286,288,2.9,2.9,1026.8662,1082.541,55.6748,6.7137,69.1143,1011.8367,1043.2974,1005.1625,1188.2378,1.13,10.2946,1.00e+00,1.00e+00,False,False
IPS7100_MHC_001,pressure,day_to_day,2026-03-11,2026-03-12,288,288,2.9,2.9,1082.541,1027.1327,-55.4083,69.1143,18.5917,1005.1625,1188.2378,998.3186,1052.6102,-1.0929,0.269,1.00e+00,1.00e+00,False,False
IPS7100_MHC_001,pressure,day_to_day,2026-03-12,2026-03-13,288,288,2.9,2.9,1027.1327,1003.7575,-23.3752,18.5917,13.8512,998.3186,1052.6102,989.0312,1031.9086,-1.4234,0.745,1.00e+00,1.00e+00,False,False
IPS7100_MHC_001,pressure,day_to_day,2026-03-13,2026-03-14,288,288,2.9,2.9,1003.7575,1015.4626,11.7051,13.8512,20.7131,989.0312,1031.9086,988.1891,1059.3942,0.6632,1.4954,1.00e+00,1.00e+00,False,False
IPS7100_MHC_001,pressure,day_to_day,2026-03-14,2026-03-15,288,288,2.9,2.9,1015.4626,1007.7259,-7.7367,20.7131,14.6198,988.1891,1059.3942,978.6963,1022.5625,-0.4308,0.7058,1.00e+00,1.00e+00,False,False
IPS7100_MHC_001,pressure,day_to_day,2026-03-15,2026-03-16,288,288,2.9,2.9,1007.7259,1001.8093,-5.9166,14.6198,4.2026,978.6963,1022.5625,990.3972,1005.9854,-0.5491,0.2875,1.00e+00,1.00e+00,False,False
IPS7100_MHC_001,pressure,day_to_day,2026-03-16,2026-03-17,288,288,2.9,2.9,1001.8093,1002.4249,0.6156,4.2026,2.4135,990.3972,1005.9854,996.66,1005.316,0.1793,0.5743,1.00e+00,1.00e+00,False,False
IPS7100_MHC_001,pressure,day_to_day,2026-03-17,2026-03-18,288,288,2.9,2.9,1002.4249,1000.9872,-1.4377,2.4135,6.7463,996.66,1005.316,995.903,1018.5666,-0.2833,2.7953,1.00e+00,1.00e+00,False,False
IPS7100_MHC_001,pressure,day_to_day,2026-03-18,2026-03-19,288,288,2.9,2.9,1000.9872,1005.7883,4.8011,6.7463,9.9485,995.903,1018.5666,993.1718,1023.74,0.5639,1.4747,1.00e+00,1.00e+00,False,False
IPS7100_MHC_001,pressure,day_to_day,2026-03-19,2026-03-20,288,288,2.9,2.9,1005.7883,1004.0081,-1.7802,9.9485,11.9532,993.1718,1023.74,990.4924,1024.4963,-0.1616,1.2015,1.00e+00,1.00e+00,False,False
IPS7100_MHC_001,pressure,day_to_day,2026-03-20,2026-03-21,288,288,2.9,2.9,1004.0081,1002.8805,-1.1276,11.9532,13.0789,990.4924,1024.4963,987.1144,1028.4512,-0.0898,1.0942,1.00e+00,1.00e+00,False,False
IPS7100_MHC_001,pressure,day_to_day,2026-03-21,2026-03-22,288,288,2.9,2.9,1002.8805,995.3701,-7.5104,13.0789,9.6241,987.1144,1028.4512,985.4116,1011.0041,-0.653,0.7359,1.00e+00,1.00e+00,False,False
IPS7100_MHC_001,pressure,day_to_day,2026-03-22,2026-03-23,288,288,2.9,2.9,995.3701,994.7629,-0.6072,9.6241,3.5515,985.4116,1011.0041,986.2828,998.7445,-0.0836,0.369,1.00e+00,1.00e+00,False,False
IPS7100_MHC_001,pressure,day_to_day,2026-03-23,2026-03-24,288,110,2.9,1.1,994.7629,997.8472,3.0842,3.5515,3.03,986.2828,998.7445,994.85,1006.5497,0.9008,0.8532,1.00e+00,1.00e+00,False,False
IPS7100_MHC_001,pressure,day_to_day,2026-03-24,2026-03-25,110,179,1.1,1.8,997.8472,1013.0319,15.1848,3.03,9.3621,994.85,1006.5497,997.5707,1031.2196,1.9907,3.0898,1.00e+00,1.00e+00,False,False
IPS7100_MHC_001,pressure,day_to_day,2026-03-25,2026-03-26,179,288,1.8,2.9,1013.0319,1011.8256,-1.2063,9.3621,9.3431,997.5707,1031.2196,986.494,1030.6384,-0.1287,0.998,1.00e+00,1.00e+00,False,False
IPS7100_MHC_001,pressure,day_to_day,2026-03-26,2026-03-27,288,288,2.9,2.9,1011.8256,1010.2718,-1.5538,9.3431,10.9415,986.494,1030.6384,986.5926,1021.6854,-0.1525,1.1711,1.00e+00,1.00e+00,False,False
IPS7100_MHC_001,pressure,day_to_day,2026-03-27,2026-03-28,288,288,2.9,2.9,1010.2718,1020.7276,10.4558,10.9415,7.0354,986.5926,1021.6854,1004.7882,1027.3219,1.1348,0.643,1.00e+00,1.00e+00,False,False
IPS7100_MHC_001,pressure,day_to_day,2026-03-28,2026-03-29,288,288,2.9,2.9,1020.7276,1008.3693,-12.3584,7.0354,11.3611,1004.7882,1027.3219,994.336,1031.2296,-1.3056,1.6149,1.00e+00,1.00e+00,False,False
IPS7100_MHC_001,pressure,day_to_day,2026-03-29,2026-03-30,288,288,2.9,2.9,1008.3693,1011.8803,3.5111,11.3611,12.2756,994.336,1031.2296,993.9901,1036.828,0.2963,1.0805,1.00e+00,1.00e+00,False,False
IPS7100_MHC_001,pressure,day_to_day,2026-03-30,2026-03-31,288,288,2.9,2.9,1011.8803,1008.8754,-3.0049,12.2756,11.0888,993.9901,1036.828,988.5124,1020.7627,-0.2564,0.9033,1.00e+00,1.00e+00,False,False
IPS7100_MHC_001,pressure,day_to_day,2026-03-31,2026-04-01,288,288,2.9,2.9,1008.8754,1008.8401,-0.0354,11.0888,8.9281,988.5124,1020.7627,988.4485,1019.3953,-0.0035,0.8051,1.00e+00,1.00e+00,False,False
IPS7100_MHC_001,pressure,day_to_day,2026-04-01,2026-04-02,288,288,2.9,2.9,1008.8401,1028.5426,19.7025,8.9281,29.8922,988.4485,1019.3953,995.49,1112.9711,0.8916,3.3481,1.00e+00,1.00e+00,False,False
IPS7100_MHC_001,pressure,day_to_day,2026-04-02,2026-04-03,288,288,2.9,2.9,1028.5426,1034.4897,5.9471,29.8922,10.7729,995.49,1112.9711,1012.2857,1049.1935,0.2642,0.3604,1.00e+00,1.00e+00,False,False
IPS7100_MHC_001,pressure,day_to_day,2026-04-03,2026-04-04,288,254,2.9,2.6,1034.4897,1049.8986,15.4089,10.7729,40.8203,1012.2857,1049.1935,1015.5449,1198.2901,0.5299,3.7892,1.00e+00,1.00e+00,False,False
IPS7100_MHC_001,pressure,day_to_day,2026-04-04,2026-04-05,254,288,2.6,2.9,1049.8986,1032.7573,-17.1413,40.8203,22.287,1015.5449,1198.2901,1002.608,1065.2435,-0.5293,0.546,1.00e+00,1.00e+00,False,False
IPS7100_MHC_001,pressure,day_to_day,2026-04-05,2026-04-06,288,288,2.9,2.9,1032.7573,1022.5652,-10.1921,22.287,24.51,1002.608,1065.2435,999.0503,1066.2223,-0.4343,1.0997,1.00e+00,1.00e+00,False,False
IPS7100_MHC_001,pressure,day_to_day,2026-04-06,2026-04-07,288,288,2.9,2.9,1022.5652,1011.4394,-11.1257,24.51,15.4872,999.0503,1066.2223,995.4252,1035.8899,-0.5417,0.6319,1.00e+00,1.00e+00,False,False
IPS7100_MHC_001,pressure,day_to_day,2026-04-07,2026-04-08,288,288,2.9,2.9,1011.4394,1005.2845,-6.1549,15.4872,13.9888,995.4252,1035.8899,994.0843,1035.0673,-0.4164,0.9033,1.00e+00,1.00e+00,False,False
IPS7100_MHC_001,pressure,day_to_day,2026-04-08,2026-04-09,288,288,2.9,2.9,1005.2845,1017.9816,12.6971,13.9888,20.0586,994.0843,1035.0673,994.283,1053.5029,0.733,1.4339,1.00e+00,1.00e+00,False,False
IPS7100_MHC_001,pressure,day_to_day,2026-04-09,2026-04-10,288,288,2.9,2.9,1017.9816,1030.2338,12.2522,20.0586,14.5272,994.283,1053.5029,996.247,1054.9846,0.6984,0.7242,1.00e+00,1.00e+00,False,False
IPS7100_MHC_001,pressure,day_to_day,2026-04-10,2026-04-11,288,288,2.9,2.9,1030.2338,1050.9659,20.7321,14.5272,23.7346,996.247,1054.9846,1010.9621,1113.0567,1.0518,1.6338,1.00e+00,1.00e+00,False,False
IPS7100_MHC_001,pressure,day_to_day,2026-04-11,2026-04-12,288,288,2.9,2.9,1050.9659,1055.256,4.2901,23.7346,19.233,1010.9621,1113.0567,1012.2785,1107.3202,0.1983,0.8103,1.00e+00,1.00e+00,False,False
IPS7100_MHC_001,pressure,day_to_day,2026-04-12,2026-04-13,288,288,2.9,2.9,1055.256,1042.4235,-12.8325,19.233,15.8443,1012.2785,1107.3202,1016.1973,1087.9327,-0.727,0.8238,1.00e+00,1.00e+00,False,False
IPS7100_MHC_001,pressure,day_to_day,2026-04-13,2026-04-14,288,288,2.9,2.9,1042.4235,1030.7698,-11.6538,15.8443,6.3189,1016.1973,1087.9327,1017.2596,1039.3926,-0.9645,0.3988,1.00e+00,1.00e+00,False,False
IPS7100_MHC_001,pressure,day_to_day,2026-04-14,2026-04-15,288,288,2.9,2.9,1030.7698,1026.7786,-3.9911,6.3189,6.4726,1017.2596,1039.3926,1017.5284,1038.5426,-0.6229,1.0243,1.00e+00,1.00e+00,False,False
IPS7100_MHC_001,pressure,day_to_day,2026-04-15,2026-04-16,288,288,2.9,2.9,1026.7786,1030.1659,3.3873,6.4726,6.8859,1017.5284,1038.5426,1015.6163,1046.1069,0.506,1.0639,1.00e+00,1.00e+00,False,False
IPS7100_MHC_001,pressure,day_to_day,2026-04-16,2026-04-17,288,288,2.9,2.9,1030.1659,1026.0227,-4.1432,6.8859,9.8803,1015.6163,1046.1069,1011.0148,1042.1319,-0.4857,1.4349,1.00e+00,1.00e+00,False,False
IPS7100_MHC_001,pressure,day_to_day,2026-04-17,2026-04-18,288,288,2.9,2.9,1026.0227,1038.7522,12.7295,9.8803,24.3061,1011.0148,1042.1319,1011.5134,1113.7527,0.6849,2.4601,1.00e+00,1.00e+00,False,False
IPS7100_MHC_001,pressure,day_to_day,2026-04-18,2026-04-19,288,288,2.9,2.9,1038.7522,1028.5522,-10.2,24.3061,20.8323,1011.5134,1113.7527,1001.2032,1060.5306,-0.4498,0.8571,1.00e+00,1.00e+00,False,False
IPS7100_MHC_001,pressure,day_to_day,2026-04-19,2026-04-20,288,288,2.9,2.9,1028.5522,1020.63,-7.9222,20.8323,18.9064,1001.2032,1060.5306,999.7113,1044.0725,-0.3976,0.9076,1.00e+00,1.00e+00,False,False
IPS7100_MHC_001,pressure,day_to_day,2026-04-20,2026-04-21,288,288,2.9,2.9,1020.63,1051.294,30.664,18.9064,33.1485,999.7113,1044.0725,999.3557,1133.6145,1.1344,1.7533,1.00e+00,1.00e+00,False,False
IPS7100_MHC_001,pressure,day_to_day,2026-04-21,2026-04-22,288,246,2.9,2.5,1051.294,1083.3895,32.0955,33.1485,42.258,999.3557,1133.6145,1027.3778,1195.6664,0.8515,1.2748,1.00e+00,1.00e+00,False,False
IPS7100_MHC_001,pressure,day_to_day,2026-04-22,2026-04-23,246,288,2.5,2.9,1083.3895,1034.7224,-48.6671,42.258,8.9037,1027.3778,1195.6664,1015.4111,1043.8769,-1.6512,0.2107,1.00e+00,1.00e+00,False,False
IPS7100_MHC_001,pressure,day_to_day,2026-04-23,2026-04-24,288,288,2.9,2.9,1034.7224,1018.3928,-16.3296,8.9037,19.1395,1015.4111,1043.8769,980.4174,1038.7092,-1.0921,2.1496,1.00e+00,1.00e+00,False,False
IPS7100_MHC_001,pressure,day_to_day,2026-04-24,2026-04-25,288,288,2.9,2.9,1018.3928,1025.5852,7.1924,19.1395,23.0156,980.4174,1038.7092,980.4439,1054.1275,0.3392,1.2025,1.00e+00,1.00e+00,False,False
IPS7100_MHC_001,pressure,day_to_day,2026-04-25,2026-04-26,288,288,2.9,2.9,1025.5852,1035.0126,9.4274,23.0156,15.7302,980.4439,1054.1275,1012.7886,1079.6548,0.4774,0.6835,1.00e+00,1.00e+00,False,False
IPS7100_MHC_001,pressure,day_to_day,2026-04-26,2026-04-27,288,288,2.9,2.9,1035.0126,1023.0588,-11.9537,15.7302,19.4062,1012.7886,1079.6548,984.4421,1050.5071,-0.6755,1.2337,1.00e+00,1.00e+00,False,False
IPS7100_MHC_001,pressure,day_to_day,2026-04-27,2026-04-28,288,288,2.9,2.9,1023.0588,1041.412,18.3532,19.4062,8.2021,984.4421,1050.5071,1021.0961,1058.6113,1.2298,0.4227,1.00e+00,1.00e+00,False,False
IPS7100_MHC_001,pressure,day_to_day,2026-04-28,2026-04-29,288,288,2.9,2.9,1041.412,1030.0618,-11.3502,8.2021,13.2083,1021.0961,1058.6113,1016.5503,1061.1792,-1.0306,1.6104,1.00e+00,1.00e+00,False,False
IPS7100_MHC_001,pressure,day_to_day,2026-04-29,2026-04-30,288,288,2.9,2.9,1030.0618,1026.6923,-3.3695,13.2083,4.922,1016.5503,1061.1792,1017.6021,1035.4903,-0.3375,0.3726,1.00e+00,1.00e+00,False,False
IPS7100_MHC_001,pressure,day_to_day,2026-04-30,2026-05-01,288,288,2.9,2.9,1026.6923,1024.4195,-2.2729,4.922,4.1096,1017.6021,1035.4903,1016.7821,1033.2134,-0.5004,0.8349,1.00e+00,1.00e+00,False,False
IPS7100_MHC_001,pressure,day_to_day,2026-05-01,2026-05-02,288,288,2.9,2.9,1024.4195,1017.9021,-6.5173,4.1096,15.4441,1016.7821,1033.2134,995.5381,1035.5231,-0.5757,3.7581,1.00e+00,1.00e+00,False,False
IPS7100_MHC_001,pressure,day_to_day,2026-05-02,2026-05-03,288,288,2.9,2.9,1017.9021,1006.6089,-11.2932,15.4441,13.8267,995.5381,1035.5231,992.5722,1029.574,-0.7691,0.8953,1.00e+00,1.00e+00,False,False
IPS7100_MHC_001,pressure,day_to_day,2026-05-03,2026-05-04,288,288,2.9,2.9,1006.6089,1002.7348,-3.8741,13.8267,12.8893,992.5722,1029.574,986.3804,1021.9536,-0.2893,0.9322,1.00e+00,1.00e+00,False,False
IPS7100_MHC_001,pressure,day_to_day,2026-05-04,2026-05-05,288,288,2.9,2.9,1002.7348,1018.187,15.4522,12.8893,16.6748,986.3804,1021.9536,983.3347,1042.501,1.0351,1.2937,1.00e+00,1.00e+00,False,False
IPS7100_MHC_001,pressure,day_to_day,2026-05-05,2026-05-06,288,288,2.9,2.9,1018.187,1031.8402,13.6532,16.6748,13.1925,983.3347,1042.501,1003.0698,1051.1594,0.9065,0.7912,1.00e+00,1.00e+00,False,False
IPS7100_MHC_001,pressure,day_to_day,2026-05-06,2026-05-07,288,288,2.9,2.9,1031.8402,1016.3484,-15.4918,13.1925,14.9257,1003.0698,1051.1594,990.2838,1037.8719,-1.0979,1.1314,1.00e+00,1.00e+00,False,False
IPS7100_MHC_001,pressure,day_to_day,2026-05-07,2026-05-08,288,288,2.9,2.9,1016.3484,1015.3036,-1.0448,14.9257,6.3161,990.2838,1037.8719,999.2874,1022.8202,-0.091,0.4232,1.00e+00,1.00e+00,False,False
IPS7100_MHC_001,pressure,day_to_day,2026-05-08,2026-05-09,288,288,2.9,2.9,1015.3036,1024.0909,8.7873,6.3161,25.6687,999.2874,1022.8202,985.3975,1078.1831,0.4693,4.064,1.00e+00,1.00e+00,False,False
IPS7100_MHC_001,pressure,day_to_day,2026-05-09,2026-05-10,288,288,2.9,2.9,1024.0909,1039.3284,15.2375,25.6687,24.2526,985.3975,1078.1831,985.4014,1149.3484,0.6092,0.9448,1.00e+00,1.00e+00,False,False
IPS7100_MHC_001,pressure,day_to_day,2026-05-10,2026-05-11,288,148,2.9,1.5,1039.3284,1051.016,11.6876,24.2526,54.7563,985.4014,1149.3484,997.5704,1199.9576,0.311,2.2578,1.00e+00,1.00e+00,False,False
IPS7100_MHC_001,pressure,day_to_day,2026-05-11,2026-05-12,148,288,1.5,2.9,1051.016,1023.4434,-27.5727,54.7563,22.349,997.5704,1199.9576,993.7755,1058.5185,-0.7494,0.4082,1.00e+00,1.00e+00,False,False
IPS7100_MHC_001,pressure,day_to_day,2026-05-12,2026-05-13,288,288,2.9,2.9,1023.4434,1014.6939,-8.7494,22.349,17.85,993.7755,1058.5185,990.1571,1035.5019,-0.4319,0.7987,1.00e+00,1.00e+00,False,False
IPS7100_MHC_001,pressure,day_to_day,2026-05-13,2026-05-14,288,288,2.9,2.9,1014.6939,1017.4683,2.7744,17.85,21.8037,990.1571,1035.5019,987.6381,1041.5865,0.139,1.2215,1.00e+00,1.00e+00,False,False
IPS7100_MHC_001,pressure,day_to_day,2026-05-14,2026-05-15,288,288,2.9,2.9,1017.4683,1019.4572,1.9889,21.8037,23.1629,987.6381,1041.5865,987.4914,1044.3424,0.0883,1.0623,1.00e+00,1.00e+00,False,False
IPS7100_MHC_001,pressure,day_to_day,2026-05-15,2026-05-16,288,288,2.9,2.9,1019.4572,1022.3658,2.9085,23.1629,18.3304,987.4914,1044.3424,986.9192,1039.5669,0.139,0.7914,1.00e+00,1.00e+00,False,False
IPS7100_MHC_001,pressure,day_to_day,2026-05-16,2026-05-17,288,288,2.9,2.9,1022.3658,1027.8745,5.5087,18.3304,16.5558,986.9192,1039.5669,986.6401,1052.9732,0.3149,0.9032,1.00e+00,1.00e+00,False,False
IPS7100_MHC_001,pressure,day_to_day,2026-05-17,2026-05-18,288,288,2.9,2.9,1027.8745,1026.8878,-0.9866,16.5558,12.96,986.6401,1052.9732,1005.6755,1045.4685,-0.0662,0.7828,1.00e+00,1.00e+00,False,False
IPS7100_MHC_001,pressure,day_to_day,2026-05-18,2026-05-19,288,288,2.9,2.9,1026.8878,1036.1124,9.2245,12.96,14.5315,1005.6755,1045.4685,1005.5644,1070.3663,0.6688,1.1213,1.00e+00,1.00e+00,False,False
IPS7100_MHC_001,pressure,day_to_day,2026-05-19,2026-05-20,288,205,2.9,2.1,1036.1124,1060.3407,24.2284,14.5315,45.6042,1005.5644,1070.3663,994.9867,1199.848,0.7692,3.1383,1.00e+00,1.00e+00,False,False
IPS7100_MHC_001,pressure,day_to_day,2026-05-20,2026-05-21,205,288,2.1,2.9,1060.3407,1042.5449,-17.7959,45.6042,7.7925,994.9867,1199.848,1023.4355,1053.5437,-0.5919,0.1709,1.00e+00,1.00e+00,False,False
IPS7100_MHC_001,pressure,day_to_day,2026-05-21,2026-05-22,288,288,2.9,2.9,1042.5449,1046.0624,3.5176,7.7925,43.2498,1023.4355,1053.5437,986.8134,1123.8875,0.113,5.5502,1.00e+00,1.00e+00,False,False
IPS7100_MHC_001,pressure,day_to_day,2026-05-22,2026-05-23,288,251,2.9,2.5,1046.0624,1030.2044,-15.8581,43.2498,39.684,986.8134,1123.8875,989.7301,1196.8584,-0.3802,0.9176,1.00e+00,1.00e+00,False,False
IPS7100_MHC_001,pressure,day_to_day,2026-05-23,2026-05-24,251,288,2.5,2.9,1030.2044,1038.6883,8.484,39.684,18.8581,989.7301,1196.8584,992.5123,1067.4222,0.2787,0.4752,1.00e+00,1.00e+00,False,False
IPS7100_MHC_001,pressure,day_to_day,2026-05-24,2026-05-25,288,288,2.9,2.9,1038.6883,1026.5202,-12.1681,18.8581,18.3472,992.5123,1067.4222,985.3073,1054.3005,-0.6529,0.9729,1.00e+00,1.00e+00,False,False
IPS7100_MHC_001,pressure,day_to_day,2026-05-25,2026-05-26,288,288,2.9,2.9,1026.5202,1036.4175,9.8972,18.3472,13.589,985.3073,1054.3005,991.6294,1050.8682,0.612,0.7407,1.00e+00,1.00e+00,False,False
IPS7100_MHC_001,pressure,day_to_day,2026-05-26,2026-05-27,288,125,2.9,4.6,1036.4175,1046.1552,9.7377,13.589,23.967,991.6294,1050.8682,1028.0414,1197.5882,0.5584,1.7637,1.00e+00,1.00e+00,False,False
IPS7100_MHC_001,temperature,day_to_day,2024-08-04,2024-08-05,71,288,38.9,2.9,38.4419,32.3841,-6.0578,2.4858,5.4066,21.4003,41.4919,25.2968,42.5807,-1.2162,2.175,1.00e+00,1.00e+00,False,False
IPS7100_MHC_001,temperature,day_to_day,2024-08-05,2024-08-06,288,288,2.9,2.9,32.3841,33.3701,0.986,5.4066,4.9374,25.2968,42.5807,27.4858,43.0675,0.1901,0.9132,1.00e+00,1.00e+00,False,False
IPS7100_MHC_001,temperature,day_to_day,2024-08-06,2024-08-07,288,288,2.9,2.9,33.3701,35.1406,1.7705,4.9374,5.6779,27.4858,43.0675,28.5003,45.5762,0.3322,1.15,1.00e+00,1.00e+00,False,False
IPS7100_MHC_001,temperature,day_to_day,2024-08-07,2024-08-08,288,288,2.9,2.9,35.1406,35.7891,0.6485,5.6779,5.5089,28.5003,45.5762,28.6724,46.4757,0.1157,0.9702,1.00e+00,1.00e+00,False,False
IPS7100_MHC_001,temperature,day_to_day,2024-08-08,2024-08-09,288,288,2.9,2.9,35.7891,31.7566,-4.0325,5.5089,3.5649,28.6724,46.4757,27.2925,43.5785,-0.8676,0.6471,1.00e+00,1.00e+00,False,False
IPS7100_MHC_001,temperature,day_to_day,2024-08-09,2024-08-10,288,288,2.9,2.9,31.7566,31.3754,-0.3812,3.5649,5.1512,27.2925,43.5785,24.568,42.5653,-0.0859,1.445,1.00e+00,1.00e+00,False,False
IPS7100_MHC_001,temperature,day_to_day,2024-08-10,2024-08-11,288,288,2.9,2.9,31.3754,31.8691,0.4937,5.1512,3.8107,24.568,42.5653,27.0067,39.4684,0.1088,0.7398,1.00e+00,1.00e+00,False,False
IPS7100_MHC_001,temperature,day_to_day,2024-08-11,2024-08-12,288,288,2.9,2.9,31.8691,31.8941,0.025,3.8107,4.4678,27.0067,39.4684,26.1993,40.2716,0.006,1.1724,1.00e+00,1.00e+00,False,False
IPS7100_MHC_001,temperature,day_to_day,2024-08-12,2024-08-13,288,287,2.9,2.9,31.8941,33.0171,1.123,4.4678,4.4355,26.1993,40.2716,27.2363,41.1121,0.2518,0.9928,1.00e+00,1.00e+00,False,False
IPS7100_MHC_001,temperature,day_to_day,2024-08-13,2024-08-14,287,288,2.9,2.9,33.0171,33.3689,0.3518,4.4355,4.4296,27.2363,41.1121,27.0676,41.01,0.0792,0.9987,1.00e+00,1.00e+00,False,False
IPS7100_MHC_001,temperature,day_to_day,2024-08-14,2024-08-15,288,288,2.9,2.9,33.3689,33.6764,0.3075,4.4296,4.9027,27.0676,41.01,27.214,43.4496,0.0657,1.1068,1.00e+00,1.00e+00,False,False
IPS7100_MHC_001,temperature,day_to_day,2024-08-15,2024-08-16,288,282,2.9,2.8,33.6764,34.4203,0.7439,4.9027,4.7572,27.214,43.4496,28.2745,43.6712,0.1537,0.9703,1.00e+00,1.00e+00,False,False
IPS7100_MHC_001,temperature,day_to_day,2024-08-16,2024-08-17,282,288,2.8,2.9,34.4203,34.125,-0.2953,4.7572,4.5797,28.2745,43.6712,27.656,42.1467,-0.0631,0.9627,1.00e+00,1.00e+00,False,False
IPS7100_MHC_001,temperature,day_to_day,2024-08-17,2024-08-18,288,288,2.9,2.9,34.125,35.024,0.899,4.5797,5.9097,27.656,42.1467,27.7694,46.573,0.1698,1.2904,1.00e+00,1.00e+00,False,False
IPS7100_MHC_001,temperature,day_to_day,2024-08-18,2024-08-19,288,288,2.9,2.9,35.024,36.2998,1.2758,5.9097,5.6442,27.7694,46.573,29.0289,46.4169,0.2204,0.9551,1.00e+00,1.00e+00,False,False
IPS7100_MHC_001,temperature,day_to_day,2024-08-19,2024-08-20,288,288,2.9,2.9,36.2998,34.4135,-1.8863,5.6442,5.5663,29.0289,46.4169,27.1203,44.4262,-0.3359,0.9862,1.00e+00,1.00e+00,False,False
IPS7100_MHC_001,temperature,day_to_day,2024-08-20,2024-08-21,288,288,2.9,2.9,34.4135,31.1896,-3.2239,5.5663,4.5603,27.1203,44.4262,24.8223,40.4991,-0.6325,0.8193,1.00e+00,1.00e+00,False,False
IPS7100_MHC_001,temperature,day_to_day,2024-08-21,2024-08-22,288,288,2.9,2.9,31.1896,31.0393,-0.1502,4.5603,4.7892,24.8223,40.4991,25.3153,40.0224,-0.0321,1.0502,1.00e+00,1.00e+00,False,False
IPS7100_MHC_001,temperature,day_to_day,2024-08-22,2024-08-23,288,288,2.9,2.9,31.0393,32.8188,1.7794,4.7892,4.4848,25.3153,40.0224,27.1151,41.6372,0.3829,0.9364,1.00e+00,1.00e+00,False,False
IPS7100_MHC_001,temperature,day_to_day,2024-08-23,2024-08-24,288,288,2.9,2.9,32.8188,31.2265,-1.5922,4.4848,4.314,27.1151,41.6372,25.881,39.2782,-0.3612,0.9619,1.00e+00,1.00e+00,False,False
IPS7100_MHC_001,temperature,day_to_day,2024-08-24,2024-08-25,288,288,2.9,2.9,31.2265,32.5938,1.3672,4.314,4.2845,25.881,39.2782,26.2851,40.8482,0.3175,0.9932,1.00e+00,1.00e+00,False,False
IPS7100_MHC_001,temperature,day_to_day,2024-08-25,2024-08-26,288,288,2.9,2.9,32.5938,32.0329,-0.5609,4.2845,3.8214,26.2851,40.8482,25.6634,39.2925,-0.1379,0.8919,1.00e+00,1.00e+00,False,False
IPS7100_MHC_001,temperature,day_to_day,2024-08-26,2024-08-27,288,288,2.9,2.9,32.0329,31.7323,-0.3005,3.8214,4.2365,25.6634,39.2925,25.3014,39.618,-0.0744,1.1086,1.00e+00,1.00e+00,False,False
IPS7100_MHC_001,temperature,day_to_day,2024-08-27,2024-08-28,288,288,2.9,2.9,31.7323,31.0089,-0.7234,4.2365,4.5266,25.3014,39.618,25.7389,39.7049,-0.1647,1.0685,1.00e+00,1.00e+00,False,False
IPS7100_MHC_001,temperature,day_to_day,2024-08-28,2024-08-29,288,288,2.9,2.9,31.0089,29.4173,-1.5916,4.5266,3.2194,25.7389,39.7049,24.6921,36.317,-0.4045,0.7112,1.00e+00,1.00e+00,False,False
IPS7100_MHC_001,temperature,day_to_day,2024-08-29,2024-08-30,288,288,2.9,2.9,29.4173,28.345,-1.0724,3.2194,4.156,24.6921,36.317,23.0388,35.9397,-0.288,1.2909,1.00e+00,1.00e+00,False,False
IPS7100_MHC_001,temperature,day_to_day,2024-08-30,2024-08-31,288,288,2.9,2.9,28.345,30.2766,1.9317,4.156,4.4533,23.0388,35.9397,24.1927,39.5693,0.4477,1.0715,1.00e+00,1.00e+00,False,False
IPS7100_MHC_001,temperature,day_to_day,2024-08-31,2024-09-01,288,288,2.9,2.9,30.2766,29.4398,-0.8369,4.4533,3.9135,24.1927,39.5693,24.2809,37.7007,-0.1993,0.8788,1.00e+00,1.00e+00,False,False
IPS7100_MHC_001,temperature,day_to_day,2024-09-01,2024-09-02,288,288,2.9,2.9,29.4398,27.6569,-1.7829,3.9135,3.9932,24.2809,37.7007,23.0229,34.1616,-0.4502,1.0204,1.00e+00,1.00e+00,False,False
IPS7100_MHC_001,temperature,day_to_day,2024-09-02,2024-09-03,288,288,2.9,2.9,27.6569,25.7046,-1.9523,3.9932,2.1202,23.0229,34.1616,23.2777,31.2427,-0.6096,0.531,1.00e+00,1.00e+00,False,False
IPS7100_MHC_001,temperature,day_to_day,2024-09-03,2024-09-04,288,288,2.9,2.9,25.7046,23.1929,-2.5117,2.1202,1.5785,23.2777,31.2427,19.8652,25.8627,-1.3415,0.7445,1.00e+00,1.00e+00,False,False
IPS7100_MHC_001,temperature,day_to_day,2024-09-04,2024-09-05,288,288,2.9,3.6,23.1929,26.4623,3.2694,1.5785,4.3705,19.8652,25.8627,13.4988,35.9488,0.9933,2.7688,1.00e+00,1.00e+00,False,False
IPS7100_MHC_001,temperature,day_to_day,2024-09-05,2024-09-06,288,288,3.6,2.9,26.4623,27.8771,1.4148,4.3705,3.5562,13.4988,35.9488,23.1803,35.4519,0.3545,0.8137,1.00e+00,1.00e+00,False,False
IPS7100_MHC_001,temperature,day_to_day,2024-09-06,2024-09-07,288,288,2.9,2.9,27.8771,26.4163,-1.4608,3.5562,3.9573,23.1803,35.4519,20.5004,33.5228,-0.3876,1.1128,1.00e+00,1.00e+00,False,False
IPS7100_MHC_001,temperature,day_to_day,2024-09-07,2024-09-08,288,288,2.9,2.9,26.4163,24.1413,-2.275,3.9573,5.4052,20.5004,33.5228,16.1519,33.6096,-0.4794,1.3659,1.00e+00,1.00e+00,False,False
IPS7100_MHC_001,temperature,day_to_day,2024-09-08,2024-09-09,288,288,2.9,2.9,24.1413,24.3324,0.1912,5.4052,6.3589,16.1519,33.6096,15.3808,35.8952,0.0323,1.1764,1.00e+00,1.00e+00,False,False
IPS7100_MHC_001,temperature,day_to_day,2024-09-09,2024-09-10,288,288,2.9,2.9,24.3324,25.7855,1.4531,6.3589,7.2068,15.3808,35.8952,16.2386,38.8266,0.2134,1.1333,1.00e+00,1.00e+00,False,False
IPS7100_MHC_001,temperature,day_to_day,2024-09-10,2024-09-11,288,288,2.9,2.9,25.7855,25.8769,0.0914,7.2068,3.1832,16.2386,38.8266,21.5938,36.3425,0.0164,0.4417,1.00e+00,1.00e+00,False,False
IPS7100_MHC_001,temperature,day_to_day,2024-09-11,2024-09-12,288,288,2.9,2.9,25.8769,25.0439,-0.833,3.1832,5.7361,21.5938,36.3425,19.4505,37.5585,-0.1793,1.802,1.00e+00,1.00e+00,False,False
IPS7100_MHC_001,temperature,day_to_day,2024-09-12,2024-09-13,288,288,2.9,2.9,25.0439,28.4975,3.4537,5.7361,6.9397,19.4505,37.5585,19.6791,42.889,0.5415,1.2098,1.00e+00,1.00e+00,False,False
IPS7100_MHC_001,temperature,day_to_day,2024-09-13,2024-09-14,288,223,2.9,2.3,28.4975,29.6825,1.185,6.9397,5.7835,19.6791,42.889,23.0493,42.4245,0.1831,0.8334,1.00e+00,1.00e+00,False,False
IPS7100_MHC_001,temperature,day_to_day,2024-09-14,2024-09-15,223,288,2.3,2.9,29.6825,29.6195,-0.063,5.7835,4.7595,23.0493,42.4245,23.1769,40.3094,-0.012,0.8229,1.00e+00,1.00e+00,False,False
IPS7100_MHC_001,temperature,day_to_day,2024-09-15,2024-09-16,288,227,2.9,2.3,29.6195,26.0632,-3.5563,4.7595,3.581,23.1769,40.3094,21.231,34.4862,-0.8292,0.7524,1.00e+00,1.00e+00,False,False
IPS7100_MHC_001,temperature,day_to_day,2024-09-16,2024-09-18,227,103,2.3,1.0,26.0632,35.4216,9.3584,3.581,2.8185,21.231,34.4862,28.7501,40.0716,2.7754,0.7871,1.00e+00,1.00e+00,False,False
IPS7100_MHC_001,temperature,day_to_day,2024-09-18,2024-09-19,103,288,1.0,2.9,35.4216,31.4679,-3.9537,2.8185,5.272,28.7501,40.0716,25.132,42.2013,-0.8302,1.8705,1.00e+00,1.00e+00,False,False
IPS7100_MHC_001,temperature,day_to_day,2024-09-19,2024-09-20,288,288,2.9,2.9,31.4679,32.2731,0.8052,5.272,5.1,25.132,42.2013,25.4604,43.1529,0.155,0.9674,1.00e+00,1.00e+00,False,False
IPS7100_MHC_001,temperature,day_to_day,2024-09-20,2024-09-21,288,288,2.9,2.9,32.2731,31.7357,-0.5374,5.1,4.1262,25.4604,43.1529,25.3263,39.3857,-0.1156,0.8091,1.00e+00,1.00e+00,False,False
IPS7100_MHC_001,temperature,day_to_day,2024-09-21,2024-09-22,288,288,2.9,2.9,31.7357,30.852,-0.8837,4.1262,4.518,25.3263,39.3857,24.5154,40.5581,-0.2039,1.0949,1.00e+00,1.00e+00,False,False
IPS7100_MHC_001,temperature,day_to_day,2024-09-22,2024-09-23,288,287,2.9,2.9,30.852,25.8036,-5.0484,4.518,3.885,24.5154,40.5581,20.1622,33.4729,-1.1959,0.8599,1.00e+00,1.00e+00,False,False
IPS7100_MHC_001,temperature,day_to_day,2024-09-23,2024-09-24,287,259,2.9,2.6,25.8036,27.026,1.2224,3.885,6.7099,20.1622,33.4729,19.841,42.3283,0.2255,1.7272,1.00e+00,1.00e+00,False,False
IPS7100_MHC_001,temperature,day_to_day,2024-09-24,2024-09-25,259,288,2.6,2.9,27.026,25.2486,-1.7774,6.7099,4.3417,19.841,42.3283,19.3371,33.1267,-0.3174,0.6471,1.00e+00,1.00e+00,False,False
IPS7100_MHC_001,temperature,day_to_day,2024-09-25,2024-09-26,288,288,2.9,2.9,25.2486,24.7433,-0.5053,4.3417,5.1622,19.3371,33.1267,18.3926,33.9468,-0.1057,1.189,1.00e+00,1.00e+00,False,False
IPS7100_MHC_001,temperature,day_to_day,2024-09-26,2024-09-27,288,288,2.9,2.9,24.7433,25.2815,0.5382,5.1622,4.5157,18.3926,33.9468,19.3718,34.3854,0.1108,0.8748,1.00e+00,1.00e+00,False,False
IPS7100_MHC_001,temperature,day_to_day,2024-09-27,2024-09-28,288,288,2.9,2.9,25.2815,26.3391,1.0576,4.5157,4.5206,19.3718,34.3854,19.7814,35.3615,0.2337,1.0011,1.00e+00,1.00e+00,False,False
IPS7100_MHC_001,temperature,day_to_day,2024-09-28,2024-09-29,288,288,2.9,2.9,26.3391,27.4252,1.0861,4.5206,5.0842,19.7814,35.3615,20.7129,37.5401,0.2254,1.1247,1.00e+00,1.00e+00,False,False
IPS7100_MHC_001,temperature,day_to_day,2024-09-29,2024-09-30,288,288,2.9,2.9,27.4252,28.6173,1.1921,5.0842,6.7988,20.7129,37.5401,20.1872,43.5471,0.1982,1.3372,1.00e+00,1.00e+00,False,False
IPS7100_MHC_001,temperature,day_to_day,2024-09-30,2024-10-01,288,288,2.9,2.9,28.6173,28.7812,0.164,6.7988,5.3504,20.1872,43.5471,21.8423,39.0418,0.0268,0.787,1.00e+00,1.00e+00,False,False
IPS7100_MHC_001,temperature,day_to_day,2024-10-01,2024-10-02,288,288,2.9,2.9,28.7812,27.6604,-1.1209,5.3504,6.1958,21.8423,39.0418,19.6416,40.8687,-0.1933,1.158,1.00e+00,1.00e+00,False,False
IPS7100_MHC_001,temperature,day_to_day,2024-10-02,2024-10-03,288,288,2.9,2.9,27.6604,28.0773,0.4169,6.1958,5.6942,19.6416,40.8687,20.5368,38.2637,0.0699,0.919,1.00e+00,1.00e+00,False,False
IPS7100_MHC_001,temperature,day_to_day,2024-10-03,2024-10-04,288,288,2.9,2.9,28.0773,27.9774,-0.0999,5.6942,5.3311,20.5368,38.2637,20.2754,36.8711,-0.0181,0.9362,1.00e+00,1.00e+00,False,False
IPS7100_MHC_001,temperature,day_to_day,2024-10-04,2024-10-05,288,288,2.9,2.9,27.9774,27.7604,-0.217,5.3311,5.539,20.2754,36.8711,20.4673,38.1263,-0.0399,1.039,1.00e+00,1.00e+00,False,False
IPS7100_MHC_001,temperature,day_to_day,2024-10-05,2024-10-06,288,288,2.9,2.9,27.7604,28.7692,1.0088,5.539,5.2305,20.4673,38.1263,21.8476,39.5771,0.1869,0.9443,1.00e+00,1.00e+00,False,False
IPS7100_MHC_001,temperature,day_to_day,2024-10-06,2024-10-07,288,288,2.9,2.9,28.7692,28.2477,-0.5215,5.2305,5.0034,21.8476,39.5771,21.9409,39.0366,-0.1017,0.9566,1.00e+00,1.00e+00,False,False
IPS7100_MHC_001,temperature,day_to_day,2024-10-07,2024-10-08,288,288,2.9,2.9,28.2477,25.6319,-2.6158,5.0034,5.6157,21.9409,39.0366,17.8881,36.3217,-0.491,1.1224,1.00e+00,1.00e+00,False,False
IPS7100_MHC_001,temperature,day_to_day,2024-10-08,2024-10-09,288,288,2.9,2.9,25.6319,25.0892,-0.5427,5.6157,5.8853,17.8881,36.3217,17.6061,37.5828,-0.0942,1.048,1.00e+00,1.00e+00,False,False
IPS7100_MHC_001,temperature,day_to_day,2024-10-09,2024-10-10,288,288,2.9,2.9,25.0892,25.7835,0.6943,5.8853,5.5002,17.6061,37.5828,19.195,36.2024,0.1217,0.9346,1.00e+00,1.00e+00,False,False
IPS7100_MHC_001,temperature,day_to_day,2024-10-10,2024-10-11,288,288,2.9,2.9,25.7835,25.9318,0.1483,5.5002,5.1435,19.195,36.2024,18.0396,35.6755,0.0278,0.9352,1.00e+00,1.00e+00,False,False
IPS7100_MHC_001,temperature,day_to_day,2024-10-11,2024-10-12,288,288,2.9,2.9,25.9318,27.2382,1.3064,5.1435,5.3373,18.0396,35.6755,20.0094,36.9329,0.2488,1.0377,1.00e+00,1.00e+00,False,False
IPS7100_MHC_001,temperature,day_to_day,2024-10-12,2024-10-13,288,288,2.9,2.9,27.2382,28.3408,1.1026,5.3373,6.731,20.0094,36.9329,20.1907,42.9321,0.1812,1.2611,1.00e+00,1.00e+00,False,False
IPS7100_MHC_001,temperature,day_to_day,2024-10-13,2024-10-14,288,288,2.9,2.9,28.3408,25.9095,-2.4313,6.731,4.4898,20.1907,42.9321,19.0999,35.7102,-0.4242,0.667,1.00e+00,1.00e+00,False,False
IPS7100_MHC_001,temperature,day_to_day,2024-10-14,2024-10-15,288,288,2.9,2.9,25.9095,24.5605,-1.349,4.4898,7.3039,19.0999,35.7102,15.957,40.9141,-0.2221,1.6268,1.00e+00,1.00e+00,False,False
IPS7100_MHC_001,temperature,day_to_day,2024-10-15,2024-10-16,288,288,2.9,2.9,24.5605,18.3591,-6.2013,7.3039,5.2606,15.957,40.9141,10.5408,30.1111,-0.9726,0.7202,1.00e+00,1.00e+00,False,False
IPS7100_MHC_001,temperature,day_to_day,2024-10-16,2024-10-17,288,288,2.9,2.9,18.3591,15.6064,-2.7527,5.2606,5.6315,10.5408,30.1111,8.6278,27.3755,-0.5043,1.0705,1.00e+00,1.00e+00,False,False
IPS7100_MHC_001,temperature,day_to_day,2024-10-17,2024-10-18,288,288,2.9,2.9,15.6064,18.0611,2.4547,5.6315,6.0119,8.6278,27.3755,10.4075,29.5352,0.4207,1.0676,1.00e+00,1.00e+00,False,False
IPS7100_MHC_001,temperature,day_to_day,2024-10-18,2024-10-19,288,288,2.9,2.9,18.0611,21.0794,3.0183,6.0119,4.9769,10.4075,29.5352,14.7097,31.4191,0.546,0.8278,1.00e+00,1.00e+00,False,False
IPS7100_MHC_001,temperature,day_to_day,2024-10-19,2024-10-20,288,287,2.9,2.9,21.0794,21.2227,0.1433,4.9769,6.5057,14.7097,31.4191,13.1282,33.9646,0.0247,1.3072,1.00e+00,1.00e+00,False,False
IPS7100_MHC_001,temperature,day_to_day,2024-10-20,2024-10-21,287,288,2.9,2.9,21.2227,21.5953,0.3726,6.5057,5.5527,13.1282,33.9646,13.9579,31.9934,0.0615,0.8535,1.00e+00,1.00e+00,False,False
IPS7100_MHC_001,temperature,day_to_day,2024-10-21,2024-10-22,288,288,2.9,2.9,21.5953,24.5736,2.9783,5.5527,4.9779,13.9579,31.9934,18.9796,33.9861,0.5638,0.8965,1.00e+00,1.00e+00,False,False
IPS7100_MHC_001,temperature,day_to_day,2024-10-22,2024-10-23,288,288,2.9,2.9,24.5736,26.9024,2.3289,4.9779,5.6391,18.9796,33.9861,19.6,38.412,0.4371,1.1328,1.00e+00,1.00e+00,False,False
IPS7100_MHC_001,temperature,day_to_day,2024-10-23,2024-10-24,288,288,2.9,2.9,26.9024,26.2954,-0.607,5.6391,4.1969,19.6,38.412,19.7154,34.1168,-0.1219,0.7442,1.00e+00,1.00e+00,False,False
IPS7100_MHC_001,temperature,day_to_day,2024-10-24,2024-10-25,288,288,2.9,2.9,26.2954,26.1396,-0.1558,4.1969,4.9396,19.7154,34.1168,19.7326,35.5939,-0.0339,1.177,1.00e+00,1.00e+00,False,False
IPS7100_MHC_001,temperature,day_to_day,2024-10-25,2024-10-26,288,288,2.9,2.9,26.1396,25.8737,-0.2659,4.9396,4.0008,19.7326,35.5939,19.4899,35.5125,-0.0591,0.81,1.00e+00,1.00e+00,False,False
IPS7100_MHC_001,temperature,day_to_day,2024-10-26,2024-10-27,288,288,2.9,2.9,25.8737,24.0371,-1.8365,4.0008,5.703,19.4899,35.5125,16.7899,37.1529,-0.3722,1.4254,1.00e+00,1.00e+00,False,False
IPS7100_MHC_001,temperature,day_to_day,2024-10-27,2024-10-28,288,288,2.9,2.9,24.0371,25.1787,1.1416,5.703,3.6141,16.7899,37.1529,20.3697,32.5268,0.2387,0.6337,1.00e+00,1.00e+00,False,False
IPS7100_MHC_001,temperature,day_to_day,2024-10-28,2024-10-29,288,288,2.9,2.9,25.1787,25.4612,0.2824,3.6141,2.4208,20.3697,32.5268,22.448,31.6264,0.0917,0.6698,1.00e+00,1.00e+00,False,False
IPS7100_MHC_001,temperature,day_to_day,2024-10-29,2024-10-30,288,288,2.9,2.9,25.4612,25.7301,0.2689,2.4208,3.1362,22.448,31.6264,22.2948,32.4663,0.0958,1.2955,1.00e+00,1.00e+00,False,False
IPS7100_MHC_001,temperature,day_to_day,2024-10-30,2024-10-31,288,288,2.9,2.9,25.7301,22.4127,-3.3173,3.1362,4.2708,22.2948,32.4663,15.0523,29.7728,-0.8839,1.3618,1.00e+00,1.00e+00,False,False
IPS7100_MHC_001,temperature,day_to_day,2024-10-31,2024-11-01,288,288,2.9,2.9,22.4127,18.2421,-4.1707,4.2708,3.4174,15.0523,29.7728,13.8199,26.8754,-1.0765,0.8002,1.00e+00,1.00e+00,False,False
IPS7100_MHC_001,temperature,day_to_day,2024-11-01,2024-11-02,288,288,2.9,2.9,18.2421,21.0854,2.8434,3.4174,2.0655,13.8199,26.8754,19.1665,25.5343,1.0053,0.6044,1.00e+00,1.00e+00,False,False
IPS7100_MHC_001,temperature,day_to_day,2024-11-02,2024-11-03,288,288,2.9,2.9,21.0854,22.7085,1.6231,2.0655,1.0492,19.1665,25.5343,19.6912,24.01,0.9891,0.5079,1.00e+00,1.00e+00,False,False
IPS7100_MHC_001,temperature,day_to_day,2024-11-03,2024-11-04,288,288,2.9,288.0,22.7085,23.9851,1.2766,1.0492,0.0,19.6912,24.01,23.9851,23.9851,1.7178,0.0,1.00e+00,1.00e+00,False,False
IPS7100_MHC_001,temperature,day_to_day,2024-11-04,2024-11-05,288,288,288.0,288.0,23.9851,23.9851,0.0,0.0,0.0,23.9851,23.9851,23.9851,23.9851,0.0,1.0,1.00e+00,1.00e+00,False,False
IPS7100_MHC_001,temperature,day_to_day,2024-11-05,2024-11-06,288,288,288.0,288.0,23.9851,23.9851,0.0,0.0,0.0,23.9851,23.9851,23.9851,23.9851,0.0,1.0,1.00e+00,1.00e+00,False,False
IPS7100_MHC_001,temperature,day_to_day,2024-11-06,2024-11-07,288,288,288.0,288.0,23.9851,23.9851,0.0,0.0,0.0,23.9851,23.9851,23.9851,23.9851,0.0,1.0,1.00e+00,1.00e+00,False,False
IPS7100_MHC_001,temperature,day_to_day,2024-11-07,2024-11-08,288,288,288.0,288.0,23.9851,23.9851,0.0,0.0,0.0,23.9851,23.9851,23.9851,23.9851,0.0,1.0,1.00e+00,1.00e+00,False,False
IPS7100_MHC_001,temperature,day_to_day,2024-11-08,2024-11-09,288,288,288.0,288.0,23.9851,23.9851,0.0,0.0,0.0,23.9851,23.9851,23.9851,23.9851,0.0,1.0,1.00e+00,1.00e+00,False,False
IPS7100_MHC_001,temperature,day_to_day,2024-11-09,2024-11-10,288,288,288.0,288.0,23.9851,23.9851,0.0,0.0,0.0,23.9851,23.9851,23.9851,23.9851,0.0,1.0,1.00e+00,1.00e+00,False,False
IPS7100_MHC_001,temperature,day_to_day,2024-11-10,2024-11-11,288,186,288.0,186.0,23.9851,23.9851,0.0,0.0,0.0,23.9851,23.9851,23.9851,23.9851,0.0,1.0,1.00e+00,1.00e+00,False,False
IPS7100_MHC_001,temperature,day_to_day,2024-11-11,2024-11-12,186,47,186.0,47.0,23.9851,23.9851,0.0,0.0,0.0,23.9851,23.9851,23.9851,23.9851,0.0,1.0,1.00e+00,1.00e+00,False,False
IPS7100_MHC_001,temperature,day_to_day,2024-11-12,2024-11-13,47,288,47.0,288.0,23.9851,23.9851,-0.0,0.0,0.0,23.9851,23.9851,23.9851,23.9851,0.0,1.0,1.00e+00,1.00e+00,False,False
IPS7100_MHC_001,temperature,day_to_day,2024-11-13,2024-11-14,288,288,288.0,288.0,23.9851,23.9851,0.0,0.0,0.0,23.9851,23.9851,23.9851,23.9851,0.0,1.0,1.00e+00,1.00e+00,False,False
IPS7100_MHC_001,temperature,day_to_day,2024-11-14,2024-11-15,288,288,288.0,288.0,23.9851,23.9851,0.0,0.0,0.0,23.9851,23.9851,23.9851,23.9851,0.0,1.0,1.00e+00,1.00e+00,False,False
IPS7100_MHC_001,temperature,day_to_day,2024-11-15,2024-11-16,288,288,288.0,288.0,23.9851,23.9851,0.0,0.0,0.0,23.9851,23.9851,23.9851,23.9851,0.0,1.0,1.00e+00,1.00e+00,False,False
IPS7100_MHC_001,temperature,day_to_day,2024-11-16,2024-11-17,288,288,288.0,288.0,23.9851,23.9851,0.0,0.0,0.0,23.9851,23.9851,23.9851,23.9851,0.0,1.0,1.00e+00,1.00e+00,False,False
IPS7100_MHC_001,temperature,day_to_day,2024-11-17,2024-11-18,288,288,288.0,288.0,23.9851,23.9851,0.0,0.0,0.0,23.9851,23.9851,23.9851,23.9851,0.0,1.0,1.00e+00,1.00e+00,False,False
IPS7100_MHC_001,temperature,day_to_day,2024-11-18,2024-11-19,288,288,288.0,288.0,23.9851,23.9851,0.0,0.0,0.0,23.9851,23.9851,23.9851,23.9851,0.0,1.0,1.00e+00,1.00e+00,False,False
IPS7100_MHC_001,temperature,day_to_day,2024-11-19,2024-11-20,288,261,288.0,261.0,23.9851,23.9851,0.0,0.0,0.0,23.9851,23.9851,23.9851,23.9851,0.0,1.0,1.00e+00,1.00e+00,False,False
IPS7100_MHC_001,temperature,day_to_day,2024-11-20,2024-11-21,261,288,261.0,288.0,23.9851,23.9851,-0.0,0.0,0.0,23.9851,23.9851,23.9851,23.9851,0.0,1.0,1.00e+00,1.00e+00,False,False
IPS7100_MHC_001,temperature,day_to_day,2024-11-21,2024-11-22,288,288,288.0,288.0,23.9851,23.9851,0.0,0.0,0.0,23.9851,23.9851,23.9851,23.9851,0.0,1.0,1.00e+00,1.00e+00,False,False
IPS7100_MHC_001,temperature,day_to_day,2024-11-22,2024-11-23,288,288,288.0,288.0,23.9851,23.9851,-0.0,0.0,0.0,23.9851,23.9851,23.9851,23.9851,0.0,1.0,1.00e+00,1.00e+00,False,False
IPS7100_MHC_001,temperature,day_to_day,2024-11-23,2024-11-24,288,288,288.0,288.0,23.9851,23.9851,0.0,0.0,0.0,23.9851,23.9851,23.9851,23.9851,0.0,1.0,1.00e+00,1.00e+00,False,False
IPS7100_MHC_001,temperature,day_to_day,2024-11-24,2024-11-25,288,288,288.0,288.0,23.9851,23.9851,0.0,0.0,0.0,23.9851,23.9851,23.9851,23.9851,0.0,1.0,1.00e+00,1.00e+00,False,False
IPS7100_MHC_001,temperature,day_to_day,2024-11-25,2024-11-26,288,288,288.0,288.0,23.9851,23.9851,0.0,0.0,0.0,23.9851,23.9851,23.9851,23.9851,0.0,1.0,1.00e+00,1.00e+00,False,False
IPS7100_MHC_001,temperature,day_to_day,2024-11-26,2024-11-27,288,288,288.0,288.0,23.9851,23.9851,0.0,0.0,0.0,23.9851,23.9851,23.9851,23.9851,0.0,1.0,1.00e+00,1.00e+00,False,False
IPS7100_MHC_001,temperature,day_to_day,2024-11-27,2024-11-28,288,288,288.0,288.0,23.9851,23.9851,0.0,0.0,0.0,23.9851,23.9851,23.9851,23.9851,0.0,1.0,1.00e+00,1.00e+00,False,False
IPS7100_MHC_001,temperature,day_to_day,2024-11-28,2024-11-29,288,288,288.0,288.0,23.9851,23.9851,0.0,0.0,0.0,23.9851,23.9851,23.9851,23.9851,0.0,1.0,1.00e+00,1.00e+00,False,False
IPS7100_MHC_001,temperature,day_to_day,2024-11-29,2024-11-30,288,288,288.0,288.0,23.9851,23.9851,-0.0,0.0,0.0,23.9851,23.9851,23.9851,23.9851,0.0,1.0,1.00e+00,1.00e+00,False,False
IPS7100_MHC_001,temperature,day_to_day,2024-11-30,2024-12-01,288,288,288.0,288.0,23.9851,23.9851,0.0,0.0,0.0,23.9851,23.9851,23.9851,23.9851,0.0,1.0,1.00e+00,1.00e+00,False,False
IPS7100_MHC_001,temperature,day_to_day,2024-12-01,2024-12-02,288,288,288.0,288.0,23.9851,23.9851,0.0,0.0,0.0,23.9851,23.9851,23.9851,23.9851,0.0,1.0,1.00e+00,1.00e+00,False,False
IPS7100_MHC_001,temperature,day_to_day,2024-12-02,2024-12-03,288,288,288.0,288.0,23.9851,23.9851,0.0,0.0,0.0,23.9851,23.9851,23.9851,23.9851,0.0,1.0,1.00e+00,1.00e+00,False,False
IPS7100_MHC_001,temperature,day_to_day,2024-12-03,2024-12-04,288,288,288.0,288.0,23.9851,23.9851,0.0,0.0,0.0,23.9851,23.9851,23.9851,23.9851,0.0,1.0,1.00e+00,1.00e+00,False,False
IPS7100_MHC_001,temperature,day_to_day,2024-12-04,2024-12-05,288,288,288.0,288.0,23.9851,23.9851,0.0,0.0,0.0,23.9851,23.9851,23.9851,23.9851,0.0,1.0,1.00e+00,1.00e+00,False,False
IPS7100_MHC_001,temperature,day_to_day,2024-12-05,2024-12-06,288,288,288.0,288.0,23.9851,23.9851,0.0,0.0,0.0,23.9851,23.9851,23.9851,23.9851,0.0,1.0,1.00e+00,1.00e+00,False,False
IPS7100_MHC_001,temperature,day_to_day,2024-12-06,2024-12-07,288,288,288.0,288.0,23.9851,23.9851,-0.0,0.0,0.0,23.9851,23.9851,23.9851,23.9851,0.0,1.0,1.00e+00,1.00e+00,False,False
IPS7100_MHC_001,temperature,day_to_day,2024-12-07,2024-12-08,288,288,288.0,288.0,23.9851,23.9851,0.0,0.0,0.0,23.9851,23.9851,23.9851,23.9851,0.0,1.0,1.00e+00,1.00e+00,False,False
IPS7100_MHC_001,temperature,day_to_day,2024-12-08,2024-12-09,288,288,288.0,288.0,23.9851,23.9851,0.0,0.0,0.0,23.9851,23.9851,23.9851,23.9851,0.0,1.0,1.00e+00,1.00e+00,False,False
IPS7100_MHC_001,temperature,day_to_day,2024-12-09,2024-12-10,288,288,288.0,288.0,23.9851,23.9851,0.0,0.0,0.0,23.9851,23.9851,23.9851,23.9851,0.0,1.0,1.00e+00,1.00e+00,False,False
IPS7100_MHC_001,temperature,day_to_day,2024-12-10,2024-12-11,288,288,288.0,288.0,23.9851,23.9851,0.0,0.0,0.0,23.9851,23.9851,23.9851,23.9851,0.0,1.0,1.00e+00,1.00e+00,False,False
IPS7100_MHC_001,temperature,day_to_day,2024-12-11,2024-12-12,288,288,288.0,288.0,23.9851,23.9851,0.0,0.0,0.0,23.9851,23.9851,23.9851,23.9851,0.0,1.0,1.00e+00,1.00e+00,False,False
IPS7100_MHC_001,temperature,day_to_day,2024-12-12,2024-12-13,288,288,288.0,288.0,23.9851,23.9851,0.0,0.0,0.0,23.9851,23.9851,23.9851,23.9851,0.0,1.0,1.00e+00,1.00e+00,False,False
IPS7100_MHC_001,temperature,day_to_day,2024-12-13,2024-12-14,288,288,288.0,288.0,23.9851,23.9851,0.0,0.0,0.0,23.9851,23.9851,23.9851,23.9851,0.0,1.0,1.00e+00,1.00e+00,False,False
IPS7100_MHC_001,temperature,day_to_day,2024-12-14,2024-12-15,288,288,288.0,288.0,23.9851,23.9851,0.0,0.0,0.0,23.9851,23.9851,23.9851,23.9851,0.0,1.0,1.00e+00,1.00e+00,False,False
IPS7100_MHC_001,temperature,day_to_day,2024-12-15,2024-12-16,288,288,288.0,288.0,23.9851,23.9851,0.0,0.0,0.0,23.9851,23.9851,23.9851,23.9851,0.0,1.0,1.00e+00,1.00e+00,False,False
IPS7100_MHC_001,temperature,day_to_day,2024-12-16,2024-12-17,288,288,288.0,288.0,23.9851,23.9851,0.0,0.0,0.0,23.9851,23.9851,23.9851,23.9851,0.0,1.0,1.00e+00,1.00e+00,False,False
IPS7100_MHC_001,temperature,day_to_day,2024-12-17,2024-12-18,288,288,288.0,288.0,23.9851,23.9851,0.0,0.0,0.0,23.9851,23.9851,23.9851,23.9851,0.0,1.0,1.00e+00,1.00e+00,False,False
IPS7100_MHC_001,temperature,day_to_day,2024-12-18,2024-12-19,288,288,288.0,288.0,23.9851,23.9851,0.0,0.0,0.0,23.9851,23.9851,23.9851,23.9851,0.0,1.0,1.00e+00,1.00e+00,False,False
IPS7100_MHC_001,temperature,day_to_day,2024-12-19,2024-12-20,288,288,288.0,288.0,23.9851,23.9851,0.0,0.0,0.0,23.9851,23.9851,23.9851,23.9851,0.0,1.0,1.00e+00,1.00e+00,False,False
IPS7100_MHC_001,temperature,day_to_day,2024-12-20,2024-12-21,288,287,288.0,287.0,23.9851,23.9851,0.0,0.0,0.0,23.9851,23.9851,23.9851,23.9851,0.0,1.0,1.00e+00,1.00e+00,False,False
IPS7100_MHC_001,temperature,day_to_day,2024-12-21,2024-12-22,287,288,287.0,288.0,23.9851,23.9851,-0.0,0.0,0.0,23.9851,23.9851,23.9851,23.9851,0.0,1.0,1.00e+00,1.00e+00,False,False
IPS7100_MHC_001,temperature,day_to_day,2024-12-22,2024-12-23,288,288,288.0,288.0,23.9851,23.9851,0.0,0.0,0.0,23.9851,23.9851,23.9851,23.9851,0.0,1.0,1.00e+00,1.00e+00,False,False
IPS7100_MHC_001,temperature,day_to_day,2024-12-23,2024-12-24,288,110,288.0,110.0,23.9851,23.9851,0.0,0.0,0.0,23.9851,23.9851,23.9851,23.9851,0.0,1.0,1.00e+00,1.00e+00,False,False
IPS7100_MHC_001,temperature,day_to_day,2024-12-24,2024-12-25,110,179,110.0,179.0,23.9851,23.9851,-0.0,0.0,0.0,23.9851,23.9851,23.9851,23.9851,0.0,1.0,1.00e+00,1.00e+00,False,False
IPS7100_MHC_001,temperature,day_to_day,2024-12-25,2024-12-26,179,288,179.0,288.0,23.9851,23.9851,-0.0,0.0,0.0,23.9851,23.9851,23.9851,23.9851,0.0,1.0,1.00e+00,1.00e+00,False,False
IPS7100_MHC_001,temperature,day_to_day,2024-12-26,2024-12-27,288,288,288.0,288.0,23.9851,23.9851,0.0,0.0,0.0,23.9851,23.9851,23.9851,23.9851,0.0,1.0,1.00e+00,1.00e+00,False,False
IPS7100_MHC_001,temperature,day_to_day,2024-12-27,2024-12-28,288,288,288.0,288.0,23.9851,23.9851,0.0,0.0,0.0,23.9851,23.9851,23.9851,23.9851,0.0,1.0,1.00e+00,1.00e+00,False,False
IPS7100_MHC_001,temperature,day_to_day,2024-12-28,2024-12-29,288,288,288.0,288.0,23.9851,23.9851,0.0,0.0,0.0,23.9851,23.9851,23.9851,23.9851,0.0,1.0,1.00e+00,1.00e+00,False,False
IPS7100_MHC_001,temperature,day_to_day,2024-12-29,2024-12-30,288,288,288.0,288.0,23.9851,23.9851,0.0,0.0,0.0,23.9851,23.9851,23.9851,23.9851,0.0,1.0,1.00e+00,1.00e+00,False,False
IPS7100_MHC_001,temperature,day_to_day,2024-12-30,2024-12-31,288,288,288.0,288.0,23.9851,23.9851,0.0,0.0,0.0,23.9851,23.9851,23.9851,23.9851,0.0,1.0,1.00e+00,1.00e+00,False,False
IPS7100_MHC_001,temperature,day_to_day,2024-12-31,2025-01-01,288,288,288.0,288.0,23.9851,23.9851,0.0,0.0,0.0,23.9851,23.9851,23.9851,23.9851,0.0,1.0,1.00e+00,1.00e+00,False,False
IPS7100_MHC_001,temperature,day_to_day,2025-01-01,2025-01-02,288,288,288.0,288.0,23.9851,23.9851,0.0,0.0,0.0,23.9851,23.9851,23.9851,23.9851,0.0,1.0,1.00e+00,1.00e+00,False,False
IPS7100_MHC_001,temperature,day_to_day,2025-01-02,2025-01-03,288,288,288.0,288.0,23.9851,23.9851,0.0,0.0,0.0,23.9851,23.9851,23.9851,23.9851,0.0,1.0,1.00e+00,1.00e+00,False,False
IPS7100_MHC_001,temperature,day_to_day,2025-01-03,2025-01-04,288,288,288.0,288.0,23.9851,23.9851,0.0,0.0,0.0,23.9851,23.9851,23.9851,23.9851,0.0,1.0,1.00e+00,1.00e+00,False,False
IPS7100_MHC_001,temperature,day_to_day,2025-01-04,2025-01-05,288,288,288.0,288.0,23.9851,23.9851,0.0,0.0,0.0,23.9851,23.9851,23.9851,23.9851,0.0,1.0,1.00e+00,1.00e+00,False,False
IPS7100_MHC_001,temperature,day_to_day,2025-01-05,2025-01-06,288,288,288.0,288.0,23.9851,23.9851,0.0,0.0,0.0,23.9851,23.9851,23.9851,23.9851,0.0,1.0,1.00e+00,1.00e+00,False,False
IPS7100_MHC_001,temperature,day_to_day,2025-01-06,2025-01-07,288,288,288.0,288.0,23.9851,23.9851,0.0,0.0,0.0,23.9851,23.9851,23.9851,23.9851,0.0,1.0,1.00e+00,1.00e+00,False,False
IPS7100_MHC_001,temperature,day_to_day,2025-01-07,2025-01-08,288,288,288.0,288.0,23.9851,23.9851,0.0,0.0,0.0,23.9851,23.9851,23.9851,23.9851,0.0,1.0,1.00e+00,1.00e+00,False,False
IPS7100_MHC_001,temperature,day_to_day,2025-01-08,2025-01-09,288,288,288.0,288.0,23.9851,23.9851,0.0,0.0,0.0,23.9851,23.9851,23.9851,23.9851,0.0,1.0,1.00e+00,1.00e+00,False,False
IPS7100_MHC_001,temperature,day_to_day,2025-01-09,2025-01-10,288,288,288.0,288.0,23.9851,23.9851,0.0,0.0,0.0,23.9851,23.9851,23.9851,23.9851,0.0,1.0,1.00e+00,1.00e+00,False,False
IPS7100_MHC_001,temperature,day_to_day,2025-01-10,2025-01-11,288,288,288.0,288.0,23.9851,23.9851,0.0,0.0,0.0,23.9851,23.9851,23.9851,23.9851,0.0,1.0,1.00e+00,1.00e+00,False,False
IPS7100_MHC_001,temperature,day_to_day,2025-01-11,2025-01-12,288,288,288.0,288.0,23.9851,23.9851,0.0,0.0,0.0,23.9851,23.9851,23.9851,23.9851,0.0,1.0,1.00e+00,1.00e+00,False,False
IPS7100_MHC_001,temperature,day_to_day,2025-01-12,2025-01-13,288,288,288.0,288.0,23.9851,23.9851,0.0,0.0,0.0,23.9851,23.9851,23.9851,23.9851,0.0,1.0,1.00e+00,1.00e+00,False,False
IPS7100_MHC_001,temperature,day_to_day,2025-01-13,2025-01-14,288,288,288.0,288.0,23.9851,23.9851,0.0,0.0,0.0,23.9851,23.9851,23.9851,23.9851,0.0,1.0,1.00e+00,1.00e+00,False,False
IPS7100_MHC_001,temperature,day_to_day,2025-01-14,2025-01-15,288,288,288.0,288.0,23.9851,23.9851,0.0,0.0,0.0,23.9851,23.9851,23.9851,23.9851,0.0,1.0,1.00e+00,1.00e+00,False,False
IPS7100_MHC_001,temperature,day_to_day,2025-01-15,2025-01-16,288,288,288.0,288.0,23.9851,23.9851,0.0,0.0,0.0,23.9851,23.9851,23.9851,23.9851,0.0,1.0,1.00e+00,1.00e+00,False,False
IPS7100_MHC_001,temperature,day_to_day,2025-01-16,2025-01-17,288,288,288.0,288.0,23.9851,23.9851,0.0,0.0,0.0,23.9851,23.9851,23.9851,23.9851,0.0,1.0,1.00e+00,1.00e+00,False,False
IPS7100_MHC_001,temperature,day_to_day,2025-01-17,2025-01-18,288,288,288.0,288.0,23.9851,23.9851,0.0,0.0,0.0,23.9851,23.9851,23.9851,23.9851,0.0,1.0,1.00e+00,1.00e+00,False,False
IPS7100_MHC_001,temperature,day_to_day,2025-01-18,2025-01-19,288,288,288.0,288.0,23.9851,23.9851,0.0,0.0,0.0,23.9851,23.9851,23.9851,23.9851,0.0,1.0,1.00e+00,1.00e+00,False,False
IPS7100_MHC_001,temperature,day_to_day,2025-01-19,2025-01-20,288,288,288.0,288.0,23.9851,23.9851,0.0,0.0,0.0,23.9851,23.9851,23.9851,23.9851,0.0,1.0,1.00e+00,1.00e+00,False,False
IPS7100_MHC_001,temperature,day_to_day,2025-01-20,2025-01-21,288,288,288.0,288.0,23.9851,23.9851,0.0,0.0,0.0,23.9851,23.9851,23.9851,23.9851,0.0,1.0,1.00e+00,1.00e+00,False,False
IPS7100_MHC_001,temperature,day_to_day,2025-01-21,2025-01-22,288,288,288.0,288.0,23.9851,23.9851,0.0,0.0,0.0,23.9851,23.9851,23.9851,23.9851,0.0,1.0,1.00e+00,1.00e+00,False,False
IPS7100_MHC_001,temperature,day_to_day,2025-01-22,2025-01-23,288,288,288.0,288.0,23.9851,23.9851,0.0,0.0,0.0,23.9851,23.9851,23.9851,23.9851,0.0,1.0,1.00e+00,1.00e+00,False,False
IPS7100_MHC_001,temperature,day_to_day,2025-01-23,2025-01-24,288,288,288.0,288.0,23.9851,23.9851,0.0,0.0,0.0,23.9851,23.9851,23.9851,23.9851,0.0,1.0,1.00e+00,1.00e+00,False,False
IPS7100_MHC_001,temperature,day_to_day,2025-01-24,2025-01-25,288,288,288.0,288.0,23.9851,23.9851,0.0,0.0,0.0,23.9851,23.9851,23.9851,23.9851,0.0,1.0,1.00e+00,1.00e+00,False,False
IPS7100_MHC_001,temperature,day_to_day,2025-01-25,2025-01-26,288,288,288.0,288.0,23.9851,23.9851,0.0,0.0,0.0,23.9851,23.9851,23.9851,23.9851,0.0,1.0,1.00e+00,1.00e+00,False,False
IPS7100_MHC_001,temperature,day_to_day,2025-01-26,2025-01-27,288,288,288.0,288.0,23.9851,23.9851,0.0,0.0,0.0,23.9851,23.9851,23.9851,23.9851,0.0,1.0,1.00e+00,1.00e+00,False,False
IPS7100_MHC_001,temperature,day_to_day,2025-01-27,2025-01-28,288,288,288.0,288.0,23.9851,23.9851,0.0,0.0,0.0,23.9851,23.9851,23.9851,23.9851,0.0,1.0,1.00e+00,1.00e+00,False,False
IPS7100_MHC_001,temperature,day_to_day,2025-01-28,2025-01-29,288,288,288.0,288.0,23.9851,23.9851,0.0,0.0,0.0,23.9851,23.9851,23.9851,23.9851,0.0,1.0,1.00e+00,1.00e+00,False,False
IPS7100_MHC_001,temperature,day_to_day,2025-01-29,2025-01-30,288,288,288.0,288.0,23.9851,23.9851,0.0,0.0,0.0,23.9851,23.9851,23.9851,23.9851,0.0,1.0,1.00e+00,1.00e+00,False,False
IPS7100_MHC_001,temperature,day_to_day,2025-01-30,2025-01-31,288,288,288.0,288.0,23.9851,23.9851,0.0,0.0,0.0,23.9851,23.9851,23.9851,23.9851,0.0,1.0,1.00e+00,1.00e+00,False,False
IPS7100_MHC_001,temperature,day_to_day,2025-01-31,2025-02-01,288,288,288.0,288.0,23.9851,23.9851,0.0,0.0,0.0,23.9851,23.9851,23.9851,23.9851,0.0,1.0,1.00e+00,1.00e+00,False,False
IPS7100_MHC_001,temperature,day_to_day,2025-02-01,2025-02-02,288,288,288.0,288.0,23.9851,23.9851,0.0,0.0,0.0,23.9851,23.9851,23.9851,23.9851,0.0,1.0,1.00e+00,1.00e+00,False,False
IPS7100_MHC_001,temperature,day_to_day,2025-02-02,2025-02-03,288,288,288.0,288.0,23.9851,23.9851,0.0,0.0,0.0,23.9851,23.9851,23.9851,23.9851,0.0,1.0,1.00e+00,1.00e+00,False,False
IPS7100_MHC_001,temperature,day_to_day,2025-02-03,2025-02-04,288,288,288.0,288.0,23.9851,23.9851,0.0,0.0,0.0,23.9851,23.9851,23.9851,23.9851,0.0,1.0,1.00e+00,1.00e+00,False,False
IPS7100_MHC_001,temperature,day_to_day,2025-02-04,2025-02-05,288,288,288.0,288.0,23.9851,23.9851,0.0,0.0,0.0,23.9851,23.9851,23.9851,23.9851,0.0,1.0,1.00e+00,1.00e+00,False,False
IPS7100_MHC_001,temperature,day_to_day,2025-02-05,2025-02-06,288,288,288.0,288.0,23.9851,23.9851,0.0,0.0,0.0,23.9851,23.9851,23.9851,23.9851,0.0,1.0,1.00e+00,1.00e+00,False,False
IPS7100_MHC_001,temperature,day_to_day,2025-02-06,2025-02-07,288,288,288.0,288.0,23.9851,23.9851,0.0,0.0,0.0,23.9851,23.9851,23.9851,23.9851,0.0,1.0,1.00e+00,1.00e+00,False,False
IPS7100_MHC_001,temperature,day_to_day,2025-02-07,2025-02-08,288,288,288.0,288.0,23.9851,23.9851,0.0,0.0,0.0,23.9851,23.9851,23.9851,23.9851,0.0,1.0,1.00e+00,1.00e+00,False,False
IPS7100_MHC_001,temperature,day_to_day,2025-02-08,2025-02-09,288,288,288.0,288.0,23.9851,23.9851,0.0,0.0,0.0,23.9851,23.9851,23.9851,23.9851,0.0,1.0,1.00e+00,1.00e+00,False,False
IPS7100_MHC_001,temperature,day_to_day,2025-02-09,2025-02-10,288,288,288.0,288.0,23.9851,23.9851,0.0,0.0,0.0,23.9851,23.9851,23.9851,23.9851,0.0,1.0,1.00e+00,1.00e+00,False,False
IPS7100_MHC_001,temperature,day_to_day,2025-02-10,2025-02-11,288,288,288.0,288.0,23.9851,23.9851,0.0,0.0,0.0,23.9851,23.9851,23.9851,23.9851,0.0,1.0,1.00e+00,1.00e+00,False,False
IPS7100_MHC_001,temperature,day_to_day,2025-02-11,2025-02-12,288,288,288.0,288.0,23.9851,23.9851,0.0,0.0,0.0,23.9851,23.9851,23.9851,23.9851,0.0,1.0,1.00e+00,1.00e+00,False,False
IPS7100_MHC_001,temperature,day_to_day,2025-02-12,2025-02-13,288,288,288.0,288.0,23.9851,23.9851,0.0,0.0,0.0,23.9851,23.9851,23.9851,23.9851,0.0,1.0,1.00e+00,1.00e+00,False,False
IPS7100_MHC_001,temperature,day_to_day,2025-02-13,2025-02-14,288,288,288.0,288.0,23.9851,23.9851,0.0,0.0,0.0,23.9851,23.9851,23.9851,23.9851,0.0,1.0,1.00e+00,1.00e+00,False,False
IPS7100_MHC_001,temperature,day_to_day,2025-02-14,2025-02-15,288,288,288.0,288.0,23.9851,23.9851,0.0,0.0,0.0,23.9851,23.9851,23.9851,23.9851,0.0,1.0,1.00e+00,1.00e+00,False,False
IPS7100_MHC_001,temperature,day_to_day,2025-02-15,2025-02-16,288,288,288.0,288.0,23.9851,23.9851,0.0,0.0,0.0,23.9851,23.9851,23.9851,23.9851,0.0,1.0,1.00e+00,1.00e+00,False,False
IPS7100_MHC_001,temperature,day_to_day,2025-02-16,2025-02-17,288,288,288.0,288.0,23.9851,23.9851,0.0,0.0,0.0,23.9851,23.9851,23.9851,23.9851,0.0,1.0,1.00e+00,1.00e+00,False,False
IPS7100_MHC_001,temperature,day_to_day,2025-02-17,2025-02-18,288,288,288.0,288.0,23.9851,23.9851,0.0,0.0,0.0,23.9851,23.9851,23.9851,23.9851,0.0,1.0,1.00e+00,1.00e+00,False,False
IPS7100_MHC_001,temperature,day_to_day,2025-02-18,2025-02-19,288,288,288.0,288.0,23.9851,23.9851,0.0,0.0,0.0,23.9851,23.9851,23.9851,23.9851,0.0,1.0,1.00e+00,1.00e+00,False,False
IPS7100_MHC_001,temperature,day_to_day,2025-02-19,2025-02-20,288,288,288.0,288.0,23.9851,23.9851,0.0,0.0,0.0,23.9851,23.9851,23.9851,23.9851,0.0,1.0,1.00e+00,1.00e+00,False,False
IPS7100_MHC_001,temperature,day_to_day,2025-02-20,2025-02-21,288,288,288.0,288.0,23.9851,23.9851,0.0,0.0,0.0,23.9851,23.9851,23.9851,23.9851,0.0,1.0,1.00e+00,1.00e+00,False,False
IPS7100_MHC_001,temperature,day_to_day,2025-02-21,2025-02-22,288,288,288.0,288.0,23.9851,23.9851,0.0,0.0,0.0,23.9851,23.9851,23.9851,23.9851,0.0,1.0,1.00e+00,1.00e+00,False,False
IPS7100_MHC_001,temperature,day_to_day,2025-02-22,2025-02-23,288,288,288.0,288.0,23.9851,23.9851,0.0,0.0,0.0,23.9851,23.9851,23.9851,23.9851,0.0,1.0,1.00e+00,1.00e+00,False,False
IPS7100_MHC_001,temperature,day_to_day,2025-02-23,2025-02-24,288,288,288.0,288.0,23.9851,23.9851,0.0,0.0,0.0,23.9851,23.9851,23.9851,23.9851,0.0,1.0,1.00e+00,1.00e+00,False,False
IPS7100_MHC_001,temperature,day_to_day,2025-02-24,2025-02-25,288,288,288.0,288.0,23.9851,23.9851,0.0,0.0,0.0,23.9851,23.9851,23.9851,23.9851,0.0,1.0,1.00e+00,1.00e+00,False,False
IPS7100_MHC_001,temperature,day_to_day,2025-02-25,2025-02-26,288,288,288.0,288.0,23.9851,23.9851,0.0,0.0,0.0,23.9851,23.9851,23.9851,23.9851,0.0,1.0,1.00e+00,1.00e+00,False,False
IPS7100_MHC_001,temperature,day_to_day,2025-02-26,2025-02-27,288,288,288.0,288.0,23.9851,23.9851,0.0,0.0,0.0,23.9851,23.9851,23.9851,23.9851,0.0,1.0,1.00e+00,1.00e+00,False,False
IPS7100_MHC_001,temperature,day_to_day,2025-02-27,2025-02-28,288,156,288.0,156.0,23.9851,23.9851,0.0,0.0,0.0,23.9851,23.9851,23.9851,23.9851,0.0,1.0,1.00e+00,1.00e+00,False,False
IPS7100_MHC_001,temperature,day_to_day,2025-02-28,2025-03-01,156,288,156.0,288.0,23.9851,23.9851,-0.0,0.0,0.0,23.9851,23.9851,23.9851,23.9851,0.0,1.0,1.00e+00,1.00e+00,False,False
IPS7100_MHC_001,temperature,day_to_day,2025-03-01,2025-03-02,288,288,288.0,288.0,23.9851,23.9851,0.0,0.0,0.0,23.9851,23.9851,23.9851,23.9851,0.0,1.0,1.00e+00,1.00e+00,False,False
IPS7100_MHC_001,temperature,day_to_day,2025-03-02,2025-03-03,288,288,288.0,288.0,23.9851,23.9851,-0.0,0.0,0.0,23.9851,23.9851,23.9851,23.9851,0.0,1.0,1.00e+00,1.00e+00,False,False
IPS7100_MHC_001,temperature,day_to_day,2025-03-03,2025-03-04,288,288,288.0,288.0,23.9851,23.9851,0.0,0.0,0.0,23.9851,23.9851,23.9851,23.9851,0.0,1.0,1.00e+00,1.00e+00,False,False
IPS7100_MHC_001,temperature,day_to_day,2025-03-04,2025-03-05,288,288,288.0,288.0,23.9851,23.9851,0.0,0.0,0.0,23.9851,23.9851,23.9851,23.9851,0.0,1.0,1.00e+00,1.00e+00,False,False
IPS7100_MHC_001,temperature,day_to_day,2025-03-05,2025-03-06,288,288,288.0,288.0,23.9851,23.9851,0.0,0.0,0.0,23.9851,23.9851,23.9851,23.9851,0.0,1.0,1.00e+00,1.00e+00,False,False
IPS7100_MHC_001,temperature,day_to_day,2025-03-06,2025-03-07,288,288,288.0,288.0,23.9851,23.9851,0.0,0.0,0.0,23.9851,23.9851,23.9851,23.9851,0.0,1.0,1.00e+00,1.00e+00,False,False
IPS7100_MHC_001,temperature,day_to_day,2025-03-07,2025-03-08,288,288,288.0,288.0,23.9851,23.9851,0.0,0.0,0.0,23.9851,23.9851,23.9851,23.9851,0.0,1.0,1.00e+00,1.00e+00,False,False
IPS7100_MHC_001,temperature,day_to_day,2025-03-08,2025-03-09,288,288,288.0,288.0,23.9851,23.9851,0.0,0.0,0.0,23.9851,23.9851,23.9851,23.9851,0.0,1.0,1.00e+00,1.00e+00,False,False
IPS7100_MHC_001,temperature,day_to_day,2025-03-09,2025-03-10,288,288,288.0,288.0,23.9851,23.9851,0.0,0.0,0.0,23.9851,23.9851,23.9851,23.9851,0.0,1.0,1.00e+00,1.00e+00,False,False
IPS7100_MHC_001,temperature,day_to_day,2025-03-10,2025-03-11,288,288,288.0,288.0,23.9851,23.9851,0.0,0.0,0.0,23.9851,23.9851,23.9851,23.9851,0.0,1.0,1.00e+00,1.00e+00,False,False
IPS7100_MHC_001,temperature,day_to_day,2025-03-11,2025-03-12,288,288,288.0,288.0,23.9851,23.9851,0.0,0.0,0.0,23.9851,23.9851,23.9851,23.9851,0.0,1.0,1.00e+00,1.00e+00,False,False
IPS7100_MHC_001,temperature,day_to_day,2025-03-12,2025-03-13,288,288,288.0,288.0,23.9851,23.9851,0.0,0.0,0.0,23.9851,23.9851,23.9851,23.9851,0.0,1.0,1.00e+00,1.00e+00,False,False
IPS7100_MHC_001,temperature,day_to_day,2025-03-13,2025-03-14,288,288,288.0,288.0,23.9851,23.9851,0.0,0.0,0.0,23.9851,23.9851,23.9851,23.9851,0.0,1.0,1.00e+00,1.00e+00,False,False
IPS7100_MHC_001,temperature,day_to_day,2025-03-14,2025-03-15,288,288,288.0,288.0,23.9851,23.9851,-0.0,0.0,0.0,23.9851,23.9851,23.9851,23.9851,0.0,1.0,1.00e+00,1.00e+00,False,False
IPS7100_MHC_001,temperature,day_to_day,2025-03-15,2025-03-16,288,288,288.0,288.0,23.9851,23.9851,0.0,0.0,0.0,23.9851,23.9851,23.9851,23.9851,0.0,1.0,1.00e+00,1.00e+00,False,False
IPS7100_MHC_001,temperature,day_to_day,2025-03-16,2025-03-17,288,288,288.0,288.0,23.9851,23.9851,0.0,0.0,0.0,23.9851,23.9851,23.9851,23.9851,0.0,1.0,1.00e+00,1.00e+00,False,False
IPS7100_MHC_001,temperature,day_to_day,2025-03-17,2025-03-18,288,288,288.0,288.0,23.9851,23.9851,0.0,0.0,0.0,23.9851,23.9851,23.9851,23.9851,0.0,1.0,1.00e+00,1.00e+00,False,False
IPS7100_MHC_001,temperature,day_to_day,2025-03-18,2025-03-19,288,288,288.0,288.0,23.9851,23.9851,0.0,0.0,0.0,23.9851,23.9851,23.9851,23.9851,0.0,1.0,1.00e+00,1.00e+00,False,False
IPS7100_MHC_001,temperature,day_to_day,2025-03-19,2025-03-20,288,288,288.0,288.0,23.9851,23.9851,0.0,0.0,0.0,23.9851,23.9851,23.9851,23.9851,0.0,1.0,1.00e+00,1.00e+00,False,False
IPS7100_MHC_001,temperature,day_to_day,2025-03-20,2025-03-21,288,288,288.0,288.0,23.9851,23.9851,0.0,0.0,0.0,23.9851,23.9851,23.9851,23.9851,0.0,1.0,1.00e+00,1.00e+00,False,False
IPS7100_MHC_001,temperature,day_to_day,2025-03-21,2025-03-22,288,287,288.0,287.0,23.9851,23.9851,0.0,0.0,0.0,23.9851,23.9851,23.9851,23.9851,0.0,1.0,1.00e+00,1.00e+00,False,False
IPS7100_MHC_001,temperature,day_to_day,2025-03-22,2025-03-23,287,288,287.0,288.0,23.9851,23.9851,-0.0,0.0,0.0,23.9851,23.9851,23.9851,23.9851,0.0,1.0,1.00e+00,1.00e+00,False,False
IPS7100_MHC_001,temperature,day_to_day,2025-03-23,2025-03-24,288,288,288.0,288.0,23.9851,23.9851,0.0,0.0,0.0,23.9851,23.9851,23.9851,23.9851,0.0,1.0,1.00e+00,1.00e+00,False,False
IPS7100_MHC_001,temperature,day_to_day,2025-03-24,2025-03-25,288,288,288.0,288.0,23.9851,23.9851,0.0,0.0,0.0,23.9851,23.9851,23.9851,23.9851,0.0,1.0,1.00e+00,1.00e+00,False,False
IPS7100_MHC_001,temperature,day_to_day,2025-03-25,2025-03-26,288,288,288.0,288.0,23.9851,23.9851,0.0,0.0,0.0,23.9851,23.9851,23.9851,23.9851,0.0,1.0,1.00e+00,1.00e+00,False,False
IPS7100_MHC_001,temperature,day_to_day,2025-03-26,2025-03-27,288,288,288.0,288.0,23.9851,23.9851,0.0,0.0,0.0,23.9851,23.9851,23.9851,23.9851,0.0,1.0,1.00e+00,1.00e+00,False,False
IPS7100_MHC_001,temperature,day_to_day,2025-03-27,2025-03-28,288,288,288.0,288.0,23.9851,23.9851,0.0,0.0,0.0,23.9851,23.9851,23.9851,23.9851,0.0,1.0,1.00e+00,1.00e+00,False,False
IPS7100_MHC_001,temperature,day_to_day,2025-03-28,2025-03-29,288,288,288.0,288.0,23.9851,23.9851,0.0,0.0,0.0,23.9851,23.9851,23.9851,23.9851,0.0,1.0,1.00e+00,1.00e+00,False,False
IPS7100_MHC_001,temperature,day_to_day,2025-03-29,2025-03-30,288,288,288.0,288.0,23.9851,23.9851,0.0,0.0,0.0,23.9851,23.9851,23.9851,23.9851,0.0,1.0,1.00e+00,1.00e+00,False,False
IPS7100_MHC_001,temperature,day_to_day,2025-03-30,2025-03-31,288,288,288.0,288.0,23.9851,23.9851,0.0,0.0,0.0,23.9851,23.9851,23.9851,23.9851,0.0,1.0,1.00e+00,1.00e+00,False,False
IPS7100_MHC_001,temperature,day_to_day,2025-03-31,2025-04-01,288,288,288.0,288.0,23.9851,23.9851,0.0,0.0,0.0,23.9851,23.9851,23.9851,23.9851,0.0,1.0,1.00e+00,1.00e+00,False,False
IPS7100_MHC_001,temperature,day_to_day,2025-04-01,2025-04-02,288,288,288.0,288.0,23.9851,23.9851,0.0,0.0,0.0,23.9851,23.9851,23.9851,23.9851,0.0,1.0,1.00e+00,1.00e+00,False,False
IPS7100_MHC_001,temperature,day_to_day,2025-04-02,2025-04-03,288,288,288.0,288.0,23.9851,23.9851,0.0,0.0,0.0,23.9851,23.9851,23.9851,23.9851,0.0,1.0,1.00e+00,1.00e+00,False,False
IPS7100_MHC_001,temperature,day_to_day,2025-04-03,2025-04-04,288,288,288.0,2.9,23.9851,20.6322,-3.3529,0.0,4.5647,23.9851,23.9851,13.6112,23.9851,-1.037,inf,1.00e+00,1.00e+00,False,False
IPS7100_MHC_001,temperature,day_to_day,2025-04-04,2025-04-05,288,62,2.9,0.9,20.6322,13.7383,-6.8939,4.5647,0.1911,13.6112,23.9851,13.4105,14.1375,-1.6598,0.0419,1.00e+00,1.00e+00,False,False
IPS7100_MHC_001,temperature,day_to_day,2025-04-05,2025-04-06,62,179,0.9,2.5,13.7383,6.3851,-7.3532,0.1911,0.7129,13.4105,14.1375,5.3791,7.7128,-11.7723,3.7298,1.00e+00,1.00e+00,False,False
IPS7100_MHC_001,temperature,day_to_day,2025-04-06,2025-04-07,179,288,2.5,2.9,6.3851,11.182,4.7969,0.7129,5.8475,5.3791,7.7128,5.3956,22.5125,1.0376,8.2021,1.00e+00,1.00e+00,False,False
IPS7100_MHC_001,temperature,day_to_day,2025-04-07,2025-04-08,288,288,2.9,2.9,11.182,16.8428,5.6608,5.8475,6.5207,5.3956,22.5125,9.1516,27.7892,0.9124,1.1151,1.00e+00,1.00e+00,False,False
IPS7100_MHC_001,temperature,day_to_day,2025-04-08,2025-04-09,288,288,2.9,2.9,16.8428,19.5822,2.7394,6.5207,5.3943,9.1516,27.7892,12.8246,29.1983,0.457,0.8273,1.00e+00,1.00e+00,False,False
IPS7100_MHC_001,temperature,day_to_day,2025-04-09,2025-04-10,288,288,2.9,2.9,19.5822,23.1137,3.5315,5.3943,6.2894,12.8246,29.1983,14.0566,34.5912,0.6017,1.1659,1.00e+00,1.00e+00,False,False
IPS7100_MHC_001,temperature,day_to_day,2025-04-10,2025-04-11,288,288,2.9,2.9,23.1137,24.1382,1.0245,6.2894,5.1228,14.0566,34.5912,15.8256,33.6921,0.1783,0.8145,1.00e+00,1.00e+00,False,False
IPS7100_MHC_001,temperature,day_to_day,2025-04-11,2025-04-12,288,288,2.9,2.9,24.1382,21.7592,-2.3789,5.1228,5.4813,15.8256,33.6921,14.3265,31.4896,-0.4476,1.07,1.00e+00,1.00e+00,False,False
IPS7100_MHC_001,temperature,day_to_day,2025-04-12,2025-04-13,288,288,2.9,2.9,21.7592,24.7744,3.0152,5.4813,5.3477,14.3265,31.4896,17.6404,33.9514,0.5559,0.9756,1.00e+00,1.00e+00,False,False
IPS7100_MHC_001,temperature,day_to_day,2025-04-13,2025-04-14,288,288,2.9,2.9,24.7744,25.4708,0.6964,5.3477,5.3129,17.6404,33.9514,17.6449,36.4058,0.1304,0.9935,1.00e+00,1.00e+00,False,False
IPS7100_MHC_001,temperature,day_to_day,2025-04-14,2025-04-15,288,288,2.9,2.9,25.4708,21.5905,-3.8803,5.3129,4.4528,17.6449,36.4058,14.1637,29.5758,-0.7902,0.8381,1.00e+00,1.00e+00,False,False
IPS7100_MHC_001,temperature,day_to_day,2025-04-15,2025-04-16,288,288,2.9,2.9,21.5905,20.5583,-1.0323,4.4528,5.1186,14.1637,29.5758,14.224,28.9859,-0.2148,1.1495,1.00e+00,1.00e+00,False,False
IPS7100_MHC_001,temperature,day_to_day,2025-04-16,2025-04-17,288,288,2.9,2.9,20.5583,23.61,3.0517,5.1186,3.4972,14.224,28.9859,18.8788,30.039,0.695,0.6832,1.00e+00,1.00e+00,False,False
IPS7100_MHC_001,temperature,day_to_day,2025-04-17,2025-04-18,288,288,2.9,2.9,23.61,24.5411,0.9311,3.4972,3.3154,18.8788,30.039,20.2529,30.4505,0.2728,0.948,1.00e+00,1.00e+00,False,False
IPS7100_MHC_001,temperature,day_to_day,2025-04-18,2025-04-19,288,288,2.9,2.9,24.5411,23.5217,-1.0194,3.3154,2.5396,20.2529,30.4505,17.9275,27.2226,-0.3446,0.766,1.00e+00,1.00e+00,False,False
IPS7100_MHC_001,temperature,day_to_day,2025-04-19,2025-04-20,288,288,2.9,2.9,23.5217,22.4478,-1.0739,2.5396,2.0784,17.9275,27.2226,18.8606,27.561,-0.462,0.8184,1.00e+00,1.00e+00,False,False
IPS7100_MHC_001,temperature,day_to_day,2025-04-20,2025-04-21,288,288,2.9,2.9,22.4478,21.5179,-0.9299,2.0784,6.0575,18.8606,27.561,12.6537,31.8394,-0.205,2.9145,1.00e+00,1.00e+00,False,False
IPS7100_MHC_001,temperature,day_to_day,2025-04-21,2025-04-22,288,153,2.9,2.1,21.5179,24.1348,2.6168,6.0575,6.4191,12.6537,31.8394,16.5024,35.2433,0.4221,1.0597,1.00e+00,1.00e+00,False,False
IPS7100_MHC_001,temperature,day_to_day,2025-04-22,2025-04-23,153,288,2.1,2.9,24.1348,24.0847,-0.0501,6.4191,3.7723,16.5024,35.2433,17.3139,31.6796,-0.0103,0.5877,1.00e+00,1.00e+00,False,False
IPS7100_MHC_001,temperature,day_to_day,2025-04-23,2025-04-24,288,288,2.9,2.9,24.0847,20.4076,-3.6771,3.7723,1.9075,17.3139,31.6796,17.1427,26.824,-1.2281,0.5057,1.00e+00,1.00e+00,False,False
IPS7100_MHC_001,temperature,day_to_day,2025-04-24,2025-04-25,288,288,2.9,2.9,20.4076,22.1247,1.7171,1.9075,5.4297,17.1427,26.824,16.5498,34.5789,0.4212,2.8465,1.00e+00,1.00e+00,False,False
IPS7100_MHC_001,temperature,day_to_day,2025-04-25,2025-04-26,288,288,2.9,2.9,22.1247,24.9939,2.8692,5.4297,3.5159,16.5498,34.5789,20.5506,31.7555,0.6262,0.6475,1.00e+00,1.00e+00,False,False
IPS7100_MHC_001,temperature,day_to_day,2025-04-26,2025-04-27,288,288,2.9,2.9,24.9939,24.7641,-0.2298,3.5159,2.6682,20.5506,31.7555,20.1752,31.697,-0.0735,0.7589,1.00e+00,1.00e+00,False,False
IPS7100_MHC_001,temperature,day_to_day,2025-04-27,2025-04-28,288,288,2.9,2.9,24.7641,24.3812,-0.3828,2.6682,1.7515,20.1752,31.697,21.7661,28.5093,-0.1693,0.6565,1.00e+00,1.00e+00,False,False
IPS7100_MHC_001,temperature,day_to_day,2025-04-28,2025-04-29,288,288,2.9,2.9,24.3812,24.8842,0.5029,1.7515,2.3424,21.7661,28.5093,21.6551,30.5992,0.2428,1.3373,1.00e+00,1.00e+00,False,False
IPS7100_MHC_001,temperature,day_to_day,2025-04-29,2025-04-30,288,288,2.9,2.9,24.8842,20.14,-4.7442,2.3424,3.4684,21.6551,30.5992,14.5169,26.8332,-1.6003,1.4807,1.00e+00,1.00e+00,False,False
IPS7100_MHC_001,temperature,day_to_day,2025-04-30,2025-05-01,288,288,2.9,2.9,20.14,19.3944,-0.7456,3.4684,3.5094,14.5169,26.8332,15.9863,27.486,-0.2133,1.0118,1.00e+00,1.00e+00,False,False
IPS7100_MHC_001,temperature,day_to_day,2025-05-01,2025-05-02,288,288,2.9,2.9,19.3944,19.7053,0.3109,3.5094,2.3357,15.9863,27.486,15.9701,28.2619,0.1041,0.6656,1.00e+00,1.00e+00,False,False
IPS7100_MHC_001,temperature,day_to_day,2025-05-02,2025-05-03,288,288,2.9,2.9,19.7053,18.8573,-0.848,2.3357,4.1891,15.9701,28.2619,13.2397,27.9547,-0.2496,1.7935,1.00e+00,1.00e+00,False,False
IPS7100_MHC_001,temperature,day_to_day,2025-05-03,2025-05-04,288,288,2.9,2.9,18.8573,20.9828,2.1254,4.1891,6.1549,13.2397,27.9547,12.2579,32.0058,0.403,1.4693,1.00e+00,1.00e+00,False,False
IPS7100_MHC_001,temperature,day_to_day,2025-05-04,2025-05-05,288,288,2.9,2.9,20.9828,18.7941,-2.1886,6.1549,2.7838,12.2579,32.0058,15.2685,30.1309,-0.4574,0.4523,1.00e+00,1.00e+00,False,False
IPS7100_MHC_001,temperature,day_to_day,2025-05-05,2025-05-06,288,288,2.9,2.9,18.7941,16.3355,-2.4586,2.7838,1.6848,15.2685,30.1309,14.6068,21.6532,-1.0667,0.6052,1.00e+00,1.00e+00,False,False
IPS7100_MHC_001,temperature,day_to_day,2025-05-06,2025-05-07,288,288,2.9,2.9,16.3355,20.3238,3.9882,1.6848,4.5239,14.6068,21.6532,15.6921,28.6024,1.1663,2.6851,1.00e+00,1.00e+00,False,False
IPS7100_MHC_001,temperature,day_to_day,2025-05-07,2025-05-08,288,288,2.9,2.9,20.3238,22.2913,1.9675,4.5239,3.199,15.6921,28.6024,17.6192,29.0762,0.5013,0.7071,1.00e+00,1.00e+00,False,False
IPS7100_MHC_001,temperature,day_to_day,2025-05-08,2025-05-09,288,288,2.9,2.9,22.2913,21.9375,-0.3537,3.199,3.3598,17.6192,29.0762,16.7603,28.3953,-0.1076,1.0503,1.00e+00,1.00e+00,False,False
IPS7100_MHC_001,temperature,day_to_day,2025-05-09,2025-05-10,288,288,2.9,2.9,21.9375,22.7,0.7625,3.3598,3.9477,16.7603,28.3953,17.6754,30.6238,0.2076,1.175,1.00e+00,1.00e+00,False,False
IPS7100_MHC_001,temperature,day_to_day,2025-05-10,2025-05-11,288,288,2.9,2.9,22.7,20.859,-1.841,3.9477,4.003,17.6754,30.6238,15.2567,27.8676,-0.4623,1.014,1.00e+00,1.00e+00,False,False
IPS7100_MHC_001,temperature,day_to_day,2025-05-11,2025-05-12,288,288,2.9,2.9,20.859,22.8763,2.0173,4.003,5.9672,15.2567,27.8676,16.2432,33.9212,0.3963,1.4907,1.00e+00,1.00e+00,False,False
IPS7100_MHC_001,temperature,day_to_day,2025-05-12,2025-05-13,288,288,2.9,2.9,22.8763,26.2626,3.3864,5.9672,5.6739,16.2432,33.9212,19.4724,36.3278,0.5806,0.9508,1.00e+00,1.00e+00,False,False
IPS7100_MHC_001,temperature,day_to_day,2025-05-13,2025-05-14,288,288,2.9,2.9,26.2626,29.5903,3.3276,5.6739,4.1994,19.4724,36.3278,23.6029,36.6139,0.6655,0.7401,1.00e+00,1.00e+00,False,False
IPS7100_MHC_001,temperature,day_to_day,2025-05-14,2025-05-15,288,288,2.9,2.9,29.5903,28.6512,-0.9391,4.1994,3.8404,23.6029,36.6139,23.0944,37.8979,-0.233,0.9145,1.00e+00,1.00e+00,False,False
IPS7100_MHC_001,temperature,day_to_day,2025-05-15,2025-05-16,288,288,2.9,2.9,28.6512,27.3286,-1.3226,3.8404,3.1038,23.0944,37.8979,23.1314,32.6614,-0.3781,0.8082,1.00e+00,1.00e+00,False,False
IPS7100_MHC_001,temperature,day_to_day,2025-05-16,2025-05-17,288,288,2.9,2.9,27.3286,27.8862,0.5576,3.1038,2.9466,23.1314,32.6614,23.5434,34.726,0.1839,0.9493,1.00e+00,1.00e+00,False,False
IPS7100_MHC_001,temperature,day_to_day,2025-05-17,2025-05-18,288,288,2.9,2.9,27.8862,26.006,-1.8802,2.9466,2.206,23.5434,34.726,23.3142,30.2108,-0.7211,0.7487,1.00e+00,1.00e+00,False,False
IPS7100_MHC_001,temperature,day_to_day,2025-05-18,2025-05-19,288,288,2.9,2.9,26.006,25.8063,-0.1998,2.206,1.4218,23.3142,30.2108,23.7666,29.8364,-0.1075,0.6445,1.00e+00,1.00e+00,False,False
IPS7100_MHC_001,temperature,day_to_day,2025-05-19,2025-05-20,288,288,2.9,2.9,25.8063,25.5402,-0.2661,1.4218,3.3139,23.7666,29.8364,18.9313,31.9479,-0.1042,2.3308,1.00e+00,1.00e+00,False,False
IPS7100_MHC_001,temperature,day_to_day,2025-05-20,2025-05-21,288,288,2.9,2.9,25.5402,26.0586,0.5184,3.3139,5.9232,18.9313,31.9479,18.1722,35.5348,0.1078,1.7874,1.00e+00,1.00e+00,False,False
IPS7100_MHC_001,temperature,day_to_day,2025-05-21,2025-05-22,288,288,2.9,2.9,26.0586,26.4438,0.3852,5.9232,4.0784,18.1722,35.5348,20.7586,34.49,0.0756,0.6885,1.00e+00,1.00e+00,False,False
IPS7100_MHC_001,temperature,day_to_day,2025-05-22,2025-05-23,288,288,2.9,2.9,26.4438,28.7293,2.2856,4.0784,5.7024,20.7586,34.49,21.2664,39.0597,0.4602,1.3982,1.00e+00,1.00e+00,False,False
IPS7100_MHC_001,temperature,day_to_day,2025-05-23,2025-05-24,288,288,2.9,2.9,28.7293,29.3193,0.59,5.7024,3.3406,21.2664,39.0597,24.4288,35.4536,0.126,0.5858,1.00e+00,1.00e+00,False,False
IPS7100_MHC_001,temperature,day_to_day,2025-05-24,2025-05-25,288,288,2.9,2.9,29.3193,30.0068,0.6875,3.3406,4.0707,24.4288,35.4536,24.3655,37.4079,0.1843,1.2186,1.00e+00,1.00e+00,False,False
IPS7100_MHC_001,temperature,day_to_day,2025-05-25,2025-05-26,288,288,2.9,2.9,30.0068,22.1084,-7.8984,4.0707,4.9672,24.3655,37.4079,18.1617,35.0093,-1.7363,1.2202,1.00e+00,1.00e+00,False,False
IPS7100_MHC_001,temperature,day_to_day,2025-05-26,2025-05-27,288,288,2.9,2.9,22.1084,23.2969,1.1885,4.9672,4.9811,18.1617,35.0093,18.8838,33.0227,0.2385,1.0028,1.00e+00,1.00e+00,False,False
IPS7100_MHC_001,temperature,day_to_day,2025-05-27,2025-05-28,288,288,2.9,2.9,23.2969,24.0144,0.7175,4.9811,3.079,18.8838,33.0227,19.2861,31.4033,0.173,0.6181,1.00e+00,1.00e+00,False,False
IPS7100_MHC_001,temperature,day_to_day,2025-05-28,2025-05-29,288,288,2.9,2.9,24.0144,24.7229,0.7085,3.079,5.3336,19.2861,31.4033,19.3099,35.6115,0.1624,1.7322,1.00e+00,1.00e+00,False,False
IPS7100_MHC_001,temperature,day_to_day,2025-05-29,2025-05-30,288,288,2.9,2.9,24.7229,25.0664,0.3435,5.3336,4.9702,19.3099,35.6115,17.7232,34.0707,0.0665,0.9319,1.00e+00,1.00e+00,False,False
IPS7100_MHC_001,temperature,day_to_day,2025-05-30,2025-05-31,288,288,2.9,2.9,25.0664,27.0147,1.9484,4.9702,5.6842,17.7232,34.0707,19.1487,37.338,0.3643,1.1437,1.00e+00,1.00e+00,False,False
IPS7100_MHC_001,temperature,day_to_day,2025-05-31,2025-06-01,288,288,2.9,2.9,27.0147,26.8992,-0.1156,5.6842,4.4454,19.1487,37.338,22.1351,36.8238,-0.0226,0.7821,1.00e+00,1.00e+00,False,False
IPS7100_MHC_001,temperature,day_to_day,2025-06-01,2025-06-02,288,288,2.9,2.9,26.8992,28.4174,1.5182,4.4454,4.5559,22.1351,36.8238,22.9784,36.282,0.3367,1.0249,1.00e+00,1.00e+00,False,False
IPS7100_MHC_001,temperature,day_to_day,2025-06-02,2025-06-03,288,288,2.9,2.9,28.4174,28.4027,-0.0147,4.5559,2.9361,22.9784,36.282,23.7445,33.6158,-0.0038,0.6445,1.00e+00,1.00e+00,False,False
IPS7100_MHC_001,temperature,day_to_day,2025-06-03,2025-06-04,288,286,2.9,2.9,28.4027,24.4406,-3.9621,2.9361,3.4867,23.7445,33.6158,19.6401,31.2533,-1.2275,1.1875,1.00e+00,1.00e+00,False,False
IPS7100_MHC_001,temperature,day_to_day,2025-06-04,2025-06-05,286,286,2.9,2.9,24.4406,25.3404,0.8998,3.4867,4.4313,19.6401,31.2533,21.8085,35.6867,0.2253,1.2709,1.00e+00,1.00e+00,False,False
IPS7100_MHC_001,temperature,day_to_day,2025-06-05,2025-06-06,286,288,2.9,2.9,25.3404,30.155,4.8146,4.4313,3.4665,21.8085,35.6867,26.028,36.8929,1.2086,0.7823,1.00e+00,1.00e+00,False,False
IPS7100_MHC_001,temperature,day_to_day,2025-06-06,2025-06-07,288,288,2.9,2.9,30.155,30.7437,0.5887,3.4665,3.5106,26.028,36.8929,25.8317,37.3225,0.1684,1.0127,1.00e+00,1.00e+00,False,False
IPS7100_MHC_001,temperature,day_to_day,2025-06-07,2025-06-08,288,288,2.9,2.9,30.7437,31.6031,0.8594,3.5106,4.114,25.8317,37.3225,26.1443,39.5405,0.2243,1.1719,1.00e+00,1.00e+00,False,False
IPS7100_MHC_001,temperature,day_to_day,2025-06-08,2025-06-09,288,288,2.9,2.9,31.6031,27.4173,-4.1858,4.114,6.2029,26.1443,39.5405,19.841,38.8546,-0.7939,1.5078,1.00e+00,1.00e+00,False,False
IPS7100_MHC_001,temperature,day_to_day,2025-06-09,2025-06-10,288,288,2.9,2.9,27.4173,27.5039,0.0866,6.2029,2.6348,19.841,38.8546,23.4491,37.5298,0.0181,0.4248,1.00e+00,1.00e+00,False,False
IPS7100_MHC_001,temperature,day_to_day,2025-06-10,2025-06-11,288,288,2.9,2.9,27.5039,22.8805,-4.6234,2.6348,1.5161,23.4491,37.5298,21.1905,27.9076,-2.1472,0.5754,1.00e+00,1.00e+00,False,False
IPS7100_MHC_001,temperature,day_to_day,2025-06-11,2025-06-12,288,288,2.9,43.8,22.8805,21.9408,-0.9397,1.5161,0.0049,21.1905,27.9076,21.8934,21.9415,-0.875,0.0033,1.00e+00,1.00e+00,False,False
IPS7100_MHC_001,temperature,day_to_day,2025-06-12,2025-06-13,288,288,43.8,288.0,21.9408,21.9415,0.0007,0.0049,0.0,21.8934,21.9415,21.9415,21.9415,0.1975,0.0,3.60e-01,8.63e-03,False,True
IPS7100_MHC_001,temperature,day_to_day,2025-06-13,2025-06-14,288,288,288.0,288.0,21.9415,21.9415,0.0,0.0,0.0,21.9415,21.9415,21.9415,21.9415,0.0,1.0,1.00e+00,1.00e+00,False,False
IPS7100_MHC_001,temperature,day_to_day,2025-06-14,2025-06-15,288,288,288.0,2.9,21.9415,24.7661,2.8245,0.0,3.2368,21.9415,21.9415,21.278,32.1972,1.2319,inf,1.00e+00,1.00e+00,False,False
IPS7100_MHC_001,temperature,day_to_day,2025-06-15,2025-06-16,288,288,2.9,2.9,24.7661,29.1061,4.3401,3.2368,5.8715,21.278,32.1972,22.4818,40.2191,0.9139,1.814,1.00e+00,1.00e+00,False,False
IPS7100_MHC_001,temperature,day_to_day,2025-06-16,2025-06-17,288,288,2.9,2.9,29.1061,30.9121,1.8059,5.8715,3.7102,22.4818,40.2191,24.8067,41.1197,0.3671,0.6319,1.00e+00,1.00e+00,False,False
IPS7100_MHC_001,temperature,day_to_day,2025-06-17,2025-06-18,288,288,2.9,2.9,30.9121,27.8858,-3.0263,3.7102,1.8648,24.8067,41.1197,26.8931,34.6013,-1.0289,0.5026,1.00e+00,1.00e+00,False,False
IPS7100_MHC_001,temperature,day_to_day,2025-06-18,2025-06-19,288,288,2.9,288.0,27.8858,26.8931,-0.9926,1.8648,0.0,26.8931,34.6013,26.8931,26.8931,-0.7515,0.0,1.00e+00,1.00e+00,False,False
IPS7100_MHC_001,temperature,day_to_day,2025-06-19,2025-06-20,288,288,288.0,288.0,26.8931,26.8931,0.0,0.0,0.0,26.8931,26.8931,26.8931,26.8931,0.0,1.0,1.00e+00,1.00e+00,False,False
IPS7100_MHC_001,temperature,day_to_day,2025-06-20,2025-06-21,288,288,288.0,288.0,26.8931,26.8931,0.0,0.0,0.0,26.8931,26.8931,26.8931,26.8931,0.0,1.0,1.00e+00,1.00e+00,False,False
IPS7100_MHC_001,temperature,day_to_day,2025-06-21,2025-06-22,288,288,288.0,288.0,26.8931,26.8931,0.0,0.0,0.0,26.8931,26.8931,26.8931,26.8931,0.0,1.0,1.00e+00,1.00e+00,False,False
IPS7100_MHC_001,temperature,day_to_day,2025-06-22,2025-06-23,288,288,288.0,288.0,26.8931,26.8931,0.0,0.0,0.0,26.8931,26.8931,26.8931,26.8931,0.0,1.0,1.00e+00,1.00e+00,False,False
IPS7100_MHC_001,temperature,day_to_day,2025-06-23,2025-06-24,288,288,288.0,288.0,26.8931,26.8931,0.0,0.0,0.0,26.8931,26.8931,26.8931,26.8931,0.0,1.0,1.00e+00,1.00e+00,False,False
IPS7100_MHC_001,temperature,day_to_day,2025-06-24,2025-06-25,288,288,288.0,288.0,26.8931,26.8931,0.0,0.0,0.0,26.8931,26.8931,26.8931,26.8931,0.0,1.0,1.00e+00,1.00e+00,False,False
IPS7100_MHC_001,temperature,day_to_day,2025-06-25,2025-06-26,288,288,288.0,288.0,26.8931,26.8931,0.0,0.0,0.0,26.8931,26.8931,26.8931,26.8931,0.0,1.0,1.00e+00,1.00e+00,False,False
IPS7100_MHC_001,temperature,day_to_day,2025-06-26,2025-06-27,288,288,288.0,288.0,26.8931,26.8931,0.0,0.0,0.0,26.8931,26.8931,26.8931,26.8931,0.0,1.0,1.00e+00,1.00e+00,False,False
IPS7100_MHC_001,temperature,day_to_day,2025-06-27,2025-06-28,288,288,288.0,288.0,26.8931,26.8931,0.0,0.0,0.0,26.8931,26.8931,26.8931,26.8931,0.0,1.0,1.00e+00,1.00e+00,False,False
IPS7100_MHC_001,temperature,day_to_day,2025-06-28,2025-06-29,288,288,288.0,288.0,26.8931,26.8931,0.0,0.0,0.0,26.8931,26.8931,26.8931,26.8931,0.0,1.0,1.00e+00,1.00e+00,False,False
IPS7100_MHC_001,temperature,day_to_day,2025-06-29,2025-06-30,288,288,288.0,288.0,26.8931,26.8931,0.0,0.0,0.0,26.8931,26.8931,26.8931,26.8931,0.0,1.0,1.00e+00,1.00e+00,False,False
IPS7100_MHC_001,temperature,day_to_day,2025-06-30,2025-07-01,288,288,288.0,288.0,26.8931,26.8931,0.0,0.0,0.0,26.8931,26.8931,26.8931,26.8931,0.0,1.0,1.00e+00,1.00e+00,False,False
IPS7100_MHC_001,temperature,day_to_day,2025-07-01,2025-07-02,288,288,288.0,288.0,26.8931,26.8931,0.0,0.0,0.0,26.8931,26.8931,26.8931,26.8931,0.0,1.0,1.00e+00,1.00e+00,False,False
IPS7100_MHC_001,temperature,day_to_day,2025-07-02,2025-07-03,288,288,288.0,288.0,26.8931,26.8931,0.0,0.0,0.0,26.8931,26.8931,26.8931,26.8931,0.0,1.0,1.00e+00,1.00e+00,False,False
IPS7100_MHC_001,temperature,day_to_day,2025-07-03,2025-07-04,288,288,288.0,288.0,26.8931,26.8931,0.0,0.0,0.0,26.8931,26.8931,26.8931,26.8931,0.0,1.0,1.00e+00,1.00e+00,False,False
IPS7100_MHC_001,temperature,day_to_day,2025-07-04,2025-07-05,288,288,288.0,288.0,26.8931,26.8931,0.0,0.0,0.0,26.8931,26.8931,26.8931,26.8931,0.0,1.0,1.00e+00,1.00e+00,False,False
IPS7100_MHC_001,temperature,day_to_day,2025-07-05,2025-07-06,288,288,288.0,288.0,26.8931,26.8931,0.0,0.0,0.0,26.8931,26.8931,26.8931,26.8931,0.0,1.0,1.00e+00,1.00e+00,False,False
IPS7100_MHC_001,temperature,day_to_day,2025-07-06,2025-07-07,288,288,288.0,288.0,26.8931,26.8931,0.0,0.0,0.0,26.8931,26.8931,26.8931,26.8931,0.0,1.0,1.00e+00,1.00e+00,False,False
IPS7100_MHC_001,temperature,day_to_day,2025-07-07,2025-07-08,288,287,288.0,287.0,26.8931,26.8931,0.0,0.0,0.0,26.8931,26.8931,26.8931,26.8931,0.0,1.0,1.00e+00,1.00e+00,False,False
IPS7100_MHC_001,temperature,day_to_day,2025-07-08,2025-07-09,287,288,287.0,288.0,26.8931,26.8931,0.0,0.0,0.0,26.8931,26.8931,26.8931,26.8931,0.0,1.0,1.00e+00,1.00e+00,False,False
IPS7100_MHC_001,temperature,day_to_day,2025-07-09,2025-07-10,288,288,288.0,288.0,26.8931,26.8931,0.0,0.0,0.0,26.8931,26.8931,26.8931,26.8931,0.0,1.0,1.00e+00,1.00e+00,False,False
IPS7100_MHC_001,temperature,day_to_day,2025-07-10,2025-07-11,288,288,288.0,288.0,26.8931,26.8931,0.0,0.0,0.0,26.8931,26.8931,26.8931,26.8931,0.0,1.0,1.00e+00,1.00e+00,False,False
IPS7100_MHC_001,temperature,day_to_day,2025-07-11,2025-07-12,288,288,288.0,288.0,26.8931,26.8931,0.0,0.0,0.0,26.8931,26.8931,26.8931,26.8931,0.0,1.0,1.00e+00,1.00e+00,False,False
IPS7100_MHC_001,temperature,day_to_day,2025-07-12,2025-07-13,288,288,288.0,288.0,26.8931,26.8931,0.0,0.0,0.0,26.8931,26.8931,26.8931,26.8931,0.0,1.0,1.00e+00,1.00e+00,False,False
IPS7100_MHC_001,temperature,day_to_day,2025-07-13,2025-07-14,288,288,288.0,288.0,26.8931,26.8931,0.0,0.0,0.0,26.8931,26.8931,26.8931,26.8931,0.0,1.0,1.00e+00,1.00e+00,False,False
IPS7100_MHC_001,temperature,day_to_day,2025-07-14,2025-07-15,288,288,288.0,288.0,26.8931,26.8931,0.0,0.0,0.0,26.8931,26.8931,26.8931,26.8931,0.0,1.0,1.00e+00,1.00e+00,False,False
IPS7100_MHC_001,temperature,day_to_day,2025-07-15,2025-07-16,288,288,288.0,288.0,26.8931,26.8931,0.0,0.0,0.0,26.8931,26.8931,26.8931,26.8931,0.0,1.0,1.00e+00,1.00e+00,False,False
IPS7100_MHC_001,temperature,day_to_day,2025-07-16,2025-07-17,288,288,288.0,288.0,26.8931,26.8931,0.0,0.0,0.0,26.8931,26.8931,26.8931,26.8931,0.0,1.0,1.00e+00,1.00e+00,False,False
IPS7100_MHC_001,temperature,day_to_day,2025-07-17,2025-07-18,288,288,288.0,288.0,26.8931,26.8931,0.0,0.0,0.0,26.8931,26.8931,26.8931,26.8931,0.0,1.0,1.00e+00,1.00e+00,False,False
IPS7100_MHC_001,temperature,day_to_day,2025-07-18,2025-07-19,288,288,288.0,288.0,26.8931,26.8931,0.0,0.0,0.0,26.8931,26.8931,26.8931,26.8931,0.0,1.0,1.00e+00,1.00e+00,False,False
IPS7100_MHC_001,temperature,day_to_day,2025-07-19,2025-07-20,288,288,288.0,288.0,26.8931,26.8931,0.0,0.0,0.0,26.8931,26.8931,26.8931,26.8931,0.0,1.0,1.00e+00,1.00e+00,False,False
IPS7100_MHC_001,temperature,day_to_day,2025-07-20,2025-07-21,288,288,288.0,288.0,26.8931,26.8931,0.0,0.0,0.0,26.8931,26.8931,26.8931,26.8931,0.0,1.0,1.00e+00,1.00e+00,False,False
IPS7100_MHC_001,temperature,day_to_day,2025-07-21,2025-07-22,288,288,288.0,288.0,26.8931,26.8931,0.0,0.0,0.0,26.8931,26.8931,26.8931,26.8931,0.0,1.0,1.00e+00,1.00e+00,False,False
IPS7100_MHC_001,temperature,day_to_day,2025-07-22,2025-07-23,288,288,288.0,288.0,26.8931,26.8931,0.0,0.0,0.0,26.8931,26.8931,26.8931,26.8931,0.0,1.0,1.00e+00,1.00e+00,False,False
IPS7100_MHC_001,temperature,day_to_day,2025-07-23,2025-07-24,288,288,288.0,288.0,26.8931,26.8931,0.0,0.0,0.0,26.8931,26.8931,26.8931,26.8931,0.0,1.0,1.00e+00,1.00e+00,False,False
IPS7100_MHC_001,temperature,day_to_day,2025-07-24,2025-07-25,288,288,288.0,288.0,26.8931,26.8931,0.0,0.0,0.0,26.8931,26.8931,26.8931,26.8931,0.0,1.0,1.00e+00,1.00e+00,False,False
IPS7100_MHC_001,temperature,day_to_day,2025-07-25,2025-07-26,288,288,288.0,288.0,26.8931,26.8931,0.0,0.0,0.0,26.8931,26.8931,26.8931,26.8931,0.0,1.0,1.00e+00,1.00e+00,False,False
IPS7100_MHC_001,temperature,day_to_day,2025-07-26,2025-07-27,288,288,288.0,288.0,26.8931,26.8931,0.0,0.0,0.0,26.8931,26.8931,26.8931,26.8931,0.0,1.0,1.00e+00,1.00e+00,False,False
IPS7100_MHC_001,temperature,day_to_day,2025-07-27,2025-07-28,288,288,288.0,288.0,26.8931,26.8931,0.0,0.0,0.0,26.8931,26.8931,26.8931,26.8931,0.0,1.0,1.00e+00,1.00e+00,False,False
IPS7100_MHC_001,temperature,day_to_day,2025-07-28,2025-07-29,288,288,288.0,288.0,26.8931,26.8931,0.0,0.0,0.0,26.8931,26.8931,26.8931,26.8931,0.0,1.0,1.00e+00,1.00e+00,False,False
IPS7100_MHC_001,temperature,day_to_day,2025-07-29,2025-07-30,288,288,288.0,288.0,26.8931,26.8931,0.0,0.0,0.0,26.8931,26.8931,26.8931,26.8931,0.0,1.0,1.00e+00,1.00e+00,False,False
IPS7100_MHC_001,temperature,day_to_day,2025-07-30,2025-07-31,288,288,288.0,288.0,26.8931,26.8931,0.0,0.0,0.0,26.8931,26.8931,26.8931,26.8931,0.0,1.0,1.00e+00,1.00e+00,False,False
IPS7100_MHC_001,temperature,day_to_day,2025-07-31,2025-08-01,288,288,288.0,288.0,26.8931,26.8931,0.0,0.0,0.0,26.8931,26.8931,26.8931,26.8931,0.0,1.0,1.00e+00,1.00e+00,False,False
IPS7100_MHC_001,temperature,day_to_day,2025-08-01,2025-08-02,288,288,288.0,288.0,26.8931,26.8931,0.0,0.0,0.0,26.8931,26.8931,26.8931,26.8931,0.0,1.0,1.00e+00,1.00e+00,False,False
IPS7100_MHC_001,temperature,day_to_day,2025-08-02,2025-08-03,288,288,288.0,288.0,26.8931,26.8931,0.0,0.0,0.0,26.8931,26.8931,26.8931,26.8931,0.0,1.0,1.00e+00,1.00e+00,False,False
IPS7100_MHC_001,temperature,day_to_day,2025-08-03,2025-08-04,288,288,288.0,288.0,26.8931,26.8931,0.0,0.0,0.0,26.8931,26.8931,26.8931,26.8931,0.0,1.0,1.00e+00,1.00e+00,False,False
IPS7100_MHC_001,temperature,day_to_day,2025-08-04,2025-08-05,288,288,288.0,288.0,26.8931,26.8931,0.0,0.0,0.0,26.8931,26.8931,26.8931,26.8931,0.0,1.0,1.00e+00,1.00e+00,False,False
IPS7100_MHC_001,temperature,day_to_day,2025-08-05,2025-08-06,288,288,288.0,288.0,26.8931,26.8931,0.0,0.0,0.0,26.8931,26.8931,26.8931,26.8931,0.0,1.0,1.00e+00,1.00e+00,False,False
IPS7100_MHC_001,temperature,day_to_day,2025-08-06,2025-08-07,288,288,288.0,288.0,26.8931,26.8931,0.0,0.0,0.0,26.8931,26.8931,26.8931,26.8931,0.0,1.0,1.00e+00,1.00e+00,False,False
IPS7100_MHC_001,temperature,day_to_day,2025-08-07,2025-08-08,288,288,288.0,288.0,26.8931,26.8931,0.0,0.0,0.0,26.8931,26.8931,26.8931,26.8931,0.0,1.0,1.00e+00,1.00e+00,False,False
IPS7100_MHC_001,temperature,day_to_day,2025-08-08,2025-08-09,288,288,288.0,288.0,26.8931,26.8931,0.0,0.0,0.0,26.8931,26.8931,26.8931,26.8931,0.0,1.0,1.00e+00,1.00e+00,False,False
IPS7100_MHC_001,temperature,day_to_day,2025-08-09,2025-08-10,288,288,288.0,288.0,26.8931,26.8931,0.0,0.0,0.0,26.8931,26.8931,26.8931,26.8931,0.0,1.0,1.00e+00,1.00e+00,False,False
IPS7100_MHC_001,temperature,day_to_day,2025-08-10,2025-08-11,288,288,288.0,288.0,26.8931,26.8931,0.0,0.0,0.0,26.8931,26.8931,26.8931,26.8931,0.0,1.0,1.00e+00,1.00e+00,False,False
IPS7100_MHC_001,temperature,day_to_day,2025-08-11,2025-08-12,288,288,288.0,288.0,26.8931,26.8931,0.0,0.0,0.0,26.8931,26.8931,26.8931,26.8931,0.0,1.0,1.00e+00,1.00e+00,False,False
IPS7100_MHC_001,temperature,day_to_day,2025-08-12,2025-08-13,288,288,288.0,288.0,26.8931,26.8931,0.0,0.0,0.0,26.8931,26.8931,26.8931,26.8931,0.0,1.0,1.00e+00,1.00e+00,False,False
IPS7100_MHC_001,temperature,day_to_day,2025-08-13,2025-08-14,288,288,288.0,288.0,26.8931,26.8931,0.0,0.0,0.0,26.8931,26.8931,26.8931,26.8931,0.0,1.0,1.00e+00,1.00e+00,False,False
IPS7100_MHC_001,temperature,day_to_day,2025-08-14,2025-08-15,288,288,288.0,288.0,26.8931,26.8931,0.0,0.0,0.0,26.8931,26.8931,26.8931,26.8931,0.0,1.0,1.00e+00,1.00e+00,False,False
IPS7100_MHC_001,temperature,day_to_day,2025-08-15,2025-08-16,288,288,288.0,288.0,26.8931,26.8931,0.0,0.0,0.0,26.8931,26.8931,26.8931,26.8931,0.0,1.0,1.00e+00,1.00e+00,False,False
IPS7100_MHC_001,temperature,day_to_day,2025-08-16,2025-08-17,288,288,288.0,288.0,26.8931,26.8931,0.0,0.0,0.0,26.8931,26.8931,26.8931,26.8931,0.0,1.0,1.00e+00,1.00e+00,False,False
IPS7100_MHC_001,temperature,day_to_day,2025-08-17,2025-08-18,288,288,288.0,5.7,26.8931,32.0416,5.1485,0.0,6.0173,26.8931,26.8931,26.8931,48.1564,1.2079,inf,1.01e-01,1.00e-15,False,True
IPS7100_MHC_001,temperature,day_to_day,2025-08-18,2025-08-19,288,288,5.7,14.6,32.0416,30.8938,-1.1478,6.0173,2.4163,26.8931,48.1564,29.6764,40.3786,-0.2499,0.4016,6.77e-01,1.19e-01,False,False
IPS7100_MHC_001,temperature,day_to_day,2025-08-19,2025-08-20,288,288,14.6,288.0,30.8938,29.6764,-1.2174,2.4163,0.0,29.6764,40.3786,29.6764,29.6764,-0.7113,0.0,7.59e-02,1.00e-15,False,True
IPS7100_MHC_001,temperature,day_to_day,2025-08-20,2025-08-21,288,288,288.0,288.0,29.6764,29.6764,0.0,0.0,0.0,29.6764,29.6764,29.6764,29.6764,0.0,1.0,1.00e+00,1.00e+00,False,False
IPS7100_MHC_001,temperature,day_to_day,2025-08-21,2025-08-22,288,288,288.0,288.0,29.6764,29.6764,0.0,0.0,0.0,29.6764,29.6764,29.6764,29.6764,0.0,1.0,1.00e+00,1.00e+00,False,False
IPS7100_MHC_001,temperature,day_to_day,2025-08-22,2025-08-23,288,288,288.0,288.0,29.6764,29.6764,0.0,0.0,0.0,29.6764,29.6764,29.6764,29.6764,0.0,1.0,1.00e+00,1.00e+00,False,False
IPS7100_MHC_001,temperature,day_to_day,2025-08-23,2025-08-24,288,288,288.0,288.0,29.6764,29.6764,0.0,0.0,0.0,29.6764,29.6764,29.6764,29.6764,0.0,1.0,1.00e+00,1.00e+00,False,False
IPS7100_MHC_001,temperature,day_to_day,2025-08-24,2025-08-25,288,288,288.0,2.9,29.6764,31.6858,2.0094,0.0,4.6128,29.6764,29.6764,25.8046,42.0369,0.615,inf,1.00e+00,1.00e+00,False,False
IPS7100_MHC_001,temperature,day_to_day,2025-08-25,2025-08-26,288,288,2.9,7.0,31.6858,26.666,-5.0198,4.6128,2.907,25.8046,42.0369,24.8845,35.75,-1.2997,0.6302,1.00e+00,1.00e+00,False,False
IPS7100_MHC_001,temperature,day_to_day,2025-08-26,2025-08-27,288,288,7.0,288.0,26.666,24.8845,-1.7815,2.907,0.0,24.8845,35.75,24.8845,24.8845,-0.8652,0.0,1.57e-01,1.00e-15,False,True
IPS7100_MHC_001,temperature,day_to_day,2025-08-27,2025-08-28,288,288,288.0,288.0,24.8845,24.8845,0.0,0.0,0.0,24.8845,24.8845,24.8845,24.8845,0.0,1.0,1.00e+00,1.00e+00,False,False
IPS7100_MHC_001,temperature,day_to_day,2025-08-28,2025-08-29,288,288,288.0,288.0,24.8845,24.8845,0.0,0.0,0.0,24.8845,24.8845,24.8845,24.8845,0.0,1.0,1.00e+00,1.00e+00,False,False
IPS7100_MHC_001,temperature,day_to_day,2025-08-29,2025-08-30,288,288,288.0,288.0,24.8845,24.8845,0.0,0.0,0.0,24.8845,24.8845,24.8845,24.8845,0.0,1.0,1.00e+00,1.00e+00,False,False
IPS7100_MHC_001,temperature,day_to_day,2025-08-30,2025-08-31,288,288,288.0,288.0,24.8845,24.8845,0.0,0.0,0.0,24.8845,24.8845,24.8845,24.8845,0.0,1.0,1.00e+00,1.00e+00,False,False
IPS7100_MHC_001,temperature,day_to_day,2025-08-31,2025-09-01,288,288,288.0,288.0,24.8845,24.8845,0.0,0.0,0.0,24.8845,24.8845,24.8845,24.8845,0.0,1.0,1.00e+00,1.00e+00,False,False
IPS7100_MHC_001,temperature,day_to_day,2025-09-01,2025-09-02,288,288,288.0,288.0,24.8845,24.8845,0.0,0.0,0.0,24.8845,24.8845,24.8845,24.8845,0.0,1.0,1.00e+00,1.00e+00,False,False
IPS7100_MHC_001,temperature,day_to_day,2025-09-02,2025-09-03,288,288,288.0,8.9,24.8845,27.2442,2.3597,0.0,4.2626,24.8845,24.8845,22.0784,45.1437,0.7815,inf,1.37e-01,1.00e-15,False,True
IPS7100_MHC_001,temperature,day_to_day,2025-09-03,2025-09-04,288,109,8.9,5.9,27.2442,26.48,-0.7642,4.2626,3.32,22.0784,45.1437,23.3565,35.7871,-0.1893,0.7789,7.07e-01,8.27e-01,False,False
IPS7100_MHC_001,temperature,day_to_day,2025-09-04,2025-09-05,109,179,5.9,16.4,26.48,31.5413,5.0613,3.32,5.8101,23.3565,35.7871,23.8018,66.632,1.0057,1.75,2.23e-02,3.21e-01,False,False
IPS7100_MHC_001,temperature,day_to_day,2025-09-05,2025-09-06,179,288,16.4,4.8,31.5413,21.9525,-9.5888,5.8101,2.6195,23.8018,66.632,20.3567,32.6556,-2.3091,0.4509,1.26e-04,2.83e-01,True,False
IPS7100_MHC_001,temperature,day_to_day,2025-09-06,2025-09-07,288,288,4.8,6.8,21.9525,23.5716,1.6191,2.6195,4.2924,20.3567,32.6556,20.1018,36.4556,0.4546,1.6386,4.46e-01,9.82e-01,False,False
IPS7100_MHC_001,temperature,day_to_day,2025-09-07,2025-09-08,288,288,6.8,9.2,23.5716,20.1351,-3.4365,4.2924,2.3031,20.1018,36.4556,18.9087,29.1499,-0.996,0.5366,9.33e-02,7.32e-01,False,False
IPS7100_MHC_001,temperature,day_to_day,2025-09-08,2025-09-09,288,288,9.2,288.0,20.1351,18.9087,-1.2263,2.3031,0.0,18.9087,29.1499,18.9087,18.9087,-0.7517,0.0,1.46e-01,1.00e-15,False,True
IPS7100_MHC_001,temperature,day_to_day,2025-09-09,2025-09-10,288,288,288.0,288.0,18.9087,18.9087,0.0,0.0,0.0,18.9087,18.9087,18.9087,18.9087,0.0,1.0,1.00e+00,1.00e+00,False,False
IPS7100_MHC_001,temperature,day_to_day,2025-09-10,2025-09-11,288,288,288.0,288.0,18.9087,18.9087,0.0,0.0,0.0,18.9087,18.9087,18.9087,18.9087,0.0,1.0,1.00e+00,1.00e+00,False,False
IPS7100_MHC_001,temperature,day_to_day,2025-09-11,2025-09-12,288,288,288.0,288.0,18.9087,18.9087,0.0,0.0,0.0,18.9087,18.9087,18.9087,18.9087,0.0,1.0,1.00e+00,1.00e+00,False,False
IPS7100_MHC_001,temperature,day_to_day,2025-09-12,2025-09-13,288,288,288.0,2.9,18.9087,26.4909,7.5821,0.0,6.8178,18.9087,18.9087,18.9087,37.6125,1.57,inf,1.00e+00,1.00e+00,False,False
IPS7100_MHC_001,temperature,day_to_day,2025-09-13,2025-09-14,288,288,2.9,9.1,26.4909,26.5387,0.0478,6.8178,1.7935,18.9087,37.6125,25.603,36.4925,0.0096,0.2631,1.00e+00,1.00e+00,False,False
IPS7100_MHC_001,temperature,day_to_day,2025-09-14,2025-09-15,288,288,9.1,288.0,26.5387,25.604,-0.9347,1.7935,0.0,25.603,36.4925,25.604,25.604,-0.7358,0.0,1.54e-01,1.00e-15,False,True
IPS7100_MHC_001,temperature,day_to_day,2025-09-15,2025-09-16,288,288,288.0,288.0,25.604,25.604,0.0,0.0,0.0,25.604,25.604,25.604,25.604,0.0,1.0,1.00e+00,1.00e+00,False,False
IPS7100_MHC_001,temperature,day_to_day,2025-09-16,2025-09-17,288,288,288.0,288.0,25.604,25.604,0.0,0.0,0.0,25.604,25.604,25.604,25.604,0.0,1.0,1.00e+00,1.00e+00,False,False
IPS7100_MHC_001,temperature,day_to_day,2025-09-17,2025-09-18,288,288,288.0,288.0,25.604,25.604,0.0,0.0,0.0,25.604,25.604,25.604,25.604,0.0,1.0,1.00e+00,1.00e+00,False,False
IPS7100_MHC_001,temperature,day_to_day,2025-09-18,2025-09-19,288,288,288.0,288.0,25.604,25.604,0.0,0.0,0.0,25.604,25.604,25.604,25.604,0.0,1.0,1.00e+00,1.00e+00,False,False
IPS7100_MHC_001,temperature,day_to_day,2025-09-19,2025-09-20,288,288,288.0,288.0,25.604,25.604,0.0,0.0,0.0,25.604,25.604,25.604,25.604,0.0,1.0,1.00e+00,1.00e+00,False,False
IPS7100_MHC_001,temperature,day_to_day,2025-09-20,2025-09-21,288,288,288.0,288.0,25.604,25.604,0.0,0.0,0.0,25.604,25.604,25.604,25.604,0.0,1.0,1.00e+00,1.00e+00,False,False
IPS7100_MHC_001,temperature,day_to_day,2025-09-21,2025-09-22,288,288,288.0,288.0,25.604,25.604,0.0,0.0,0.0,25.604,25.604,25.604,25.604,0.0,1.0,1.00e+00,1.00e+00,False,False
IPS7100_MHC_001,temperature,day_to_day,2025-09-22,2025-09-23,288,288,288.0,288.0,25.604,25.604,0.0,0.0,0.0,25.604,25.604,25.604,25.604,0.0,1.0,1.00e+00,1.00e+00,False,False
IPS7100_MHC_001,temperature,day_to_day,2025-09-23,2025-09-24,288,288,288.0,288.0,25.604,25.604,0.0,0.0,0.0,25.604,25.604,25.604,25.604,0.0,1.0,1.00e+00,1.00e+00,False,False
IPS7100_MHC_001,temperature,day_to_day,2025-09-24,2025-09-25,288,288,288.0,288.0,25.604,25.604,0.0,0.0,0.0,25.604,25.604,25.604,25.604,0.0,1.0,1.00e+00,1.00e+00,False,False
IPS7100_MHC_001,temperature,day_to_day,2025-09-25,2025-09-26,288,288,288.0,2.9,25.604,27.705,2.101,0.0,5.2233,25.604,25.604,20.2051,43.6536,0.5679,inf,1.00e+00,1.00e+00,False,False
IPS7100_MHC_001,temperature,day_to_day,2025-09-26,2025-09-27,288,288,2.9,2.9,27.705,21.7393,-5.9657,5.2233,2.6437,20.2051,43.6536,20.1628,31.9018,-1.4386,0.5061,1.00e+00,1.00e+00,False,False
IPS7100_MHC_001,temperature,day_to_day,2025-09-27,2025-09-28,288,288,2.9,288.0,21.7393,20.1678,-1.5715,2.6437,0.0,20.1628,31.9018,20.1678,20.1678,-0.8392,0.0,1.00e+00,1.00e+00,False,False
IPS7100_MHC_001,temperature,day_to_day,2025-09-28,2025-09-29,288,288,288.0,2.9,20.1678,24.9307,4.7629,0.0,5.8691,20.1678,20.1678,19.5209,36.7854,1.1457,inf,1.00e+00,1.00e+00,False,False
IPS7100_MHC_001,temperature,day_to_day,2025-09-29,2025-09-30,288,288,2.9,2.9,24.9307,24.297,-0.6338,5.8691,1.6268,19.5209,36.7854,23.2779,30.3499,-0.1469,0.2772,1.00e+00,1.00e+00,False,False
IPS7100_MHC_001,temperature,day_to_day,2025-09-30,2025-10-01,288,288,2.9,2.9,24.297,26.9247,2.6277,1.6268,5.7112,23.2779,30.3499,20.0592,38.9396,0.6247,3.5106,1.00e+00,1.00e+00,False,False
IPS7100_MHC_001,temperature,day_to_day,2025-10-01,2025-10-02,288,288,2.9,2.9,26.9247,22.3671,-4.5576,5.7112,2.629,20.0592,38.9396,20.8623,32.4964,-1.0234,0.4603,1.00e+00,1.00e+00,False,False
IPS7100_MHC_001,temperature,day_to_day,2025-10-02,2025-10-03,288,288,2.9,288.0,22.3671,20.8623,-1.5048,2.629,0.0,20.8623,32.4964,20.8623,20.8623,-0.8081,0.0,1.00e+00,1.00e+00,False,False
IPS7100_MHC_001,temperature,day_to_day,2025-10-03,2025-10-04,288,288,288.0,288.0,20.8623,20.8623,0.0,0.0,0.0,20.8623,20.8623,20.8623,20.8623,0.0,1.0,1.00e+00,1.00e+00,False,False
IPS7100_MHC_001,temperature,day_to_day,2025-10-04,2025-10-05,288,288,288.0,2.9,20.8623,25.0753,4.213,0.0,5.3025,20.8623,20.8623,20.0794,37.3622,1.1217,inf,1.00e+00,1.00e+00,False,False
IPS7100_MHC_001,temperature,day_to_day,2025-10-05,2025-10-06,288,288,2.9,7.2,25.0753,23.5393,-1.5361,5.3025,1.4772,20.0794,37.3622,22.7417,29.741,-0.394,0.2786,1.00e+00,1.00e+00,False,False
IPS7100_MHC_001,temperature,day_to_day,2025-10-06,2025-10-07,288,288,7.2,288.0,23.5393,22.8059,-0.7333,1.4772,0.0,22.7417,29.741,22.8059,22.8059,-0.7009,0.0,2.29e-01,2.81e-15,False,True
IPS7100_MHC_001,temperature,day_to_day,2025-10-07,2025-10-08,288,288,288.0,288.0,22.8059,22.8059,0.0,0.0,0.0,22.8059,22.8059,22.8059,22.8059,0.0,1.0,1.00e+00,1.00e+00,False,False
IPS7100_MHC_001,temperature,day_to_day,2025-10-08,2025-10-09,288,288,288.0,288.0,22.8059,22.8059,0.0,0.0,0.0,22.8059,22.8059,22.8059,22.8059,0.0,1.0,1.00e+00,1.00e+00,False,False
IPS7100_MHC_001,temperature,day_to_day,2025-10-09,2025-10-10,288,288,288.0,6.4,22.8059,25.5271,2.7211,0.0,6.3799,22.8059,22.8059,17.7834,58.0658,0.6021,inf,3.28e-01,1.00e-15,False,True
IPS7100_MHC_001,temperature,day_to_day,2025-10-10,2025-10-11,288,288,6.4,10.5,25.5271,20.7913,-4.7358,6.3799,2.4593,17.7834,58.0658,19.3484,30.2005,-0.9778,0.3855,1.21e-01,3.03e-01,False,False
IPS7100_MHC_001,temperature,day_to_day,2025-10-11,2025-10-12,288,288,10.5,288.0,20.7913,19.3484,-1.4429,2.4593,0.0,19.3484,30.2005,19.3484,19.3484,-0.8283,0.0,8.89e-02,1.00e-15,False,True
IPS7100_MHC_001,temperature,day_to_day,2025-10-12,2025-10-13,288,288,288.0,5.6,19.3484,24.9433,5.5948,0.0,6.2712,19.3484,19.3484,19.3484,41.2774,1.2595,inf,9.30e-02,1.00e-15,False,True
IPS7100_MHC_001,temperature,day_to_day,2025-10-13,2025-10-14,288,288,5.6,9.0,24.9433,22.407,-2.5363,6.2712,2.2523,19.3484,41.2774,21.1271,33.3725,-0.5374,0.3591,3.97e-01,2.49e-01,False,False
IPS7100_MHC_001,temperature,day_to_day,2025-10-14,2025-10-15,288,288,9.0,288.0,22.407,21.1271,-1.2799,2.2523,0.0,21.1271,33.3725,21.1271,21.1271,-0.8022,0.0,1.28e-01,1.00e-15,False,True
IPS7100_MHC_001,temperature,day_to_day,2025-10-15,2025-10-16,288,288,288.0,288.0,21.1271,21.1271,0.0,0.0,0.0,21.1271,21.1271,21.1271,21.1271,0.0,1.0,1.00e+00,1.00e+00,False,False
IPS7100_MHC_001,temperature,day_to_day,2025-10-16,2025-10-17,288,288,288.0,288.0,21.1271,21.1271,0.0,0.0,0.0,21.1271,21.1271,21.1271,21.1271,0.0,1.0,1.00e+00,1.00e+00,False,False
IPS7100_MHC_001,temperature,day_to_day,2025-10-17,2025-10-18,288,288,288.0,288.0,21.1271,21.1271,0.0,0.0,0.0,21.1271,21.1271,21.1271,21.1271,0.0,1.0,1.00e+00,1.00e+00,False,False
IPS7100_MHC_001,temperature,day_to_day,2025-10-18,2025-10-19,288,288,288.0,288.0,21.1271,21.1271,0.0,0.0,0.0,21.1271,21.1271,21.1271,21.1271,0.0,1.0,1.00e+00,1.00e+00,False,False
IPS7100_MHC_001,temperature,day_to_day,2025-10-19,2025-10-20,288,288,288.0,288.0,21.1271,21.1271,0.0,0.0,0.0,21.1271,21.1271,21.1271,21.1271,0.0,1.0,1.00e+00,1.00e+00,False,False
IPS7100_MHC_001,temperature,day_to_day,2025-10-20,2025-10-21,288,288,288.0,288.0,21.1271,21.1271,0.0,0.0,0.0,21.1271,21.1271,21.1271,21.1271,0.0,1.0,1.00e+00,1.00e+00,False,False
IPS7100_MHC_001,temperature,day_to_day,2025-10-21,2025-10-22,288,288,288.0,288.0,21.1271,21.1271,0.0,0.0,0.0,21.1271,21.1271,21.1271,21.1271,0.0,1.0,1.00e+00,1.00e+00,False,False
IPS7100_MHC_001,temperature,day_to_day,2025-10-22,2025-10-23,288,288,288.0,288.0,21.1271,21.1271,0.0,0.0,0.0,21.1271,21.1271,21.1271,21.1271,0.0,1.0,1.00e+00,1.00e+00,False,False
IPS7100_MHC_001,temperature,day_to_day,2025-10-23,2025-10-24,288,288,288.0,288.0,21.1271,21.1271,0.0,0.0,0.0,21.1271,21.1271,21.1271,21.1271,0.0,1.0,1.00e+00,1.00e+00,False,False
IPS7100_MHC_001,temperature,day_to_day,2025-10-24,2025-10-25,288,288,288.0,288.0,21.1271,21.1271,0.0,0.0,0.0,21.1271,21.1271,21.1271,21.1271,0.0,1.0,1.00e+00,1.00e+00,False,False
IPS7100_MHC_001,temperature,day_to_day,2025-10-25,2025-10-26,288,288,288.0,288.0,21.1271,21.1271,0.0,0.0,0.0,21.1271,21.1271,21.1271,21.1271,0.0,1.0,1.00e+00,1.00e+00,False,False
IPS7100_MHC_001,temperature,day_to_day,2025-10-26,2025-10-27,288,288,288.0,288.0,21.1271,21.1271,0.0,0.0,0.0,21.1271,21.1271,21.1271,21.1271,0.0,1.0,1.00e+00,1.00e+00,False,False
IPS7100_MHC_001,temperature,day_to_day,2025-10-27,2025-10-28,288,288,288.0,288.0,21.1271,21.1271,0.0,0.0,0.0,21.1271,21.1271,21.1271,21.1271,0.0,1.0,1.00e+00,1.00e+00,False,False
IPS7100_MHC_001,temperature,day_to_day,2025-10-28,2025-10-29,288,288,288.0,288.0,21.1271,21.1271,0.0,0.0,0.0,21.1271,21.1271,21.1271,21.1271,0.0,1.0,1.00e+00,1.00e+00,False,False
IPS7100_MHC_001,temperature,day_to_day,2025-10-29,2025-10-30,288,288,288.0,288.0,21.1271,21.1271,0.0,0.0,0.0,21.1271,21.1271,21.1271,21.1271,0.0,1.0,1.00e+00,1.00e+00,False,False
IPS7100_MHC_001,temperature,day_to_day,2025-10-30,2025-10-31,288,288,288.0,288.0,21.1271,21.1271,0.0,0.0,0.0,21.1271,21.1271,21.1271,21.1271,0.0,1.0,1.00e+00,1.00e+00,False,False
IPS7100_MHC_001,temperature,day_to_day,2025-10-31,2025-11-01,288,288,288.0,288.0,21.1271,21.1271,0.0,0.0,0.0,21.1271,21.1271,21.1271,21.1271,0.0,1.0,1.00e+00,1.00e+00,False,False
IPS7100_MHC_001,temperature,day_to_day,2025-11-01,2025-11-02,288,288,288.0,288.0,21.1271,21.1271,0.0,0.0,0.0,21.1271,21.1271,21.1271,21.1271,0.0,1.0,1.00e+00,1.00e+00,False,False
IPS7100_MHC_001,temperature,day_to_day,2025-11-02,2025-11-03,288,288,288.0,288.0,21.1271,21.1271,0.0,0.0,0.0,21.1271,21.1271,21.1271,21.1271,0.0,1.0,1.00e+00,1.00e+00,False,False
IPS7100_MHC_001,temperature,day_to_day,2025-11-03,2025-11-04,288,288,288.0,288.0,21.1271,21.1271,0.0,0.0,0.0,21.1271,21.1271,21.1271,21.1271,0.0,1.0,1.00e+00,1.00e+00,False,False
IPS7100_MHC_001,temperature,day_to_day,2025-11-04,2025-11-05,288,288,288.0,288.0,21.1271,21.1271,0.0,0.0,0.0,21.1271,21.1271,21.1271,21.1271,0.0,1.0,1.00e+00,1.00e+00,False,False
IPS7100_MHC_001,temperature,day_to_day,2025-11-05,2025-11-06,288,288,288.0,288.0,21.1271,21.1271,-0.0,0.0,0.0,21.1271,21.1271,21.1271,21.1271,0.0,1.0,1.00e+00,1.00e+00,False,False
IPS7100_MHC_001,temperature,day_to_day,2025-11-06,2025-11-07,288,288,288.0,288.0,21.1271,21.1271,0.0,0.0,0.0,21.1271,21.1271,21.1271,21.1271,0.0,1.0,1.00e+00,1.00e+00,False,False
IPS7100_MHC_001,temperature,day_to_day,2025-11-07,2025-11-08,288,288,288.0,288.0,21.1271,21.1271,0.0,0.0,0.0,21.1271,21.1271,21.1271,21.1271,0.0,1.0,1.00e+00,1.00e+00,False,False
IPS7100_MHC_001,temperature,day_to_day,2025-11-08,2025-11-09,288,288,288.0,288.0,21.1271,21.1271,0.0,0.0,0.0,21.1271,21.1271,21.1271,21.1271,0.0,1.0,1.00e+00,1.00e+00,False,False
IPS7100_MHC_001,temperature,day_to_day,2025-11-09,2025-11-10,288,288,288.0,288.0,21.1271,21.1271,0.0,0.0,0.0,21.1271,21.1271,21.1271,21.1271,0.0,1.0,1.00e+00,1.00e+00,False,False
IPS7100_MHC_001,temperature,day_to_day,2025-11-10,2025-11-11,288,288,288.0,288.0,21.1271,21.1271,0.0,0.0,0.0,21.1271,21.1271,21.1271,21.1271,0.0,1.0,1.00e+00,1.00e+00,False,False
IPS7100_MHC_001,temperature,day_to_day,2025-11-11,2025-11-12,288,288,288.0,288.0,21.1271,21.1271,-0.0,0.0,0.0,21.1271,21.1271,21.1271,21.1271,0.0,1.0,1.00e+00,1.00e+00,False,False
IPS7100_MHC_001,temperature,day_to_day,2025-11-12,2025-11-13,288,288,288.0,288.0,21.1271,21.1271,0.0,0.0,0.0,21.1271,21.1271,21.1271,21.1271,0.0,1.0,1.00e+00,1.00e+00,False,False
IPS7100_MHC_001,temperature,day_to_day,2025-11-13,2025-11-14,288,288,288.0,288.0,21.1271,21.1271,0.0,0.0,0.0,21.1271,21.1271,21.1271,21.1271,0.0,1.0,1.00e+00,1.00e+00,False,False
IPS7100_MHC_001,temperature,day_to_day,2025-11-14,2025-11-15,288,288,288.0,288.0,21.1271,21.1271,0.0,0.0,0.0,21.1271,21.1271,21.1271,21.1271,0.0,1.0,1.00e+00,1.00e+00,False,False
IPS7100_MHC_001,temperature,day_to_day,2025-11-15,2025-11-16,288,288,288.0,288.0,21.1271,21.1271,0.0,0.0,0.0,21.1271,21.1271,21.1271,21.1271,0.0,1.0,1.00e+00,1.00e+00,False,False
IPS7100_MHC_001,temperature,day_to_day,2025-11-16,2025-11-17,288,288,288.0,288.0,21.1271,21.1271,0.0,0.0,0.0,21.1271,21.1271,21.1271,21.1271,0.0,1.0,1.00e+00,1.00e+00,False,False
IPS7100_MHC_001,temperature,day_to_day,2025-11-17,2025-11-18,288,288,288.0,288.0,21.1271,21.1271,0.0,0.0,0.0,21.1271,21.1271,21.1271,21.1271,0.0,1.0,1.00e+00,1.00e+00,False,False
IPS7100_MHC_001,temperature,day_to_day,2025-11-18,2025-11-19,288,288,288.0,288.0,21.1271,21.1271,0.0,0.0,0.0,21.1271,21.1271,21.1271,21.1271,0.0,1.0,1.00e+00,1.00e+00,False,False
IPS7100_MHC_001,temperature,day_to_day,2025-11-19,2025-11-20,288,288,288.0,288.0,21.1271,21.1271,0.0,0.0,0.0,21.1271,21.1271,21.1271,21.1271,0.0,1.0,1.00e+00,1.00e+00,False,False
IPS7100_MHC_001,temperature,day_to_day,2025-11-20,2025-11-21,288,288,288.0,288.0,21.1271,21.1271,0.0,0.0,0.0,21.1271,21.1271,21.1271,21.1271,0.0,1.0,1.00e+00,1.00e+00,False,False
IPS7100_MHC_001,temperature,day_to_day,2025-11-21,2025-11-22,288,288,288.0,288.0,21.1271,21.1271,0.0,0.0,0.0,21.1271,21.1271,21.1271,21.1271,0.0,1.0,1.00e+00,1.00e+00,False,False
IPS7100_MHC_001,temperature,day_to_day,2025-11-22,2025-11-23,288,288,288.0,288.0,21.1271,21.1271,0.0,0.0,0.0,21.1271,21.1271,21.1271,21.1271,0.0,1.0,1.00e+00,1.00e+00,False,False
IPS7100_MHC_001,temperature,day_to_day,2025-11-23,2025-11-24,288,288,288.0,288.0,21.1271,21.1271,0.0,0.0,0.0,21.1271,21.1271,21.1271,21.1271,0.0,1.0,1.00e+00,1.00e+00,False,False
IPS7100_MHC_001,temperature,day_to_day,2025-11-24,2025-11-25,288,110,288.0,110.0,21.1271,21.1271,-0.0,0.0,0.0,21.1271,21.1271,21.1271,21.1271,0.0,1.0,1.00e+00,1.00e+00,False,False
IPS7100_MHC_001,temperature,day_to_day,2025-11-25,2025-11-26,110,179,110.0,179.0,21.1271,21.1271,0.0,0.0,0.0,21.1271,21.1271,21.1271,21.1271,0.0,1.0,1.00e+00,1.00e+00,False,False
IPS7100_MHC_001,temperature,day_to_day,2025-11-26,2025-11-27,179,288,179.0,288.0,21.1271,21.1271,0.0,0.0,0.0,21.1271,21.1271,21.1271,21.1271,0.0,1.0,1.00e+00,1.00e+00,False,False
IPS7100_MHC_001,temperature,day_to_day,2025-11-27,2025-11-28,288,288,288.0,288.0,21.1271,21.1271,0.0,0.0,0.0,21.1271,21.1271,21.1271,21.1271,0.0,1.0,1.00e+00,1.00e+00,False,False
IPS7100_MHC_001,temperature,day_to_day,2025-11-28,2025-11-29,288,288,288.0,288.0,21.1271,21.1271,0.0,0.0,0.0,21.1271,21.1271,21.1271,21.1271,0.0,1.0,1.00e+00,1.00e+00,False,False
IPS7100_MHC_001,temperature,day_to_day,2025-11-29,2025-11-30,288,288,288.0,288.0,21.1271,21.1271,0.0,0.0,0.0,21.1271,21.1271,21.1271,21.1271,0.0,1.0,1.00e+00,1.00e+00,False,False
IPS7100_MHC_001,temperature,day_to_day,2025-11-30,2025-12-01,288,288,288.0,288.0,21.1271,21.1271,0.0,0.0,0.0,21.1271,21.1271,21.1271,21.1271,0.0,1.0,1.00e+00,1.00e+00,False,False
IPS7100_MHC_001,temperature,day_to_day,2025-12-01,2025-12-02,288,288,288.0,288.0,21.1271,21.1271,0.0,0.0,0.0,21.1271,21.1271,21.1271,21.1271,0.0,1.0,1.00e+00,1.00e+00,False,False
IPS7100_MHC_001,temperature,day_to_day,2025-12-02,2025-12-03,288,288,288.0,288.0,21.1271,21.1271,0.0,0.0,0.0,21.1271,21.1271,21.1271,21.1271,0.0,1.0,1.00e+00,1.00e+00,False,False
IPS7100_MHC_001,temperature,day_to_day,2025-12-03,2025-12-04,288,288,288.0,288.0,21.1271,21.1271,0.0,0.0,0.0,21.1271,21.1271,21.1271,21.1271,0.0,1.0,1.00e+00,1.00e+00,False,False
IPS7100_MHC_001,temperature,day_to_day,2025-12-04,2025-12-05,288,288,288.0,288.0,21.1271,21.1271,0.0,0.0,0.0,21.1271,21.1271,21.1271,21.1271,0.0,1.0,1.00e+00,1.00e+00,False,False
IPS7100_MHC_001,temperature,day_to_day,2025-12-05,2025-12-06,288,288,288.0,288.0,21.1271,21.1271,0.0,0.0,0.0,21.1271,21.1271,21.1271,21.1271,0.0,1.0,1.00e+00,1.00e+00,False,False
IPS7100_MHC_001,temperature,day_to_day,2025-12-06,2025-12-07,288,288,288.0,288.0,21.1271,21.1271,0.0,0.0,0.0,21.1271,21.1271,21.1271,21.1271,0.0,1.0,1.00e+00,1.00e+00,False,False
IPS7100_MHC_001,temperature,day_to_day,2025-12-07,2025-12-08,288,288,288.0,288.0,21.1271,21.1271,0.0,0.0,0.0,21.1271,21.1271,21.1271,21.1271,0.0,1.0,1.00e+00,1.00e+00,False,False
IPS7100_MHC_001,temperature,day_to_day,2025-12-08,2025-12-09,288,288,288.0,288.0,21.1271,21.1271,0.0,0.0,0.0,21.1271,21.1271,21.1271,21.1271,0.0,1.0,1.00e+00,1.00e+00,False,False
IPS7100_MHC_001,temperature,day_to_day,2025-12-09,2025-12-10,288,288,288.0,288.0,21.1271,21.1271,0.0,0.0,0.0,21.1271,21.1271,21.1271,21.1271,0.0,1.0,1.00e+00,1.00e+00,False,False
IPS7100_MHC_001,temperature,day_to_day,2025-12-10,2025-12-11,288,288,288.0,288.0,21.1271,21.1271,0.0,0.0,0.0,21.1271,21.1271,21.1271,21.1271,0.0,1.0,1.00e+00,1.00e+00,False,False
IPS7100_MHC_001,temperature,day_to_day,2025-12-11,2025-12-12,288,288,288.0,288.0,21.1271,21.1271,0.0,0.0,0.0,21.1271,21.1271,21.1271,21.1271,0.0,1.0,1.00e+00,1.00e+00,False,False
IPS7100_MHC_001,temperature,day_to_day,2025-12-12,2025-12-13,288,288,288.0,288.0,21.1271,21.1271,0.0,0.0,0.0,21.1271,21.1271,21.1271,21.1271,0.0,1.0,1.00e+00,1.00e+00,False,False
IPS7100_MHC_001,temperature,day_to_day,2025-12-13,2025-12-14,288,288,288.0,288.0,21.1271,21.1271,0.0,0.0,0.0,21.1271,21.1271,21.1271,21.1271,0.0,1.0,1.00e+00,1.00e+00,False,False
IPS7100_MHC_001,temperature,day_to_day,2025-12-14,2025-12-15,288,288,288.0,288.0,21.1271,21.1271,0.0,0.0,0.0,21.1271,21.1271,21.1271,21.1271,0.0,1.0,1.00e+00,1.00e+00,False,False
IPS7100_MHC_001,temperature,day_to_day,2025-12-15,2025-12-16,288,288,288.0,288.0,21.1271,21.1271,0.0,0.0,0.0,21.1271,21.1271,21.1271,21.1271,0.0,1.0,1.00e+00,1.00e+00,False,False
IPS7100_MHC_001,temperature,day_to_day,2025-12-16,2025-12-17,288,288,288.0,288.0,21.1271,21.1271,0.0,0.0,0.0,21.1271,21.1271,21.1271,21.1271,0.0,1.0,1.00e+00,1.00e+00,False,False
IPS7100_MHC_001,temperature,day_to_day,2025-12-17,2025-12-18,288,288,288.0,288.0,21.1271,21.1271,0.0,0.0,0.0,21.1271,21.1271,21.1271,21.1271,0.0,1.0,1.00e+00,1.00e+00,False,False
IPS7100_MHC_001,temperature,day_to_day,2025-12-18,2025-12-19,288,288,288.0,288.0,21.1271,21.1271,0.0,0.0,0.0,21.1271,21.1271,21.1271,21.1271,0.0,1.0,1.00e+00,1.00e+00,False,False
IPS7100_MHC_001,temperature,day_to_day,2025-12-19,2025-12-20,288,288,288.0,288.0,21.1271,21.1271,0.0,0.0,0.0,21.1271,21.1271,21.1271,21.1271,0.0,1.0,1.00e+00,1.00e+00,False,False
IPS7100_MHC_001,temperature,day_to_day,2025-12-20,2025-12-21,288,288,288.0,288.0,21.1271,21.1271,0.0,0.0,0.0,21.1271,21.1271,21.1271,21.1271,0.0,1.0,1.00e+00,1.00e+00,False,False
IPS7100_MHC_001,temperature,day_to_day,2025-12-21,2025-12-22,288,288,288.0,288.0,21.1271,21.1271,0.0,0.0,0.0,21.1271,21.1271,21.1271,21.1271,0.0,1.0,1.00e+00,1.00e+00,False,False
IPS7100_MHC_001,temperature,day_to_day,2025-12-22,2025-12-23,288,288,288.0,288.0,21.1271,21.1271,0.0,0.0,0.0,21.1271,21.1271,21.1271,21.1271,0.0,1.0,1.00e+00,1.00e+00,False,False
IPS7100_MHC_001,temperature,day_to_day,2025-12-23,2025-12-24,288,288,288.0,288.0,21.1271,21.1271,0.0,0.0,0.0,21.1271,21.1271,21.1271,21.1271,0.0,1.0,1.00e+00,1.00e+00,False,False
IPS7100_MHC_001,temperature,day_to_day,2025-12-24,2025-12-25,288,288,288.0,288.0,21.1271,21.1271,0.0,0.0,0.0,21.1271,21.1271,21.1271,21.1271,0.0,1.0,1.00e+00,1.00e+00,False,False
IPS7100_MHC_001,temperature,day_to_day,2025-12-25,2025-12-26,288,288,288.0,288.0,21.1271,21.1271,0.0,0.0,0.0,21.1271,21.1271,21.1271,21.1271,0.0,1.0,1.00e+00,1.00e+00,False,False
IPS7100_MHC_001,temperature,day_to_day,2025-12-26,2025-12-27,288,288,288.0,288.0,21.1271,21.1271,0.0,0.0,0.0,21.1271,21.1271,21.1271,21.1271,0.0,1.0,1.00e+00,1.00e+00,False,False
IPS7100_MHC_001,temperature,day_to_day,2025-12-27,2025-12-28,288,288,288.0,288.0,21.1271,21.1271,0.0,0.0,0.0,21.1271,21.1271,21.1271,21.1271,0.0,1.0,1.00e+00,1.00e+00,False,False
IPS7100_MHC_001,temperature,day_to_day,2025-12-28,2025-12-29,288,288,288.0,288.0,21.1271,21.1271,0.0,0.0,0.0,21.1271,21.1271,21.1271,21.1271,0.0,1.0,1.00e+00,1.00e+00,False,False
IPS7100_MHC_001,temperature,day_to_day,2025-12-29,2025-12-30,288,288,288.0,288.0,21.1271,21.1271,0.0,0.0,0.0,21.1271,21.1271,21.1271,21.1271,0.0,1.0,1.00e+00,1.00e+00,False,False
IPS7100_MHC_001,temperature,day_to_day,2025-12-30,2025-12-31,288,288,288.0,288.0,21.1271,21.1271,0.0,0.0,0.0,21.1271,21.1271,21.1271,21.1271,0.0,1.0,1.00e+00,1.00e+00,False,False
IPS7100_MHC_001,temperature,day_to_day,2025-12-31,2026-01-01,288,288,288.0,288.0,21.1271,21.1271,0.0,0.0,0.0,21.1271,21.1271,21.1271,21.1271,0.0,1.0,1.00e+00,1.00e+00,False,False
IPS7100_MHC_001,temperature,day_to_day,2026-01-01,2026-01-02,288,288,288.0,288.0,21.1271,21.1271,0.0,0.0,0.0,21.1271,21.1271,21.1271,21.1271,0.0,1.0,1.00e+00,1.00e+00,False,False
IPS7100_MHC_001,temperature,day_to_day,2026-01-02,2026-01-03,288,288,288.0,288.0,21.1271,21.1271,0.0,0.0,0.0,21.1271,21.1271,21.1271,21.1271,0.0,1.0,1.00e+00,1.00e+00,False,False
IPS7100_MHC_001,temperature,day_to_day,2026-01-03,2026-01-04,288,288,288.0,288.0,21.1271,21.1271,0.0,0.0,0.0,21.1271,21.1271,21.1271,21.1271,0.0,1.0,1.00e+00,1.00e+00,False,False
IPS7100_MHC_001,temperature,day_to_day,2026-01-04,2026-01-05,288,288,288.0,288.0,21.1271,21.1271,0.0,0.0,0.0,21.1271,21.1271,21.1271,21.1271,0.0,1.0,1.00e+00,1.00e+00,False,False
IPS7100_MHC_001,temperature,day_to_day,2026-01-05,2026-01-06,288,288,288.0,288.0,21.1271,21.1271,0.0,0.0,0.0,21.1271,21.1271,21.1271,21.1271,0.0,1.0,1.00e+00,1.00e+00,False,False
IPS7100_MHC_001,temperature,day_to_day,2026-01-06,2026-01-07,288,288,288.0,288.0,21.1271,21.1271,0.0,0.0,0.0,21.1271,21.1271,21.1271,21.1271,0.0,1.0,1.00e+00,1.00e+00,False,False
IPS7100_MHC_001,temperature,day_to_day,2026-01-07,2026-01-08,288,288,288.0,288.0,21.1271,21.1271,0.0,0.0,0.0,21.1271,21.1271,21.1271,21.1271,0.0,1.0,1.00e+00,1.00e+00,False,False
IPS7100_MHC_001,temperature,day_to_day,2026-01-08,2026-01-09,288,288,288.0,288.0,21.1271,21.1271,0.0,0.0,0.0,21.1271,21.1271,21.1271,21.1271,0.0,1.0,1.00e+00,1.00e+00,False,False
IPS7100_MHC_001,temperature,day_to_day,2026-01-09,2026-01-10,288,288,288.0,288.0,21.1271,21.1271,0.0,0.0,0.0,21.1271,21.1271,21.1271,21.1271,0.0,1.0,1.00e+00,1.00e+00,False,False
IPS7100_MHC_001,temperature,day_to_day,2026-01-10,2026-01-11,288,288,288.0,288.0,21.1271,21.1271,0.0,0.0,0.0,21.1271,21.1271,21.1271,21.1271,0.0,1.0,1.00e+00,1.00e+00,False,False
IPS7100_MHC_001,temperature,day_to_day,2026-01-11,2026-01-12,288,288,288.0,288.0,21.1271,21.1271,0.0,0.0,0.0,21.1271,21.1271,21.1271,21.1271,0.0,1.0,1.00e+00,1.00e+00,False,False
IPS7100_MHC_001,temperature,day_to_day,2026-01-12,2026-01-13,288,288,288.0,288.0,21.1271,21.1271,0.0,0.0,0.0,21.1271,21.1271,21.1271,21.1271,0.0,1.0,1.00e+00,1.00e+00,False,False
IPS7100_MHC_001,temperature,day_to_day,2026-01-13,2026-01-14,288,288,288.0,288.0,21.1271,21.1271,0.0,0.0,0.0,21.1271,21.1271,21.1271,21.1271,0.0,1.0,1.00e+00,1.00e+00,False,False
IPS7100_MHC_001,temperature,day_to_day,2026-01-14,2026-01-15,288,288,288.0,288.0,21.1271,21.1271,0.0,0.0,0.0,21.1271,21.1271,21.1271,21.1271,0.0,1.0,1.00e+00,1.00e+00,False,False
IPS7100_MHC_001,temperature,day_to_day,2026-01-15,2026-01-16,288,288,288.0,288.0,21.1271,21.1271,0.0,0.0,0.0,21.1271,21.1271,21.1271,21.1271,0.0,1.0,1.00e+00,1.00e+00,False,False
IPS7100_MHC_001,temperature,day_to_day,2026-01-16,2026-01-17,288,288,288.0,288.0,21.1271,21.1271,0.0,0.0,0.0,21.1271,21.1271,21.1271,21.1271,0.0,1.0,1.00e+00,1.00e+00,False,False
IPS7100_MHC_001,temperature,day_to_day,2026-01-17,2026-01-18,288,288,288.0,288.0,21.1271,21.1271,0.0,0.0,0.0,21.1271,21.1271,21.1271,21.1271,0.0,1.0,1.00e+00,1.00e+00,False,False
IPS7100_MHC_001,temperature,day_to_day,2026-01-18,2026-01-19,288,288,288.0,288.0,21.1271,21.1271,0.0,0.0,0.0,21.1271,21.1271,21.1271,21.1271,0.0,1.0,1.00e+00,1.00e+00,False,False
IPS7100_MHC_001,temperature,day_to_day,2026-01-19,2026-01-20,288,288,288.0,288.0,21.1271,21.1271,0.0,0.0,0.0,21.1271,21.1271,21.1271,21.1271,0.0,1.0,1.00e+00,1.00e+00,False,False
IPS7100_MHC_001,temperature,day_to_day,2026-01-20,2026-01-21,288,288,288.0,288.0,21.1271,21.1271,0.0,0.0,0.0,21.1271,21.1271,21.1271,21.1271,0.0,1.0,1.00e+00,1.00e+00,False,False
IPS7100_MHC_001,temperature,day_to_day,2026-01-21,2026-01-22,288,288,288.0,288.0,21.1271,21.1271,0.0,0.0,0.0,21.1271,21.1271,21.1271,21.1271,0.0,1.0,1.00e+00,1.00e+00,False,False
IPS7100_MHC_001,temperature,day_to_day,2026-01-22,2026-01-23,288,288,288.0,288.0,21.1271,21.1271,0.0,0.0,0.0,21.1271,21.1271,21.1271,21.1271,0.0,1.0,1.00e+00,1.00e+00,False,False
IPS7100_MHC_001,temperature,day_to_day,2026-01-23,2026-01-24,288,288,288.0,288.0,21.1271,21.1271,0.0,0.0,0.0,21.1271,21.1271,21.1271,21.1271,0.0,1.0,1.00e+00,1.00e+00,False,False
IPS7100_MHC_001,temperature,day_to_day,2026-01-24,2026-01-25,288,288,288.0,288.0,21.1271,21.1271,0.0,0.0,0.0,21.1271,21.1271,21.1271,21.1271,0.0,1.0,1.00e+00,1.00e+00,False,False
IPS7100_MHC_001,temperature,day_to_day,2026-01-25,2026-01-26,288,110,288.0,110.0,21.1271,21.1271,-0.0,0.0,0.0,21.1271,21.1271,21.1271,21.1271,0.0,1.0,1.00e+00,1.00e+00,False,False
IPS7100_MHC_001,temperature,day_to_day,2026-01-26,2026-01-27,110,179,110.0,179.0,21.1271,21.1271,0.0,0.0,0.0,21.1271,21.1271,21.1271,21.1271,0.0,1.0,1.00e+00,1.00e+00,False,False
IPS7100_MHC_001,temperature,day_to_day,2026-01-27,2026-01-28,179,288,179.0,288.0,21.1271,21.1271,0.0,0.0,0.0,21.1271,21.1271,21.1271,21.1271,0.0,1.0,1.00e+00,1.00e+00,False,False
IPS7100_MHC_001,temperature,day_to_day,2026-01-28,2026-01-29,288,288,288.0,288.0,21.1271,21.1271,0.0,0.0,0.0,21.1271,21.1271,21.1271,21.1271,0.0,1.0,1.00e+00,1.00e+00,False,False
IPS7100_MHC_001,temperature,day_to_day,2026-01-29,2026-01-30,288,288,288.0,288.0,21.1271,21.1271,0.0,0.0,0.0,21.1271,21.1271,21.1271,21.1271,0.0,1.0,1.00e+00,1.00e+00,False,False
IPS7100_MHC_001,temperature,day_to_day,2026-01-30,2026-01-31,288,288,288.0,288.0,21.1271,21.1271,0.0,0.0,0.0,21.1271,21.1271,21.1271,21.1271,0.0,1.0,1.00e+00,1.00e+00,False,False
IPS7100_MHC_001,temperature,day_to_day,2026-01-31,2026-02-01,288,288,288.0,288.0,21.1271,21.1271,0.0,0.0,0.0,21.1271,21.1271,21.1271,21.1271,0.0,1.0,1.00e+00,1.00e+00,False,False
IPS7100_MHC_001,temperature,day_to_day,2026-02-01,2026-02-02,288,288,288.0,288.0,21.1271,21.1271,0.0,0.0,0.0,21.1271,21.1271,21.1271,21.1271,0.0,1.0,1.00e+00,1.00e+00,False,False
IPS7100_MHC_001,temperature,day_to_day,2026-02-02,2026-02-03,288,288,288.0,288.0,21.1271,21.1271,0.0,0.0,0.0,21.1271,21.1271,21.1271,21.1271,0.0,1.0,1.00e+00,1.00e+00,False,False
IPS7100_MHC_001,temperature,day_to_day,2026-02-03,2026-02-04,288,288,288.0,288.0,21.1271,21.1271,0.0,0.0,0.0,21.1271,21.1271,21.1271,21.1271,0.0,1.0,1.00e+00,1.00e+00,False,False
IPS7100_MHC_001,temperature,day_to_day,2026-02-04,2026-02-05,288,288,288.0,288.0,21.1271,21.1271,0.0,0.0,0.0,21.1271,21.1271,21.1271,21.1271,0.0,1.0,1.00e+00,1.00e+00,False,False
IPS7100_MHC_001,temperature,day_to_day,2026-02-05,2026-02-06,288,288,288.0,288.0,21.1271,21.1271,0.0,0.0,0.0,21.1271,21.1271,21.1271,21.1271,0.0,1.0,1.00e+00,1.00e+00,False,False
IPS7100_MHC_001,temperature,day_to_day,2026-02-06,2026-02-07,288,288,288.0,288.0,21.1271,21.1271,0.0,0.0,0.0,21.1271,21.1271,21.1271,21.1271,0.0,1.0,1.00e+00,1.00e+00,False,False
IPS7100_MHC_001,temperature,day_to_day,2026-02-07,2026-02-08,288,288,288.0,288.0,21.1271,21.1271,0.0,0.0,0.0,21.1271,21.1271,21.1271,21.1271,0.0,1.0,1.00e+00,1.00e+00,False,False
IPS7100_MHC_001,temperature,day_to_day,2026-02-08,2026-02-09,288,288,288.0,288.0,21.1271,21.1271,0.0,0.0,0.0,21.1271,21.1271,21.1271,21.1271,0.0,1.0,1.00e+00,1.00e+00,False,False
IPS7100_MHC_001,temperature,day_to_day,2026-02-09,2026-02-10,288,288,288.0,288.0,21.1271,21.1271,0.0,0.0,0.0,21.1271,21.1271,21.1271,21.1271,0.0,1.0,1.00e+00,1.00e+00,False,False
IPS7100_MHC_001,temperature,day_to_day,2026-02-10,2026-02-11,288,288,288.0,288.0,21.1271,21.1271,0.0,0.0,0.0,21.1271,21.1271,21.1271,21.1271,0.0,1.0,1.00e+00,1.00e+00,False,False
IPS7100_MHC_001,temperature,day_to_day,2026-02-11,2026-02-12,288,288,288.0,288.0,21.1271,21.1271,0.0,0.0,0.0,21.1271,21.1271,21.1271,21.1271,0.0,1.0,1.00e+00,1.00e+00,False,False
IPS7100_MHC_001,temperature,day_to_day,2026-02-12,2026-02-13,288,288,288.0,288.0,21.1271,21.1271,0.0,0.0,0.0,21.1271,21.1271,21.1271,21.1271,0.0,1.0,1.00e+00,1.00e+00,False,False
IPS7100_MHC_001,temperature,day_to_day,2026-02-13,2026-02-14,288,288,288.0,2.9,21.1271,20.459,-0.6681,0.0,1.6907,21.1271,21.1271,15.8611,21.1271,-0.5579,inf,1.00e+00,1.00e+00,False,False
IPS7100_MHC_001,temperature,day_to_day,2026-02-14,2026-02-15,288,252,2.9,2.5,20.459,16.455,-4.0039,1.6907,3.4136,15.8611,21.1271,13.1095,25.7607,-1.5146,2.0191,1.00e+00,1.00e+00,False,False
IPS7100_MHC_001,temperature,day_to_day,2026-02-15,2026-02-16,252,288,2.5,2.9,16.455,14.7482,-1.7068,3.4136,5.1015,13.1095,25.7607,7.9475,24.3374,-0.3876,1.4944,1.00e+00,1.00e+00,False,False
IPS7100_MHC_001,temperature,day_to_day,2026-02-16,2026-02-17,288,288,2.9,2.9,14.7482,17.5146,2.7664,5.1015,3.9966,7.9475,24.3374,12.7224,26.3334,0.6027,0.7834,1.00e+00,1.00e+00,False,False
IPS7100_MHC_001,temperature,day_to_day,2026-02-17,2026-02-18,288,288,2.9,2.9,17.5146,21.1948,3.6802,3.9966,3.6684,12.7224,26.3334,15.5738,29.1705,0.9577,0.9179,1.00e+00,1.00e+00,False,False
IPS7100_MHC_001,temperature,day_to_day,2026-02-18,2026-02-19,288,288,2.9,2.9,21.1948,21.1685,-0.0263,3.6684,3.5243,15.5738,29.1705,17.2911,28.8212,-0.0073,0.9607,1.00e+00,1.00e+00,False,False
IPS7100_MHC_001,temperature,day_to_day,2026-02-19,2026-02-20,288,288,2.9,2.9,21.1685,12.7002,-8.4683,3.5243,5.2995,17.2911,28.8212,5.3314,25.5221,-1.8785,1.5037,1.00e+00,1.00e+00,False,False
IPS7100_MHC_001,temperature,day_to_day,2026-02-20,2026-02-21,288,288,2.9,2.9,12.7002,14.3745,1.6743,5.2995,1.7202,5.3314,25.5221,10.3123,16.8262,0.4242,0.3246,1.00e+00,1.00e+00,False,False
IPS7100_MHC_001,temperature,day_to_day,2026-02-21,2026-02-22,288,288,2.9,2.9,14.3745,9.6239,-4.7506,1.7202,3.8442,10.3123,16.8262,4.0714,18.3554,-1.5925,2.2347,1.00e+00,1.00e+00,False,False
IPS7100_MHC_001,temperature,day_to_day,2026-02-22,2026-02-23,288,288,2.9,2.9,9.6239,10.2833,0.6594,3.8442,6.3537,4.0714,18.3554,2.3872,26.0849,0.1254,1.6528,1.00e+00,1.00e+00,False,False
IPS7100_MHC_001,temperature,day_to_day,2026-02-23,2026-02-24,288,288,2.9,2.9,10.2833,12.5362,2.2529,6.3537,5.8485,2.3872,26.0849,5.9433,23.9254,0.3683,0.9205,1.00e+00,1.00e+00,False,False
IPS7100_MHC_001,temperature,day_to_day,2026-02-24,2026-02-25,288,288,2.9,2.9,12.5362,19.1139,6.5777,5.8485,5.4205,5.9433,23.9254,13.3713,31.7156,1.1645,0.9268,1.00e+00,1.00e+00,False,False
IPS7100_MHC_001,temperature,day_to_day,2026-02-25,2026-02-26,288,288,2.9,2.9,19.1139,21.3247,2.2108,5.4205,5.746,13.3713,31.7156,13.9928,32.8172,0.3951,1.06,1.00e+00,1.00e+00,False,False
IPS7100_MHC_001,temperature,day_to_day,2026-02-26,2026-02-27,288,288,2.9,2.9,21.3247,21.9466,0.6219,5.746,6.3988,13.9928,32.8172,12.786,35.3591,0.1021,1.1136,1.00e+00,1.00e+00,False,False
IPS7100_MHC_001,temperature,day_to_day,2026-02-27,2026-02-28,288,288,2.9,2.9,21.9466,21.711,-0.2355,6.3988,5.119,12.786,35.3591,15.3399,30.7929,-0.0406,0.8,1.00e+00,1.00e+00,False,False
IPS7100_MHC_001,temperature,day_to_day,2026-02-28,2026-03-01,288,288,2.9,2.9,21.711,21.5519,-0.1591,5.119,3.776,15.3399,30.7929,15.7492,29.5062,-0.0353,0.7376,1.00e+00,1.00e+00,False,False
IPS7100_MHC_001,temperature,day_to_day,2026-03-01,2026-03-02,288,288,2.9,2.9,21.5519,22.3216,0.7696,3.776,4.7519,15.7492,29.5062,16.1829,34.0958,0.179,1.2584,1.00e+00,1.00e+00,False,False
IPS7100_MHC_001,temperature,day_to_day,2026-03-02,2026-03-03,288,288,2.9,2.9,22.3216,22.9549,0.6334,4.7519,3.8518,16.1829,34.0958,17.9685,31.0161,0.1462,0.8106,1.00e+00,1.00e+00,False,False
IPS7100_MHC_001,temperature,day_to_day,2026-03-03,2026-03-04,288,288,2.9,2.9,22.9549,23.216,0.261,3.8518,1.8601,17.9685,31.0161,20.8912,28.6449,0.0862,0.4829,1.00e+00,1.00e+00,False,False
IPS7100_MHC_001,temperature,day_to_day,2026-03-04,2026-03-05,288,288,2.9,2.9,23.216,21.246,-1.9699,1.8601,3.3217,20.8912,28.6449,17.416,28.2523,-0.7305,1.7857,1.00e+00,1.00e+00,False,False
IPS7100_MHC_001,temperature,day_to_day,2026-03-05,2026-03-06,288,288,2.9,2.9,21.246,23.2172,1.9712,3.3217,3.0107,17.416,28.2523,19.3254,28.9928,0.6207,0.9064,1.00e+00,1.00e+00,False,False
IPS7100_MHC_001,temperature,day_to_day,2026-03-06,2026-03-07,288,288,2.9,2.9,23.2172,18.3469,-4.8703,3.0107,6.3839,19.3254,28.9928,9.2746,27.038,-0.9741,2.1204,1.00e+00,1.00e+00,False,False
IPS7100_MHC_001,temperature,day_to_day,2026-03-07,2026-03-08,288,288,2.9,2.9,18.3469,14.2091,-4.1378,6.3839,7.2674,9.2746,27.038,7.9399,29.1843,-0.6039,1.1384,1.00e+00,1.00e+00,False,False
IPS7100_MHC_001,temperature,day_to_day,2026-03-08,2026-03-09,288,288,2.9,2.9,14.2091,21.5591,7.35,7.2674,4.0679,7.9399,29.1843,17.4275,32.8459,1.2459,0.5598,1.00e+00,1.00e+00,False,False
IPS7100_MHC_001,temperature,day_to_day,2026-03-09,2026-03-10,288,286,2.9,2.9,21.5591,23.4219,1.8628,4.0679,1.7519,17.4275,32.8459,21.2968,27.4235,0.593,0.4307,1.00e+00,1.00e+00,False,False
IPS7100_MHC_001,temperature,day_to_day,2026-03-10,2026-03-11,286,288,2.9,2.9,23.4219,20.1524,-3.2695,1.7519,3.4999,21.2968,27.4235,16.3369,26.5517,-1.1781,1.9978,1.00e+00,1.00e+00,False,False
IPS7100_MHC_001,temperature,day_to_day,2026-03-11,2026-03-12,288,288,2.9,2.9,20.1524,12.9692,-7.1832,3.4999,5.329,16.3369,26.5517,5.5287,24.1134,-1.5906,1.5226,1.00e+00,1.00e+00,False,False
IPS7100_MHC_001,temperature,day_to_day,2026-03-12,2026-03-13,288,288,2.9,2.9,12.9692,15.953,2.9838,5.329,6.0274,5.5287,24.1134,9.1724,26.7899,0.5236,1.1311,1.00e+00,1.00e+00,False,False
IPS7100_MHC_001,temperature,day_to_day,2026-03-13,2026-03-14,288,288,2.9,2.9,15.953,19.7646,3.8116,6.0274,4.6446,9.1724,26.7899,13.2995,28.3431,0.7072,0.7706,1.00e+00,1.00e+00,False,False
IPS7100_MHC_001,temperature,day_to_day,2026-03-14,2026-03-15,288,288,2.9,2.9,19.7646,21.6606,1.896,4.6446,2.9366,13.2995,28.3431,15.4827,30.1919,0.4871,0.6323,1.00e+00,1.00e+00,False,False
IPS7100_MHC_001,temperature,day_to_day,2026-03-15,2026-03-16,288,288,2.9,2.9,21.6606,5.6129,-16.0477,2.9366,3.0896,15.4827,30.1919,1.1584,14.7273,-5.315,1.0521,1.00e+00,1.00e+00,False,False
IPS7100_MHC_001,temperature,day_to_day,2026-03-16,2026-03-17,288,288,2.9,2.9,5.6129,8.2232,2.6103,3.0896,5.7222,1.1584,14.7273,2.3365,19.0034,0.5667,1.8521,1.00e+00,1.00e+00,False,False
IPS7100_MHC_001,temperature,day_to_day,2026-03-17,2026-03-18,288,288,2.9,2.9,8.2232,15.0094,6.7862,5.7222,5.8025,2.3365,19.0034,8.4727,26.261,1.1756,1.014,1.00e+00,1.00e+00,False,False
IPS7100_MHC_001,temperature,day_to_day,2026-03-18,2026-03-19,288,288,2.9,2.9,15.0094,20.3291,5.3198,5.8025,6.7255,8.4727,26.261,12.5088,32.4537,0.8455,1.1591,1.00e+00,1.00e+00,False,False
IPS7100_MHC_001,temperature,day_to_day,2026-03-19,2026-03-20,288,288,2.9,2.9,20.3291,23.7797,3.4506,6.7255,6.1937,12.5088,32.4537,15.4136,34.4059,0.5328,0.9209,1.00e+00,1.00e+00,False,False
IPS7100_MHC_001,temperature,day_to_day,2026-03-20,2026-03-21,288,288,2.9,2.9,23.7797,24.9061,1.1264,6.1937,5.9419,15.4136,34.4059,16.4667,34.8938,0.1853,0.9593,1.00e+00,1.00e+00,False,False
IPS7100_MHC_001,temperature,day_to_day,2026-03-21,2026-03-22,288,288,2.9,2.9,24.9061,26.0701,1.164,5.9419,5.6479,16.4667,34.8938,17.7287,35.5647,0.2005,0.9505,1.00e+00,1.00e+00,False,False
IPS7100_MHC_001,temperature,day_to_day,2026-03-22,2026-03-23,288,288,2.9,2.9,26.0701,23.2348,-2.8353,5.6479,5.2736,17.7287,35.5647,15.2472,32.7732,-0.518,0.9337,1.00e+00,1.00e+00,False,False
IPS7100_MHC_001,temperature,day_to_day,2026-03-23,2026-03-24,288,110,2.9,1.1,23.2348,20.6678,-2.5669,5.2736,2.7804,15.2472,32.7732,16.9564,28.0405,-0.5427,0.5272,1.00e+00,1.00e+00,False,False
IPS7100_MHC_001,temperature,day_to_day,2026-03-24,2026-03-25,110,179,1.1,1.8,20.6678,23.9481,3.2803,2.7804,4.6255,16.9564,28.0405,18.1701,31.1931,0.8123,1.6636,1.00e+00,1.00e+00,False,False
IPS7100_MHC_001,temperature,day_to_day,2026-03-25,2026-03-26,179,288,1.8,2.9,23.9481,24.2395,0.2914,4.6255,4.0402,18.1701,31.1931,18.622,31.4084,0.068,0.8735,1.00e+00,1.00e+00,False,False
IPS7100_MHC_001,temperature,day_to_day,2026-03-26,2026-03-27,288,288,2.9,2.9,24.2395,20.6,-3.6395,4.0402,3.7738,18.622,31.4084,13.7269,30.067,-0.9294,0.9341,1.00e+00,1.00e+00,False,False
IPS7100_MHC_001,temperature,day_to_day,2026-03-27,2026-03-28,288,288,2.9,2.9,20.6,13.2255,-7.3745,3.7738,1.4313,13.7269,30.067,11.4139,17.6082,-2.5795,0.3793,1.00e+00,1.00e+00,False,False
IPS7100_MHC_001,temperature,day_to_day,2026-03-28,2026-03-29,288,288,2.9,2.9,13.2255,17.299,4.0734,1.4313,6.6931,11.4139,17.6082,10.3759,28.9666,0.8402,4.6763,1.00e+00,1.00e+00,False,False
IPS7100_MHC_001,temperature,day_to_day,2026-03-29,2026-03-30,288,288,2.9,2.9,17.299,22.9765,5.6776,6.6931,3.5068,10.3759,28.9666,18.0267,29.4896,1.0608,0.5239,1.00e+00,1.00e+00,False,False
IPS7100_MHC_001,temperature,day_to_day,2026-03-30,2026-03-31,288,288,2.9,2.9,22.9765,23.7524,0.7758,3.5068,3.8632,18.0267,29.4896,18.5806,30.6403,0.2099,1.1016,1.00e+00,1.00e+00,False,False
IPS7100_MHC_001,temperature,day_to_day,2026-03-31,2026-04-01,288,288,2.9,2.9,23.7524,24.952,1.1996,3.8632,3.2016,18.5806,30.6403,20.3993,30.9559,0.3375,0.8287,1.00e+00,1.00e+00,False,False
IPS7100_MHC_001,temperature,day_to_day,2026-04-01,2026-04-02,288,288,2.9,2.9,24.952,23.6784,-1.2736,3.2016,3.6106,20.3993,30.9559,17.5962,29.7853,-0.3726,1.1277,1.00e+00,1.00e+00,False,False
IPS7100_MHC_001,temperature,day_to_day,2026-04-02,2026-04-03,288,288,2.9,2.9,23.6784,23.9744,0.296,3.6106,2.7615,17.5962,29.7853,20.7039,30.3373,0.0919,0.7648,1.00e+00,1.00e+00,False,False
IPS7100_MHC_001,temperature,day_to_day,2026-04-03,2026-04-04,288,288,2.9,2.9,23.9744,20.057,-3.9174,2.7615,4.5383,20.7039,30.3373,11.284,27.3492,-1.041,1.6435,1.00e+00,1.00e+00,False,False
IPS7100_MHC_001,temperature,day_to_day,2026-04-04,2026-04-05,288,288,2.9,2.9,20.057,16.5259,-3.5311,4.5383,4.532,11.284,27.3492,9.72,24.6311,-0.7773,0.9986,1.00e+00,1.00e+00,False,False
IPS7100_MHC_001,temperature,day_to_day,2026-04-05,2026-04-06,288,288,2.9,2.9,16.5259,17.8541,1.3281,4.532,5.775,9.72,24.6311,10.2881,28.9225,0.2554,1.2743,1.00e+00,1.00e+00,False,False
IPS7100_MHC_001,temperature,day_to_day,2026-04-06,2026-04-07,288,288,2.9,2.9,17.8541,17.8502,-0.0039,5.775,4.866,10.2881,28.9225,11.0756,26.3039,-0.0007,0.8426,1.00e+00,1.00e+00,False,False
IPS7100_MHC_001,temperature,day_to_day,2026-04-07,2026-04-08,288,288,2.9,2.9,17.8502,20.2885,2.4383,4.866,4.5758,11.0756,26.3039,14.4455,27.9992,0.5154,0.9404,1.00e+00,1.00e+00,False,False
IPS7100_MHC_001,temperature,day_to_day,2026-04-08,2026-04-09,288,288,2.9,2.9,20.2885,21.899,1.6105,4.5758,4.2015,14.4455,27.9992,16.4371,29.9377,0.366,0.9182,1.00e+00,1.00e+00,False,False
IPS7100_MHC_001,temperature,day_to_day,2026-04-09,2026-04-10,288,288,2.9,2.9,21.899,23.329,1.4301,4.2015,3.7151,16.4371,29.9377,18.6819,30.1273,0.36,0.8842,1.00e+00,1.00e+00,False,False
IPS7100_MHC_001,temperature,day_to_day,2026-04-10,2026-04-11,288,288,2.9,2.9,23.329,22.6254,-0.7036,3.7151,2.8224,18.6819,30.1273,18.7927,29.6887,-0.2129,0.7597,1.00e+00,1.00e+00,False,False
IPS7100_MHC_001,temperature,day_to_day,2026-04-11,2026-04-12,288,288,2.9,2.9,22.6254,20.4371,-2.1883,2.8224,1.1211,18.7927,29.6887,18.3958,25.7689,-1.0173,0.3972,1.00e+00,1.00e+00,False,False
IPS7100_MHC_001,temperature,day_to_day,2026-04-12,2026-04-13,288,288,2.9,2.9,20.4371,23.3771,2.9399,1.1211,3.6255,18.3958,25.7689,19.215,30.3291,1.0937,3.2338,1.00e+00,1.00e+00,False,False
IPS7100_MHC_001,temperature,day_to_day,2026-04-13,2026-04-14,288,288,2.9,2.9,23.3771,23.8666,0.4896,3.6255,1.6279,19.215,30.3291,21.6611,27.9521,0.1739,0.449,1.00e+00,1.00e+00,False,False
IPS7100_MHC_001,temperature,day_to_day,2026-04-14,2026-04-15,288,288,2.9,2.9,23.8666,23.5338,-0.3329,1.6279,1.7821,21.6611,27.9521,20.6433,26.8,-0.1947,1.0948,1.00e+00,1.00e+00,False,False
IPS7100_MHC_001,temperature,day_to_day,2026-04-15,2026-04-16,288,288,2.9,2.9,23.5338,24.8868,1.353,1.7821,4.2793,20.6433,26.8,19.3854,33.1153,0.4121,2.4012,1.00e+00,1.00e+00,False,False
IPS7100_MHC_001,temperature,day_to_day,2026-04-16,2026-04-17,288,288,2.9,2.9,24.8868,24.6376,-0.2492,4.2793,2.55,19.3854,33.1153,20.4097,29.2493,-0.0706,0.5959,1.00e+00,1.00e+00,False,False
IPS7100_MHC_001,temperature,day_to_day,2026-04-17,2026-04-18,288,288,2.9,2.9,24.6376,17.5814,-7.0562,2.55,6.1137,20.4097,29.2493,9.253,27.415,-1.5038,2.3975,1.00e+00,1.00e+00,False,False
IPS7100_MHC_001,temperature,day_to_day,2026-04-18,2026-04-19,288,288,2.9,2.9,17.5814,15.4179,-2.1635,6.1137,6.9244,9.253,27.415,6.3622,27.0774,-0.3307,1.1326,1.00e+00,1.00e+00,False,False
IPS7100_MHC_001,temperature,day_to_day,2026-04-19,2026-04-20,288,288,2.9,2.9,15.4179,17.7028,2.2848,6.9244,4.7263,6.3622,27.0774,11.4547,26.4689,0.3848,0.6825,1.00e+00,1.00e+00,False,False
IPS7100_MHC_001,temperature,day_to_day,2026-04-20,2026-04-21,288,288,2.9,2.9,17.7028,16.2239,-1.4789,4.7263,2.0231,11.4547,26.4689,13.7643,23.9145,-0.4061,0.428,1.00e+00,1.00e+00,False,False
IPS7100_MHC_001,temperature,day_to_day,2026-04-21,2026-04-22,288,288,2.9,2.9,16.2239,18.2267,2.0029,2.0231,3.9436,13.7643,23.9145,15.3952,28.5919,0.6379,1.9493,1.00e+00,1.00e+00,False,False
IPS7100_MHC_001,temperature,day_to_day,2026-04-22,2026-04-23,288,288,2.9,2.9,18.2267,22.7253,4.4985,3.9436,2.4556,15.3952,28.5919,20.1475,28.516,1.3671,0.6227,1.00e+00,1.00e+00,False,False
IPS7100_MHC_001,temperature,day_to_day,2026-04-23,2026-04-24,288,288,2.9,2.9,22.7253,26.8644,4.1391,2.4556,5.0845,20.1475,28.516,21.9716,37.7121,1.0349,2.0706,1.00e+00,1.00e+00,False,False
IPS7100_MHC_001,temperature,day_to_day,2026-04-24,2026-04-25,288,288,2.9,2.9,26.8644,25.8356,-1.0287,5.0845,4.9822,21.9716,37.7121,19.0054,35.1581,-0.204,0.9799,1.00e+00,1.00e+00,False,False
IPS7100_MHC_001,temperature,day_to_day,2026-04-25,2026-04-26,288,288,2.9,2.9,25.8356,26.4066,0.571,4.9822,2.8159,19.0054,35.1581,22.2336,32.2827,0.1409,0.5652,1.00e+00,1.00e+00,False,False
IPS7100_MHC_001,temperature,day_to_day,2026-04-26,2026-04-27,288,288,2.9,2.9,26.4066,28.919,2.5123,2.8159,5.4052,22.2336,32.2827,23.4153,41.1841,0.5819,1.9195,1.00e+00,1.00e+00,False,False
IPS7100_MHC_001,temperature,day_to_day,2026-04-27,2026-04-28,288,288,2.9,2.9,28.919,25.5068,-3.4122,5.4052,1.9845,23.4153,41.1841,22.4397,30.9579,-0.8366,0.3671,1.00e+00,1.00e+00,False,False
IPS7100_MHC_001,temperature,day_to_day,2026-04-28,2026-04-29,288,288,2.9,2.9,25.5068,19.6629,-5.8439,1.9845,3.3262,22.4397,30.9579,15.5882,27.0429,-2.1301,1.6761,1.00e+00,1.00e+00,False,False
IPS7100_MHC_001,temperature,day_to_day,2026-04-29,2026-04-30,288,288,2.9,2.9,19.6629,16.9435,-2.7194,3.3262,0.6841,15.5882,27.0429,15.1231,18.3602,-1.1306,0.2057,1.00e+00,1.00e+00,False,False
IPS7100_MHC_001,temperature,day_to_day,2026-04-30,2026-05-01,288,288,2.9,2.9,16.9435,16.4388,-0.5047,0.6841,1.9282,15.1231,18.3602,13.9796,20.9786,-0.3483,2.8188,1.00e+00,1.00e+00,False,False
IPS7100_MHC_001,temperature,day_to_day,2026-05-01,2026-05-02,288,288,2.9,2.9,16.4388,20.2104,3.7717,1.9282,7.4423,13.9796,20.9786,12.1735,34.4813,0.6926,3.8597,1.00e+00,1.00e+00,False,False
IPS7100_MHC_001,temperature,day_to_day,2026-05-02,2026-05-03,288,288,2.9,2.9,20.2104,23.1489,2.9384,7.4423,6.0523,12.1735,34.4813,15.5207,33.8042,0.4325,0.8132,1.00e+00,1.00e+00,False,False
IPS7100_MHC_001,temperature,day_to_day,2026-05-03,2026-05-04,288,288,2.9,2.9,23.1489,22.6085,-0.5403,6.0523,3.9848,15.5207,33.8042,17.4478,29.4776,-0.1053,0.6584,1.00e+00,1.00e+00,False,False
IPS7100_MHC_001,temperature,day_to_day,2026-05-04,2026-05-05,288,288,2.9,2.9,22.6085,26.2592,3.6507,3.9848,4.7563,17.4478,29.4776,21.4155,36.7077,0.8306,1.1936,1.00e+00,1.00e+00,False,False
IPS7100_MHC_001,temperature,day_to_day,2026-05-05,2026-05-06,288,288,2.9,2.9,26.2592,16.6958,-9.5634,4.7563,3.5995,21.4155,36.7077,12.2843,27.5662,-2.2635,0.7568,1.00e+00,1.00e+00,False,False
IPS7100_MHC_001,temperature,day_to_day,2026-05-06,2026-05-07,288,288,2.9,2.9,16.6958,18.5979,1.9021,3.5995,6.0078,12.2843,27.5662,12.0533,32.7117,0.3834,1.6691,1.00e+00,1.00e+00,False,False
IPS7100_MHC_001,temperature,day_to_day,2026-05-07,2026-05-08,288,288,2.9,2.9,18.5979,21.2003,2.6023,6.0078,3.9631,12.0533,32.7117,16.9549,30.0529,0.5105,0.6597,1.00e+00,1.00e+00,False,False
IPS7100_MHC_001,temperature,day_to_day,2026-05-08,2026-05-09,288,288,2.9,2.9,21.2003,26.5044,5.3042,3.9631,5.9615,16.9549,30.0529,21.0357,39.3653,1.046,1.5042,1.00e+00,1.00e+00,False,False
IPS7100_MHC_001,temperature,day_to_day,2026-05-09,2026-05-10,288,288,2.9,2.9,26.5044,22.8465,-3.658,5.9615,3.6442,21.0357,39.3653,17.4052,34.1092,-0.7391,0.6113,1.00e+00,1.00e+00,False,False
IPS7100_MHC_001,temperature,day_to_day,2026-05-10,2026-05-11,288,288,2.9,2.9,22.8465,20.7682,-2.0783,3.6442,5.6382,17.4052,34.1092,14.9735,32.0963,-0.437,1.5472,1.00e+00,1.00e+00,False,False
IPS7100_MHC_001,temperature,day_to_day,2026-05-11,2026-05-12,288,288,2.9,2.9,20.7682,24.8388,4.0706,5.6382,6.7892,14.9735,32.0963,16.119,39.4345,0.6512,1.2041,1.00e+00,1.00e+00,False,False
IPS7100_MHC_001,temperature,day_to_day,2026-05-12,2026-05-13,288,288,2.9,2.9,24.8388,26.898,2.0591,6.7892,7.2228,16.119,39.4345,17.4402,41.1572,0.2933,1.0639,1.00e+00,1.00e+00,False,False
IPS7100_MHC_001,temperature,day_to_day,2026-05-13,2026-05-14,288,288,2.9,2.9,26.898,27.8665,0.9686,7.2228,5.2948,17.4402,41.1572,19.9958,37.1744,0.1527,0.7331,1.00e+00,1.00e+00,False,False
IPS7100_MHC_001,temperature,day_to_day,2026-05-14,2026-05-15,288,288,2.9,2.9,27.8665,26.4884,-1.3781,5.2948,3.8915,19.9958,37.1744,20.2517,33.9713,-0.2961,0.735,1.00e+00,1.00e+00,False,False
IPS7100_MHC_001,temperature,day_to_day,2026-05-15,2026-05-16,288,288,2.9,2.9,26.4884,26.9,0.4116,3.8915,3.4549,20.2517,33.9713,21.5781,33.1103,0.1117,0.8878,1.00e+00,1.00e+00,False,False
IPS7100_MHC_001,temperature,day_to_day,2026-05-16,2026-05-17,288,288,2.9,2.9,26.9,27.2213,0.3214,3.4549,2.7237,21.5781,33.1103,23.8119,32.3081,0.1031,0.7884,1.00e+00,1.00e+00,False,False
IPS7100_MHC_001,temperature,day_to_day,2026-05-17,2026-05-18,288,288,2.9,2.9,27.2213,28.491,1.2696,2.7237,2.8746,23.8119,32.3081,25.3296,34.5705,0.4526,1.0554,1.00e+00,1.00e+00,False,False
IPS7100_MHC_001,temperature,day_to_day,2026-05-18,2026-05-19,288,288,2.9,2.9,28.491,26.3646,-2.1264,2.8746,3.2881,25.3296,34.5705,18.8708,33.4811,-0.6873,1.1438,1.00e+00,1.00e+00,False,False
IPS7100_MHC_001,temperature,day_to_day,2026-05-19,2026-05-20,288,288,2.9,2.9,26.3646,22.7247,-3.6399,3.2881,5.3551,18.8708,33.4811,17.7712,35.9832,-0.8177,1.6286,1.00e+00,1.00e+00,False,False
IPS7100_MHC_001,temperature,day_to_day,2026-05-20,2026-05-21,288,288,2.9,2.9,22.7247,23.4475,0.7228,5.3551,1.6548,17.7712,35.9832,20.9168,27.6925,0.1821,0.309,1.00e+00,1.00e+00,False,False
IPS7100_MHC_001,temperature,day_to_day,2026-05-21,2026-05-22,288,288,2.9,2.9,23.4475,26.5075,3.06,1.6548,6.5147,20.9168,27.6925,20.5626,43.0561,0.6427,3.9368,1.00e+00,1.00e+00,False,False
IPS7100_MHC_001,temperature,day_to_day,2026-05-22,2026-05-23,288,288,2.9,2.9,26.5075,27.0641,0.5567,6.5147,5.3768,20.5626,43.0561,18.3903,36.9281,0.093,0.8253,1.00e+00,1.00e+00,False,False
IPS7100_MHC_001,temperature,day_to_day,2026-05-23,2026-05-24,288,288,2.9,2.9,27.0641,26.5593,-0.5048,5.3768,4.5933,18.3903,36.9281,20.8493,36.9408,-0.1008,0.8543,1.00e+00,1.00e+00,False,False
IPS7100_MHC_001,temperature,day_to_day,2026-05-24,2026-05-25,288,288,2.9,2.9,26.5593,26.5565,-0.0029,4.5933,4.2103,20.8493,36.9408,21.2915,36.5792,-0.0006,0.9166,1.00e+00,1.00e+00,False,False
IPS7100_MHC_001,temperature,day_to_day,2026-05-25,2026-05-26,288,288,2.9,2.9,26.5565,26.5196,-0.0369,4.2103,4.0349,21.2915,36.5792,21.5072,35.2808,-0.0089,0.9583,1.00e+00,1.00e+00,False,False
IPS7100_MHC_001,temperature,day_to_day,2026-05-26,2026-05-27,288,288,2.9,2.9,26.5196,24.037,-2.4826,4.0349,4.0106,21.5072,35.2808,19.673,34.2052,-0.6161,0.994,1.00e+00,1.00e+00,False,False
